pdb	source	status	old_smiles	new_smiles
1a4h	mol2	ok	oc(O[C@@H]1[C@@H](OC)/C=C\C=C(/C)\C(=O)NC2=CC(=O)C(=C(C[C@H](C)C[C@H](OC)[C@H](O)[C@@H](C)/C=C/1\C)C2=O)OC)N	COC1=C2C[C@H](C)C[C@H](OC)[C@H](O)[C@@H](C)/C=C(\C)[C@H](O[C](N)[O-])[C@@H](OC)/C=C\C=C(/C)C(=O)NC(=CC1=O)C2=O
1a4k	mol2	ok	oc(OCC(=O)[O-])N[C@]12CC[C@H](CC1)[C@H]1C(=O)N(C(=O)[C@@H]21)c1ccc(NC(=O)C)cc1	CC(=O)Nc1ccc(N2C(=O)[C@@H]3[C@H]4CC[C@](N[C]([O-])OCC(=O)[O-])(CC4)[C@@H]3C2=O)cc1
1a7t	mol2	ok	s([o])([o])([o])CC[N+]1CCOCC1	O=S(=O)([O-])CC[N+]1CCOCC1
1a7x	mol2	ok	oc(OCC[C@@H]1/C=C(\C)/C[C@H](C)C[C@H](OC)[C@H]2O[C@@](O)(C(=O)C(=O)N3CCCC[C@H]3c(o)O[C@H](/C(=C/[C@@H]3CC[C@@H](O)[C@H](OC)C3)/C)[C@H](C)[C@@H](O)CC1=O)[C@H](C)C[C@@H]2OC)NCc1ccccc1	CO[C@H]1C[C@@H](C)C/C(C)=C/[C@@H](CCO[C]([O-])NCc2ccccc2)C(=O)C[C@H](O)[C@@H](C)[C@@H](/C(C)=C/[C@@H]2CC[C@@H](O)[C@H](OC)C2)O[C]([O-])[C@@H]2CCCCN2C(=O)C(=O)[C@]2(O)O[C@H]1[C@@H](OC)C[C@H]2C
1aaq	mol2	ok	oc(OC)[C@@H](NC(=O)[C@@H](NC(=O)CC[C@H](O)[C@@H](NC(=O)[C@@H](NC(=O)[C@@H]([NH3+])C)C)Cc1ccccc1)C(C)C)C(C)C	CO[C]([O-])[C@@H](NC(=O)[C@@H](NC(=O)CC[C@H](O)[C@H](Cc1ccccc1)NC(=O)[C@H](C)NC(=O)[C@H](C)[NH3+])C(C)C)C(C)C
1aj6	mol2	ok	CO[C@@H]1[C@@H](Oc(N)o)[C@@H](O)[C@@H](OC1(C)C)Oc1c(C)c2c(cc1)C(=C(c(O2)o)NC(=O)c1cc(c(O)cc1)CC=C(C)C)O	CO[C@@H]1[C@@H](O[C](N)[O-])[C@@H](O)[C@H](Oc2ccc3c(c2C)O[C]([O-])C(NC(=O)c2ccc(O)c(CC=C(C)C)c2)=C3O)OC1(C)C
1au0	mol2	ok	oc(OCc1ccccc1)N[C@@H](CC(C)C)C(=O)NCC(=O)CNC(=O)[C@@H](Nc(o)OCc1ccccc1)CC(C)C	CC(C)C[C@H](N[C]([O-])OCc1ccccc1)C(=O)NCC(=O)CNC(=O)[C@H](CC(C)C)N[C]([O-])OCc1ccccc1
1awf	mol2	ok	OC[C@@H]1O[C@H](Oc(o)[C@]2(C)[C@H](Oc(o)C)CC[C@]3(C)[C@H]4C[C@H](O)[C@@]5(C)[C@@H]([C@@H](O)C[C@]5(CO)C4=CC[C@@H]23)[C@H](C(=O)[O-])CC(=O)C=C(C)C)[C@@H](O)[C@H](O)[C@H]1O	C[C]([O-])O[C@@H]1CC[C@@]2(C)[C@@H](CC=C3[C@@H]2C[C@H](O)[C@@]2(C)[C@H]([C@@H](CC(=O)C=C(C)C)C(=O)[O-])[C@@H](O)C[C@]32CO)[C@]1(C)[C]([O-])O[C@H]1O[C@@H](CO)[C@H](O)[C@@H](O)[C@@H]1O
1awh	mol2	ok	[O-]C(=O)[C@H](CC(=O)C=C(C)C)[C@@H]1[C@@H](O)C[C@]2(C)C3=CC[C@@H]4[C@](C)(CC[C@@H](Oc(o)C)[C@@]4(C)C(=O)[O-])[C@H]3CC[C@@]12C	C[C]([O-])O[C@@H]1CC[C@@]2(C)[C@@H](CC=C3[C@@H]2CC[C@@]2(C)[C@H]([C@@H](CC(=O)C=C(C)C)C(=O)[O-])[C@@H](O)C[C@]32C)[C@]1(C)C(=O)[O-]
1ayu	mol2	ok	oc(OCc1ccccc1)N[C@@H](CC(C)C)C(=O)NNC(=O)NNC(=O)[C@@H](Nc(o)OCc1ccccc1)CC(C)C	CC(C)C[C@H](N[C]([O-])OCc1ccccc1)C(=O)NNC(=O)NNC(=O)[C@H](CC(C)C)N[C]([O-])OCc1ccccc1
1ayv	mol2	ok	S1C=C(N=C1[C@@H](Nc(o)OCc1ccccc1)CC(C)C)C(=O)NNC(=O)[C@@H](Nc(o)OCc1ccccc1)CC(C)C	CC(C)C[C@H](N[C]([O-])OCc1ccccc1)C(=O)NNC(=O)c1csc([C@H](CC(C)C)N[C]([O-])OCc2ccccc2)n1
1b11	mol2	ok	OC[C@@H](NC(=O)[C@@H](NC(=O)[C@@H](Nc(o)OCc1ccccc1)C)C(C)C)Cc1ccccc1	CC(C)[C@H](NC(=O)[C@H](C)N[C]([O-])OCc1ccccc1)C(=O)N[C@H](CO)Cc1ccccc1
1b4d	mol2	ok	OC[C@H]1O[C@](Nc(o)OC)(C(=O)N)[C@H](O)[C@@H](O)[C@@H]1O	CO[C]([O-])N[C@]1(C(N)=O)O[C@H](CO)[C@@H](O)[C@H](O)[C@H]1O
1b6m	mol2	ok	oc(OC(C)(C)C)N[C@@H](Cc1ccccc1)[C@H](O)C[NH2+][C@H]1Cc2ccc(OCCCNC(=O)[C@@H](NC1=O)[C@@H](C)CC)cc2	CC[C@H](C)[C@@H]1NC(=O)[C@@H]([NH2+]C[C@@H](O)[C@H](Cc2ccccc2)N[C]([O-])OC(C)(C)C)Cc2ccc(cc2)OCCCNC1=O
1bdl	mol2	ok	oc(OC(C)(C)C)N[C@@H](Cc1ccccc1)[C@@H](O)C[C@@H](Cc1ccccc1)C(=O)N[C@@H](CC)C1=[NH]C=CN1	CC[C@H](NC(=O)[C@H](Cc1ccccc1)C[C@H](O)[C@H](Cc1ccccc1)N[C]([O-])OC(C)(C)C)c1[nH]cc[nH+]1
1bdq	mol2	ok	oc(OC(C)(C)C)N[C@@H](Cc1ccccc1)[C@@H](O)C[C@@H](Cc1ccccc1)C(=O)N[C@@H](CC)C1=[NH]C=CN1	CC[C@H](NC(=O)[C@H](Cc1ccccc1)C[C@H](O)[C@H](Cc1ccccc1)N[C]([O-])OC(C)(C)C)c1[nH]cc[nH+]1
1bdr	mol2	ok	oc(OC(C)(C)C)N[C@@H](Cc1ccccc1)[C@@H](O)C[C@@H](Cc1ccccc1)C(=O)N[C@H](C1=[NH]C=CN1)C(C)C	CC(C)[C@H](NC(=O)[C@H](Cc1ccccc1)C[C@H](O)[C@H](Cc1ccccc1)N[C]([O-])OC(C)(C)C)c1[nH]cc[nH+]1
1bgq	mol2	ok	c1(-c2c(cc(c(c2CC(=O)/C=C/C=C\[C@@H]2[C@@H](C[C@@H](C)O1)O2)Cl)O)O)o	C[C@@H]1C[C@H]2O[C@@H]2/C=C\C=C\C(=O)Cc2c(Cl)c(O)cc(O)c2[C]([O-])O1
1bl4	mol2	ok	[O-]C(=O)COc1cccc(c1)[C@H](Oc(o)[C@H]1N(CCCC1)C(=O)[C@@H](CC)c1cc(OC)c(OC)c(OC)c1)CCc1ccc(OC)c(OC)c1	CC[C@H](C(=O)N1CCCC[C@H]1[C]([O-])O[C@H](CCc1ccc(OC)c(OC)c1)c1cccc(OCC(=O)[O-])c1)c1cc(OC)c(OC)c(OC)c1
1bq3	mol2	ok	p([o])([o])(o)O[C@@H]1[C@H](Op([o])([o])o)[C@H](Op([o])([o])o)[C@H](Op([o])([o])o)[C@H](Op([o])([o])o)[C@H]1Op([o])([o])o	O=P([O-])([O-])O[C@H]1[C@@H](OP(=O)([O-])[O-])[C@@H](OP(=O)([O-])[O-])[C@@H](OP(=O)([O-])[O-])[C@@H](OP(=O)([O-])[O-])[C@@H]1OP(=O)([O-])[O-]
1bqm	mol2	ok	S=C1Nc2ccc(OC)cc2N(c(o)OC(C)C)[C@H]1CSC	COc1ccc2c(c1)N([C]([O-])OC(C)C)[C@@H](CSC)C(=S)N2
1bqn	mol2	ok	S=C1Nc2ccc(OC)cc2N(c(o)OC(C)C)[C@H]1CSC	COc1ccc2c(c1)N([C]([O-])OC(C)C)[C@@H](CSC)C(=S)N2
1bsk	mol2	ok	p([o])([o])O[C@@H](CCCC)C(=O)N[C@@H](CC(C)C)C(=O)Nc1ccc(N(=O)=O)cc1	CCCC[C@H](O[P+](=O)[O-])C(=O)N[C@@H](CC(C)C)C(=O)Nc1ccc([N+](=O)[O-])cc1
1bxo	mol2	ok	p1([o])(o)O[C@@H](Cc2cccc(c2)CNC(=O)C[C@H](NC(=O)[C@@H](NC(=O)CC(C)C)C(C)C)C(=O)N[C@H]1CC(C)C)c(o)OC	CO[C]([O-])[C@@H]1Cc2cccc(c2)CNC(=O)C[C@H](NC(=O)[C@@H](NC(=O)CC(C)C)C(C)C)C(=O)N[C@@H](CC(C)C)[P@](=O)([O-])O1
1bxq	mol2	ok	p([o])(o)(O[C@@H](Cc1ccccc1)c(o)OC)[C@@H](NC(=O)[C@@H](NC(=O)[C@@H](NC(=O)CC(C)C)C(C)C)CC(=O)N)CC(C)C	CO[C]([O-])[C@H](Cc1ccccc1)O[P@@](=O)([O-])[C@H](CC(C)C)NC(=O)[C@H](CC(N)=O)NC(=O)[C@@H](NC(=O)CC(C)C)C(C)C
1bzy	mol2	ok	p([o])([o])(o)OC[C@H]1[NH+][C@H]([C@H](O)[C@@H]1O)C1=CNC2=C1N=C(N)NC2=O	Nc1nc2c([C@@H]3[NH+][C@H](COP(=O)([O-])[O-])[C@@H](O)[C@H]3O)c[nH]c2c(=O)[nH]1
1c1r	mol2	ok	c1(ccc2c(c1)NC(=N2)CC1=Nc2c(cccc2)N1)[c]([nH2])[nH2]	NC(=[NH2+])c1ccc2nc(Cc3nc4ccccc4[nH]3)[nH]c2c1
1c4v	mol2	ok	N(C[C@H]1CC[C@H]([c]([nH2])[nH2])CC1)C(=O)[C@H]1N2N(CC(=C1)C)C(=O)N(C2=O)CC(c1ccccc1)c1ccccc1	CC1=C[C@@H](C(=O)NC[C@H]2CC[C@H](C(N)=[NH2+])CC2)n2c(=O)n(CC(c3ccccc3)c3ccccc3)c(=O)n2C1
1c8l	mol2	ok	Clc1ccccc1[C@@H]1C(=C(N(CC)C(=C1C(=O)[O-])C(=O)[O-])C)c(o)OC(C)C	CCN1C(C)=C([C]([O-])OC(C)C)[C@@H](c2ccccc2Cl)C(C(=O)[O-])=C1C(=O)[O-]
1c9d	mol2	ok	S(CCCCp([o])([o])o)c1cc(F)ccc1O	O=P([O-])([O-])CCCCSc1cc(F)ccc1O
1cgl	mol2	ok	oc(OCc1ccccc1)NCC[C@@H]([NH2+][C@@H](CC(C)C)C(=O)N[C@@H](Cc1ccccc1)C(=O)NCC[N+]1CCOCC1)C(=O)[O-]	CC(C)C[C@H]([NH2+][C@H](CCN[C]([O-])OCc1ccccc1)C(=O)[O-])C(=O)N[C@@H](Cc1ccccc1)C(=O)NCC[N+]1CCOCC1
1cj1	mol2	ok	p([o])([o])(o)Oc1ccc(cc1)C[C@H](Nc(o)OCc1cccc(N)c1)C(=O)NC1(CCCCC1)C(=O)N[C@@H]1C=CCC[C@@H]1C(=O)N	NC(=O)[C@H]1CCC=C[C@H]1NC(=O)C1(NC(=O)[C@H](Cc2ccc(OP(=O)([O-])[O-])cc2)N[C]([O-])OCc2cccc(N)c2)CCCCC1
1cqp	mol2	ok	oc1O[C@H](CC[C@H]2[C@@H](C)C=CC3=C[C@H](C)C[C@H](Oc(o)[C@@H](C)CC)[C@H]23)C[C@@H](O)C1	CC[C@H](C)[C]([O-])O[C@H]1C[C@@H](C)C=C2C=C[C@H](C)[C@H](CC[C@@H]3C[C@@H](O)C[C]([O-])O3)[C@H]21
1cw2	mol2	ok	[S@@](=O)(CCCCp([o])([o])o)c1ccccc1O	O=[S@](CCCCP(=O)([O-])[O-])c1ccccc1O
1cx9	mol2	ok	S(CCCCp([o])([o])o)c1ccccc1N	Nc1ccccc1SCCCCP(=O)([O-])[O-]
1d1p	mol2	ok	s([o])([o])([o])CC[N@+]1CC[N@H+](CCO)CC1	O=S(=O)([O-])CC[N+]1CC[NH+](CCO)CC1
1d4y	mol2	ok	O1c(C(=C(C[C@@]1(CCC)CCc1ccccc1)O)[C@H](CC)c1cccc(NS(=O)(=O)c2ncc(cc2)C(F)(F)F)c1)o	CCC[C@@]1(CCc2ccccc2)CC(O)=C([C@H](CC)c2cccc(NS(=O)(=O)c3ccc(C(F)(F)F)cn3)c2)[C]([O-])O1
1d8f	mol2	ok	S(=O)(=O)(N1CCN(C[C@@H]1C(=O)NO)c(o)OCc1ccccc1)c1ccc(OC)cc1	COc1ccc(S(=O)(=O)N2CCN([C]([O-])OCc3ccccc3)C[C@@H]2C(=O)NO)cc1
1dg9	mol2	ok	s([o])([o])([o])CC[N@@+]1CC[N@@H+](CCO)CC1	O=S(=O)([O-])CC[N+]1CC[NH+](CCO)CC1
1drv	mol2	ok	p([o])(o)(OC[C@H]1O[C@H]([C@@H]([C@@H]1O)O)N1C=Nc2c(N)ncnc12)Op([o])(o)OC[C@H]1O[C@H]([C@@H]([C@@H]1O)O)N1C=C(C(=O)C)CC=C1	CC(=O)C1=CN([C@@H]2O[C@H](CO[P@@](=O)([O-])O[P@](=O)([O-])OC[C@H]3O[C@@H](n4cnc5c(N)ncnc54)[C@H](O)[C@@H]3O)[C@@H](O)[C@H]2O)C=CC1
1dzm	mol2	ok	oc(OCc1ccccc1)c1ccccc1	[O-][C](OCc1ccccc1)c1ccccc1
1ebg	mol2	ok	p([o])([o])(o)CC(=O)NO	O=C(CP(=O)([O-])[O-])NO
1eed	mol2	ok	oc(OC(C)(C)C)N[C@@H](Cc1ccccc1)[C@@H](O)CCC(=O)N[C@@H](CC1CCCCC1)[C@@H](O)CC(=O)N[C@@H](CC(C)C)C(=O)[O-]	CC(C)C[C@H](NC(=O)C[C@H](O)[C@H](CC1CCCCC1)NC(=O)CC[C@H](O)[C@H](Cc1ccccc1)N[C]([O-])OC(C)(C)C)C(=O)[O-]
1ent	mol2	ok	[P@@](=O)(O)(CC(=O)NC[C@@H](C)CC)[C@@H](NC(=O)[C@@H](NC(=O)[C@@H](Nc(o)OC(C)(C)C)Cc1ccccc1)CC1=CNC=[NH]1)CC(C)C	CC[C@H](C)CNC(=O)C[P@@](=O)(O)[C@H](CC(C)C)NC(=O)[C@H](Cc1c[nH]c[nH+]1)NC(=O)[C@H](Cc1ccccc1)N[C]([O-])OC(C)(C)C
1eol	mol2	ok	s([o])([o])(c1ccc(cc1)C(C)(C)C)N[C@H](C(=O)N1CCCC[C@@H]1C(=O)N[C@H](C(=O)NCCCCCCCCCCCC(=O)N[C@H](C(=O)N[C@H](C(=O)N[C@H](C(=O)N1CCC[C@H]1C(=O)N[C@H](C(=O)N1CCC[C@H]1C(=O)N[C@H](C(=O)N[C@H](C(=O)N[C@@H](C)C(=O)N[C@@H](C)C(=O)[O-])CCC(=O)[O-])CCC(=O)[O-])[C@@H](C)CC)CCC(=O)[O-])Cc1ccc(O)cc1)CC(=O)[O-])CCCC)CCC[nH][c]([nH2])[nH2]	CCCC[C@H](NC(=O)[C@H]1CCCCN1C(=O)[C@H](CCCNC(N)=[NH2+])N[S@@+](=O)([O-])c1ccc(C(C)(C)C)cc1)C(=O)NCCCCCCCCCCCC(=O)N[C@@H](CC(=O)[O-])C(=O)N[C@@H](Cc1ccc(O)cc1)C(=O)N[C@@H](CCC(=O)[O-])C(=O)N1CCC[C@H]1C(=O)N[C@H](C(=O)N1CCC[C@H]1C(=O)N[C@@H](CCC(=O)[O-])C(=O)N[C@@H](CCC(=O)[O-])C(=O)N[C@@H](C)C(=O)N[C@@H](C)C(=O)[O-])[C@@H](C)CC
1eou	mol2	ok	S1(=O)(=O)O[C@@H]2CO[C@]3(OC(O[C@H]3[C@@H]2O1)(C)C)COs([o])([o])N	CC1(C)O[C@H]2[C@@H]3OS(=O)(=O)O[C@@H]3CO[C@@]2(CO[S@@+](N)(=O)[O-])O1
1esz	mol2	ok	[O]N(CCC[C@@H]1NC(=O)[C@@H](NC1=O)CCCN([O])C(=O)CC(=C)CCO)C(=O)/C=C/CCOc(o)[C@H](NC(=O)C)CCCN([O])C(=O)C[C@@H](C)CCO.[Fe+3]	C=C(CCO)CC(=O)N([O-])CCC[C@@H]1NC(=O)[C@H](CCCN([O-])C(=O)/C=C/CCO[C]([O-])[C@@H](CCCN([O-])C(=O)C[C@@H](C)CCO)NC(C)=O)NC1=O.[Fe+]
1ew8	mol2	ok	p([o])([o])(o)CC(=O)[O-]	O=C([O-])CP(=O)([O-])[O-]
1ew9	mol2	ok	SCp([o])([o])o	O=P([O-])([O-])CS
1ewj	mol2	ok	NC(=O)[C@H](C[NH2+][C@@H](CC(=O)N)c1nc(c(c(n1)N)C)C(=O)N[C@H](C(=O)N[C@H](C)[C@H]([C@@H](C(=O)N[C@H](C(=O)NCCC1=NC(=CS1)C1=NC(=CS1)C(=O)NCCC[S](C)C)[C@H](O)C)C)O)[C@H](C1=CN=CN1)O[C@@H]1O[C@@H](CO)[C@@H](O)[C@H](O)[C@@H]1O[C@@H]1[C@H]([C@H]([C@@H]([C@H](O1)CO)O)Oc(N)o)O)[NH3+]	Cc1c(N)nc([C@H](CC(N)=O)[NH2+]C[C@H]([NH3+])C(N)=O)nc1C(=O)N[C@H](C(=O)N[C@H](C)[C@@H](O)[C@H](C)C(=O)N[C@H](C(=O)NCCc1nc(-c2nc(C(=O)NCCC[S+](C)C)cs2)cs1)[C@@H](C)O)[C@@H](O[C@@H]1O[C@@H](CO)[C@@H](O)[C@H](O)[C@@H]1O[C@H]1O[C@H](CO)[C@@H](O)[C@H](O[C](N)[O-])[C@@H]1O)c1cnc[nH]1
1ezq	mol2	ok	oc(OC)[C@H](Cc1cccc(c1)[c]([nH2])[nH2])[C@H](NC(=O)c1ccc(cc1)c1cccc(C[NH3+])c1)C	CO[C]([O-])[C@H](Cc1cccc(C(N)=[NH2+])c1)[C@@H](C)NC(=O)c1ccc(-c2cccc(C[NH3+])c2)cc1
1f0u	mol2	ok	oc(OC)[C@H](Cc1cccc(c1)[c]([nH2])[nH2])[C@H](NC(=O)c1ccc(cc1)c1cccc(C[NH3+])c1)C	CO[C]([O-])[C@H](Cc1cccc(C(N)=[NH2+])c1)[C@@H](C)NC(=O)c1ccc(-c2cccc(C[NH3+])c2)cc1
1f40	mol2	ok	oc(OCCCc1cnccc1)[C@H]1N(CCC1)C(=O)C(=O)C(C)(C)CC	CCC(C)(C)C(=O)C(=O)N1CCC[C@H]1[C]([O-])OCCCc1cccnc1
1f9e	mol2	ok	c(o)(OCc1ccccc1)N[C@H](CC(=O)[O-])C(=O)N[C@H](C(=O)N[C@H](C(=O)N[C@H](C=O)CC(=O)[O-])C(C)C)CCC(=O)[O-]	CC(C)[C@H](NC(=O)[C@H](CCC(=O)[O-])NC(=O)[C@@H](CC(=O)[O-])N[C]([O-])OCc1ccccc1)C(=O)N[C@H](C=O)CC(=O)[O-]
1f9g	mol2	ok	OC[C@@H](O)[C@H]1Oc(o)C(=O)C1=O	O=C1[C]([O-])O[C@H]([C@H](O)CO)C1=O
1fkb	mol2	ok	oc1O[C@@H](CC(=O)[C@H](C)/C=C(\C)/[C@@H](O)[C@@H](OC)C(=O)[C@H](C)C[C@H](C)/C=C/C=C/C=C(\C)/[C@@H](OC)C[C@H]2O[C@@](O)(C(=O)C(=O)N3CCCC[C@@H]13)[C@H](C)CC2)[C@H](C)C[C@@H]1CC[C@@H](O)[C@H](OC)C1	CO[C@H]1C[C@@H]2CC[C@@H](C)[C@@](O)(O2)C(=O)C(=O)N2CCCC[C@H]2[C]([O-])O[C@H]([C@H](C)C[C@@H]2CC[C@@H](O)[C@H](OC)C2)CC(=O)[C@H](C)/C=C(\C)[C@@H](O)[C@@H](OC)C(=O)[C@H](C)C[C@H](C)/C=C/C=C/C=C/1C
1fkf	mol2	ok	oc1O[C@H](/C(=C/[C@@H]2CC[C@@H](O)[C@H](OC)C2)/C)[C@H](C)[C@@H](O)CC(=O)[C@H](CC=C)/C=C(\C)/C[C@H](C)C[C@H](OC)[C@H]2O[C@@](O)(C(=O)C(=O)N3CCCC[C@@H]13)[C@H](C)C[C@@H]2OC	C=CC[C@@H]1/C=C(\C)C[C@H](C)C[C@H](OC)[C@H]2O[C@@](O)(C(=O)C(=O)N3CCCC[C@H]3[C]([O-])O[C@H](/C(C)=C/[C@@H]3CC[C@@H](O)[C@H](OC)C3)[C@H](C)[C@@H](O)CC1=O)[C@H](C)C[C@@H]2OC
1fkg	mol2	ok	oc(O[C@H](CCc1ccccc1)c1ccccc1)[C@H]1N(CCCC1)C(=O)C(=O)C(C)(C)CC	CCC(C)(C)C(=O)C(=O)N1CCCC[C@H]1[C]([O-])O[C@H](CCc1ccccc1)c1ccccc1
1fkh	mol2	ok	oc(O[C@H](CCc1ccccc1)C1CCCCC1)[C@H]1N(CCCC1)C(=O)C(=O)C(C)(C)CC	CCC(C)(C)C(=O)C(=O)N1CCCC[C@H]1[C]([O-])O[C@H](CCc1ccccc1)C1CCCCC1
1fki	mol2	ok	oc1OCC(C)(C)C(=O)C(=O)N2CCCC[C@H]2c(o)OCCCCCCCCCCC1	CC1(C)CO[C]([O-])CCCCCCCCCCCO[C]([O-])[C@@H]2CCCCN2C(=O)C1=O
1fq7	mol2	ok	oc(OC(C)(C)C)N[C@@H](Cc1ccccc1)C(=O)N[C@@H](CC1=C[NH]=CN1)C(=O)N[C@@H](CC1CCCCC1)[C@@H](O)C[C@@H](CC(C)C)C(=O)NC	CNC(=O)[C@H](CC(C)C)C[C@H](O)[C@H](CC1CCCCC1)NC(=O)[C@H](Cc1c[nH+]c[nH]1)NC(=O)[C@H](Cc1ccccc1)N[C]([O-])OC(C)(C)C
1g2l	mol2	ok	oc(OCC)CO/N=C(/c1ncccc1)\C1(CC1)c1ccc2N(C)C(=Nc2c1)CNc1ccc(cc1)[c]([nH2])[nH2]	CCO[C]([O-])CO/N=C(/c1ccccn1)C1(c2ccc3c(c2)nc(CNc2ccc(C(N)=[NH2+])cc2)n3C)CC1
1g30	mol2	ok	oc(OCC)CO/N=C(/c1ncccc1)\C1(CC1)c1ccc2N(C)C(=Nc2c1)CNc1ccc(cc1)[c]([nH2])[nH2]	CCO[C]([O-])CO/N=C(/c1ccccn1)C1(c2ccc3c(c2)nc(CNc2ccc(C(N)=[NH2+])cc2)n3C)CC1
1g35	mol2	ok	S1(=O)(=O)N(Cc2ccc(CO)cc2)[C@H](COc2ccccc2)[C@H](O)[C@@H](O)[C@H](N1Cc1ccc(cc1)c(o)OC)COc1ccccc1	CO[C]([O-])c1ccc(CN2[C@H](COc3ccccc3)[C@H](O)[C@@H](O)[C@@H](COc3ccccc3)N(Cc3ccc(CO)cc3)S2(=O)=O)cc1
1g37	mol2	ok	S(=O)(=O)(N1CC(=O)N2[C@H](C1)CC[C@H]2C(=O)N[C@H](C(=O)c(o)OCCCC)[C@H]1CC[C@H]([NH3+])CC1)Cc1ccccc1	CCCCO[C]([O-])C(=O)[C@@H](NC(=O)[C@@H]1CC[C@H]2CN(S(=O)(=O)Cc3ccccc3)CC(=O)N21)[C@H]1CC[C@H]([NH3+])CC1
1g9b	mol2	ok	c1(ccc2c(c1)N=C(CC1=Nc3ccc(cc3N1)[c]([nH2])[nH2])N2)[c]([nH2])[nH2]	NC(=[NH2+])c1ccc2[nH]c(Cc3nc4ccc(C(N)=[NH2+])cc4[nH]3)nc2c1
1g9c	mol2	ok	c1(ccc2c(c1)N=C(CC1=Nc3ccc(cc3N1)[c]([nH2])[nH2])N2)[c]([nH2])[nH2]	NC(=[NH2+])c1ccc2[nH]c(Cc3nc4ccc(C(N)=[NH2+])cc4[nH]3)nc2c1
1g9r	mol2	ok	p([o])(o)(op([o])(o)O[C@H]1O[C@H](CO)[C@H](O)[C@H](O)[C@H]1F)OC[C@H]1O[C@@H](N2C=CC(=O)NC2=O)[C@H](O)[C@@H]1O	O=c1ccn([C@@H]2O[C@H](CO[P@@](=O)([O-])[O-]:[P@@+](=O)([O-])O[C@H]3O[C@H](CO)[C@H](O)[C@H](O)[C@H]3F)[C@@H](O)[C@H]2O)c(=O)[nH]1
1gcz	mol2	ok	oc(OCC)C1=Cc2ccc(O)cc2Oc1o	CCO[C]([O-])C1=Cc2ccc(O)cc2O[C]1[O-]
1ghy	mol2	ok	c1(ccc2c(c1)NC(=N2)[c]1[nH]cccc1O)[c]([nH2])[nH2]	NC(=[NH2+])c1ccc2nc(-c3[nH+]cccc3O)[nH]c2c1
1gvw	mol2	ok	p([o])(o)(CC(=O)NC[C@@H](C)CC)[C@@H](NC(=O)[C@@H](NC(=O)[C@@H](Nc(o)OC(C)(C)C)Cc1ccccc1)CC1=C[NH]=CN1)CC(C)C	CC[C@H](C)CNC(=O)C[P@@](=O)([O-])[C@H](CC(C)C)NC(=O)[C@H](Cc1c[nH+]c[nH]1)NC(=O)[C@H](Cc1ccccc1)N[C]([O-])OC(C)(C)C
1h6h	mol2	ok	p([o])([o])(o)O[C@@H]1[C@@H](O)[C@H](O)[C@@H](O)[C@H](Op([o])(o)OC[C@@H](Oc(o)CCC)COc(o)CCC)[C@@H]1O	CCC[C]([O-])OC[C@@H](CO[P@@](=O)([O-])O[C@@H]1[C@H](O)[C@H](OP(=O)([O-])[O-])[C@@H](O)[C@H](O)[C@H]1O)O[C]([O-])CCC
1h79	mol2	ok	p([o])([o])(o)op([o])(o)op([o])(o)OC[C@H]1O[C@@H](N2C=C(C)C(=O)NC2=O)C[C@@H]1O	Cc1cn([C@H]2C[C@H](O)[C@@H](CO[P@+](=O)([O-]):[O-][P@+](=O)([O-]):[O-]P(=O)([O-])[O-])O2)c(=O)[nH]c1=O
1h9z	mol2	ok	c12C(=C([C@H](CC(=O)C)c3ccccc3)c(Oc2cccc1)o)O	CC(=O)C[C@@H](C1=C(O)c2ccccc2O[C]1[O-])c1ccccc1
1ha2	mol2	ok	CC(=O)C[C@@H](c1ccccc1)C1=C(O)c2ccccc2Oc1o	CC(=O)C[C@H](C1=C(O)c2ccccc2O[C]1[O-])c1ccccc1
1hbv	mol2	ok	oc(OC)[C@@H](NC(=O)[C@@H](NC(=O)[C@@H]([N@@H+]1CCC(=C[C@H](C1)Cc1ccccc1)[C@@H](NC(=O)[C@@H]([NH3+])C)C)C)C(C)C)C(C)C	CO[C]([O-])[C@@H](NC(=O)[C@@H](NC(=O)[C@H](C)[N@@H+]1CCC([C@H](C)NC(=O)[C@H](C)[NH3+])=C[C@@H](Cc2ccccc2)C1)C(C)C)C(C)C
1hdt	mol2	ok	oc(OC)[C@@H](NC(=O)[C@@H](NC(=O)[C@@H](NC(=O)CCC[nH][c]([nH2])[nH2])Cc1ccccc1)[C@@H](O)C)Cc1ccccc1	CO[C]([O-])[C@H](Cc1ccccc1)NC(=O)[C@@H](NC(=O)[C@H](Cc1ccccc1)NC(=O)CCCNC(N)=[NH2+])[C@H](C)O
1hef	mol2	ok	O=C([C@@H]([NH3+])C)N[C@@H](C)C(=O)N[C@@H](Cc1ccccc1)[C@@H](O)C[C@H](C(=O)N[C@H](C(=O)N[C@H](c(o)OC)C(C)C)C(C)C)Cc1ccccc1	CO[C]([O-])[C@@H](NC(=O)[C@@H](NC(=O)[C@H](Cc1ccccc1)C[C@H](O)[C@H](Cc1ccccc1)NC(=O)[C@H](C)NC(=O)[C@H](C)[NH3+])C(C)C)C(C)C
1heg	mol2	ok	oc1OCC[C@H](C)[C@@H]1NC(=O)[C@@H](NC(=O)CC[C@H](O)[C@@H](NC(=O)[C@@H](NC(=O)[C@@H]([NH3+])C)C)Cc1ccccc1)C(C)C	CC(C)[C@H](NC(=O)CC[C@H](O)[C@H](Cc1ccccc1)NC(=O)[C@H](C)NC(=O)[C@H](C)[NH3+])C(=O)N[C@@H]1[C]([O-])OCC[C@@H]1C
1hgi	mol2	ok	oc(O[C@H]1C[C@@](OC)(O[C@@H]([C@H](O)[C@H](O)CO)[C@@H]1NC(=O)C)C(=O)[O-])C	CO[C@]1(C(=O)[O-])C[C@H](O[C](C)[O-])[C@@H](NC(C)=O)[C@H]([C@H](O)[C@H](O)CO)O1
1hkm	mol2	ok	[C@@H]1([C@@H]([C@@H]([C@@H]([C@@H](CO)O1)O)O)NC(=O)C)O[C@H]1[C@H]([C@H]([C@@H](O[C@@H]1CO)O[C@H]1[C@@H]([C@@H]2[C@H]([C@@H]1CO)OC(=N2)[NH]=C)O)NC(=O)C)O	C=[NH+]C1=N[C@@H]2[C@@H](O)[C@H](O[C@@H]3O[C@H](CO)[C@@H](O[C@@H]4O[C@H](CO)[C@@H](O)[C@@H](O)[C@H]4NC(C)=O)[C@@H](O)[C@H]3NC(C)=O)[C@@H](CO)[C@@H]2O1
1hos	mol2	ok	[P@](=O)(O)([C@@H](NC(=O)[C@@H](Nc(o)OCc1ccccc1)C(C)C)Cc1ccccc1)[C@@H](NC(=O)[C@@H](Nc(o)OCc1ccccc1)C(C)C)Cc1ccccc1	CC(C)[C@H](N[C]([O-])OCc1ccccc1)C(=O)N[C@@H](Cc1ccccc1)P(=O)(O)[C@H](Cc1ccccc1)NC(=O)[C@@H](N[C]([O-])OCc1ccccc1)C(C)C
1hpo	mol2	ok	C1(=C(C2=C(Oc1o)CCCCCC2)O)[C@H](c1cccc(c1)NS(=O)(=O)c1ccc(cc1)C#N)C1CC1	N#Cc1ccc(S(=O)(=O)Nc2cccc([C@@H](C3=C(O)C4=C(CCCCCC4)O[C]3[O-])C3CC3)c2)cc1
1hps	mol2	ok	C(=O)(C(C)C)C1=C[NH]=C(N1)[C@@H](C[C@H](O)[C@@H](NC(=O)[C@@H](Nc(o)OCc1ccccc1)C(C)C)Cc1ccccc1)Cc1ccccc1	CC(C)C(=O)c1c[nH+]c([C@H](Cc2ccccc2)C[C@H](O)[C@H](Cc2ccccc2)NC(=O)[C@@H](N[C]([O-])OCc2ccccc2)C(C)C)[nH]1
1hpv	mol2	ok	S(=O)(=O)(N(C[C@@H](O)[C@@H](Nc(o)O[C@@H]1COCC1)Cc1ccccc1)CC(C)C)c1ccc(N)cc1	CC(C)CN(C[C@@H](O)[C@H](Cc1ccccc1)N[C]([O-])O[C@H]1CCOC1)S(=O)(=O)c1ccc(N)cc1
1hv5	mol2	ok	[P@](=O)(O)(C[C@@H](CCCc1ccccc1)C(=O)N[C@@H](CC1=CNc2ccccc12)C(=O)N)[C@H](Nc(o)OCc1ccccc1)Cc1ccccc1	NC(=O)[C@H](Cc1c[nH]c2ccccc12)NC(=O)[C@H](CCCc1ccccc1)C[P@](=O)(O)[C@@H](Cc1ccccc1)N[C]([O-])OCc1ccccc1
1hxw	mol2	ok	S1C=NC=C1COc(o)N[C@@H](Cc1ccccc1)[C@@H](O)C[C@@H](NC(=O)[C@@H](NC(=O)N(C)CC1=CSC(=N1)C(C)C)C(C)C)Cc1ccccc1	CC(C)c1nc(CN(C)C(=O)N[C@H](C(=O)N[C@@H](Cc2ccccc2)C[C@H](O)[C@H](Cc2ccccc2)N[C]([O-])OCc2cncs2)C(C)C)cs1
1i43	mol2	ok	p([o])([o])(o)Cc1cccnc1C(=O)[O-]	O=C([O-])c1ncccc1CP(=O)([O-])[O-]
1i5r	mol2	ok	oc(OC[C@H]1O[C@@H](N2C=Nc3c(N)ncnc23)[C@H](O)[C@@H]1O)CCCCCCCC[C@H]1C[C@H]2[C@@H]3CCc4cc(O)ccc4[C@H]3CC[C@]2(C)[C@H]1O	C[C@]12CC[C@@H]3c4ccc(O)cc4CC[C@H]3[C@@H]1C[C@H](CCCCCCCC[C]([O-])OC[C@H]1O[C@@H](n3cnc4c(N)ncnc43)[C@H](O)[C@@H]1O)[C@@H]2O
1i6v	mol2	ok	oc(O[C@H]1[C@H](C)[C@H](O)[C@H](C)[C@@H](O)[C@@H](C)CC/C=C(/C)\C(=O)Nc2c(O)c3c(O)c(C)c4O[C@@](O/C=C/[C@H](OC)[C@H]1C)(C)C(=O)c4c3c(O)c2/C=N/N1CC[N@H+](C)CC1)C	CO[C@H]1/C=C/O[C@@]2(C)Oc3c(C)c(O)c4c(O)c(c(/C=N/N5CC[NH+](C)CC5)c(O)c4c3C2=O)NC(=O)/C(C)=C\CC[C@H](C)[C@H](O)[C@@H](C)[C@@H](O)[C@@H](C)[C@H](O[C](C)[O-])[C@@H]1C
1i7g	mol2	ok	s([o])([o])(Oc1ccc(CCOc2ccc(cc2)C[C@H](OCC)C(=O)[O-])cc1)C	CCO[C@@H](Cc1ccc(OCCc2ccc(O[S@+](C)(=O)[O-])cc2)cc1)C(=O)[O-]
1i7i	mol2	ok	s([o])([o])(Oc1ccc(CCOc2ccc(cc2)C[C@H](OCC)C(=O)[O-])cc1)C	CCO[C@@H](Cc1ccc(OCCc2ccc(O[S@+](C)(=O)[O-])cc2)cc1)C(=O)[O-]
1i7z	mol2	ok	oc(OC)[C@H]1[C@@H](Oc(o)c2ccccc2)C[C@H]2[N@H+](C)[C@@H]1CC2	CO[C]([O-])[C@H]1[C@@H](O[C]([O-])c2ccccc2)C[C@@H]2CC[C@H]1[N@H+]2C
1ibg	mol2	ok	OC[C@@]12[C@H](O)C[C@H](O[C@@H]3O[C@@H](C)[C@H](O)[C@@H](O)[C@H]3O)C[C@@]2(O)CC[C@@H]2[C@@H]1[C@H](O)C[C@]1(C)[C@H](CC[C@]21O)C1=Cc(o)OC1	C[C@@H]1O[C@@H](O[C@H]2C[C@@H](O)[C@]3(CO)[C@H]4[C@H](O)C[C@]5(C)[C@@H](C6=C[C]([O-])OC6)CC[C@]5(O)[C@@H]4CC[C@]3(O)C2)[C@H](O)[C@H](O)[C@H]1O
1idg	mol2	ok	[NH3+][C@H](C(=O)N[C@H](C(=O)NCC(=O)N[C@H](C(=O)N[C@H](C(=O)N[C@H](C(=O)N[C@H](C(=O)N[C@H](C(=O)N[C@H](C(=O)N[C@H](C(=O)N[C@H](C(=O)N[C@@H]1C(=O)N[C@H](C(=O)N2[C@H](C(=O)N[C@H](C(=O)N[C@H](C(=O)N3[C@H](C(=O)N[C@H](C(=O)[O-])Cc4ccc(cc4)O)CCC3)[C@@H](O)C)CC(=O)[O-])CCC2)CSSC1)[C@H](O)C)Cc1ccc(cc1)O)Cc1ccc(cc1)O)C(C)C)CC1=CNc2c1cccc2)CC1=CNC=N1)CCCC[NH3+])CC1=CNc2c1cccc2)CCC[nH][c]([nH2])[nH2])Cc1ccc(cc1)O	CC(C)[C@H](NC(=O)[C@H](Cc1c[nH]c2ccccc12)NC(=O)[C@H](Cc1c[nH]cn1)NC(=O)[C@H](CCCC[NH3+])NC(=O)[C@H](Cc1c[nH]c2ccccc12)NC(=O)CNC(=O)[C@H](CCCNC(N)=[NH2+])NC(=O)[C@@H]([NH3+])Cc1ccc(O)cc1)C(=O)N[C@@H](Cc1ccc(O)cc1)C(=O)N[C@@H](Cc1ccc(O)cc1)C(=O)N[C@H](C(=O)N[C@H]1CSSC[C@@H](C(=O)N2CCC[C@H]2C(=O)N[C@@H](CC(=O)[O-])C(=O)N[C@H](C(=O)N2CCC[C@H]2C(=O)N[C@@H](Cc2ccc(O)cc2)C(=O)[O-])[C@H](C)O)NC1=O)[C@@H](C)O
1igj	mol2	ok	oc1OCC(=C1)[C@H]1CC[C@]2(O)[C@@H]3CC[C@@H]4C[C@@H](O[C@@H]5O[C@H](C)[C@@H](O)[C@@H](O)C5)CC[C@]4(C)[C@H]3C[C@@H](O)[C@]12C	C[C@H]1O[C@@H](O[C@H]2CC[C@@]3(C)[C@H](CC[C@@H]4[C@@H]3C[C@@H](O)[C@]3(C)[C@@H](C5=C[C]([O-])OC5)CC[C@]43O)C2)C[C@H](O)[C@@H]1O
1iig	mol2	ok	p([o])([o])(o)CCC(=O)[O-]	O=C([O-])CCP(=O)([O-])[O-]
1iiq	mol2	ok	oc(OC(C)(C)C)N[C@@H](Cc1ccccc1)[C@@H](O)C[NH2+][C@@H](Cc1ccccc1)C(=O)N[C@@H](CCC(=O)N)C(=O)N[C@@H](Cc1ccccc1)C(=O)N	CC(C)(C)O[C]([O-])N[C@@H](Cc1ccccc1)[C@@H](O)C[NH2+][C@@H](Cc1ccccc1)C(=O)N[C@@H](CCC(N)=O)C(=O)N[C@@H](Cc1ccccc1)C(N)=O
1ijr	mol2	ok	p([o])([o])(o)c1cc(ccc1OCC(=O)[O-])C[C@H](NC(=O)C)C(=O)N[C@@H](C)c1ccc(OCC2CCCCC2)c(c1)C(=O)N	CC(=O)N[C@@H](Cc1ccc(OCC(=O)[O-])c(P(=O)([O-])[O-])c1)C(=O)N[C@@H](C)c1ccc(OCC2CCCCC2)c(C(N)=O)c1
1ikv	mol2	ok	Clc1ccc2Nc(o)O[C@@](C#CC3CC3)(c2c1)C(F)(F)F	[O-][C]1Nc2ccc(Cl)cc2[C@@](C#CC2CC2)(C(F)(F)F)O1
1ikw	mol2	ok	Clc1ccc2Nc(o)O[C@@](C#CC3CC3)(c2c1)C(F)(F)F	[O-][C]1Nc2ccc(Cl)cc2[C@@](C#CC2CC2)(C(F)(F)F)O1
1inc	mol2	ok	Clc1cccc(NC(=O)[C@@H](Nc(o)OC(C)(C)C)C(C)C)c1C(=O)[O-]	CC(C)[C@H](N[C]([O-])OC(C)(C)C)C(=O)Nc1cccc(Cl)c1C(=O)[O-]
1is0	mol2	ok	C(=O)(NC)[C@H]1[C@H](C(=O)N[C@H](C(=O)N[C@H](C(=O)N[C@H](C(=O)[O-])[C@H](CC)C)CCC(=O)[O-])CCC(=O)[O-])[C@H]1c1ccc(cc1)Op([o])([o])o	CC[C@H](C)[C@H](NC(=O)[C@H](CCC(=O)[O-])NC(=O)[C@H](CCC(=O)[O-])NC(=O)[C@H]1[C@H](C(=O)NC)[C@@H]1c1ccc(OP(=O)([O-])[O-])cc1)C(=O)[O-]
1izh	mol2	ok	oc(OC(C)(C)C)N[C@@H](Cc1ccccc1)[C@@H](O)C[C@@H](Cc1ccccc1)C(=O)N[C@@H](CCC(=O)N)C(=O)N[C@@H](Cc1ccccc1)C(=O)N	CC(C)(C)O[C]([O-])N[C@@H](Cc1ccccc1)[C@@H](O)C[C@@H](Cc1ccccc1)C(=O)N[C@@H](CCC(N)=O)C(=O)N[C@@H](Cc1ccccc1)C(N)=O
1izi	mol2	ok	oc(OC(C)(C)C)N[C@@H](Cc1ccccc1)[C@@H](O)C[C@@H](Cc1ccccc1)C(=O)N[C@@H](CCC(=O)N)C(=O)N[C@@H](Cc1ccccc1)C(=O)N	CC(C)(C)O[C]([O-])N[C@@H](Cc1ccccc1)[C@@H](O)C[C@@H](Cc1ccccc1)C(=O)N[C@@H](CCC(N)=O)C(=O)N[C@@H](Cc1ccccc1)C(N)=O
1j4q	mol2	ok	[NH3+][C@H](C(=O)N[C@H](C(=O)N[C@H](C(=O)N[C@H](C(=O)N[C@@H]([C@@H](C)Op([o])([o])o)C(=O)N[C@H](C(=O)N[C@H](C(=O)N[C@H](C(=O)N[C@H](C(=O)N[C@H](C(=O)N[C@H](C(=O)N[C@H](C(=O)N[C@H](C(=O)[O-])CCC(=O)N)C(C)C)CC(C)C)[C@H](O)C)C)CC(=O)[O-])C)CCC(=O)[O-])C(C)C)CCC(=O)[O-])CC(C)C)CO	CC(C)C[C@H](NC(=O)[C@@H](NC(=O)[C@H](C)NC(=O)[C@H](CC(=O)[O-])NC(=O)[C@H](C)NC(=O)[C@H](CCC(=O)[O-])NC(=O)[C@@H](NC(=O)[C@@H](NC(=O)[C@H](CCC(=O)[O-])NC(=O)[C@H](CC(C)C)NC(=O)[C@@H]([NH3+])CO)C(C)C)[C@@H](C)OP(=O)([O-])[O-])[C@@H](C)O)C(=O)N[C@H](C(=O)N[C@@H](CCC(N)=O)C(=O)[O-])C(C)C
1j4r	mol2	ok	FC(F)(C(=O)N1CCCC[C@H]1c(o)O[C@H](CCCc1cnccc1)CCCc1ccccc1)c1cc(OC)c(OC)c(OC)c1	COc1cc(C(F)(F)C(=O)N2CCCC[C@H]2[C]([O-])O[C@@H](CCCc2ccccc2)CCCc2cccnc2)cc(OC)c1OC
1j5i	mol2	ok	oc(O[C@H]1[C@H](O)C=C[C@@H]1O)c1c(O)ccc2c(C)cc(OC)cc12	COc1cc(C)c2ccc(O)c([C]([O-])O[C@H]3[C@H](O)C=C[C@@H]3O)c2c1
1jg0	mol2	ok	s([o])([o])(Oc1ccc(cc1)C[C@H](NS(=O)(=O)c1cccc2c(N(C)C)cccc12)C(=O)[O-])c1cccc2c(N(C)C)cccc12	CN(C)c1cccc2c(S(=O)(=O)N[C@@H](Cc3ccc(O[S@@+](=O)([O-])c4cccc5c(N(C)C)cccc45)cc3)C(=O)[O-])cccc12
1jif	mol2	ok	NC(=O)[C@H](C[NH2+][C@@H](CC(=O)N)c1nc(c(c(n1)N)C)C(=O)N[C@H](C(=O)N[C@H](C)[C@H]([C@@H](C(=O)N[C@H](C(=O)NCCC1=NC(=CS1)C1=NC(=CS1)C(=O)NCCC[S](C)C)[C@H](O)C)C)O)[C@H](C1=CN=CN1)O[C@@H]1O[C@@H](CO)[C@@H](O)[C@H](O)[C@@H]1O[C@@H]1[C@H]([C@H]([C@@H]([C@H](O1)CO)O)Oc(N)o)O)[NH3+]	Cc1c(N)nc([C@H](CC(N)=O)[NH2+]C[C@H]([NH3+])C(N)=O)nc1C(=O)N[C@H](C(=O)N[C@H](C)[C@@H](O)[C@H](C)C(=O)N[C@H](C(=O)NCCc1nc(-c2nc(C(=O)NCCC[S+](C)C)cs2)cs1)[C@@H](C)O)[C@@H](O[C@@H]1O[C@@H](CO)[C@@H](O)[C@H](O)[C@@H]1O[C@H]1O[C@H](CO)[C@@H](O)[C@H](O[C](N)[O-])[C@@H]1O)c1cnc[nH]1
1jr1	mol2	ok	[O-]C(=O)CC/C(=C/Cc1c(O)c2-c(o)OCc2c(C)c1OC)/C	COc1c(C)c2c(c(O)c1C/C=C(\C)CCC(=O)[O-])[C]([O-])OC2
1jyq	mol2	ok	oc(OCc1cccc(N)c1)N[C@H](C(=O)N[C@](C)(C(=O)N[C@@H](CC(=O)N)C(=O)[O-])Cc1ccc(Op([o])([o])o)cc1)Cc1ccc(Op([o])([o])o)cc1	C[C@@](Cc1ccc(OP(=O)([O-])[O-])cc1)(NC(=O)[C@H](Cc1ccc(OP(=O)([O-])[O-])cc1)N[C]([O-])OCc1cccc(N)c1)C(=O)N[C@@H](CC(N)=O)C(=O)[O-]
1jzs	mol2	ok	[O-]C(=O)CCCCCCCCOc(o)/C=C(\C)/C[C@@H]1OC[C@H](C[C@@H]2O[C@H]2[C@@H](C)[C@@H](O)C)[C@@H](O)[C@H]1O	C/C(=C\[C]([O-])OCCCCCCCCC(=O)[O-])C[C@@H]1OC[C@H](C[C@@H]2O[C@H]2[C@@H](C)[C@H](C)O)[C@@H](O)[C@H]1O
1k1j	mol2	ok	S(=O)(=O)(N[C@@H](Cc1cccc(c1)[c]([nH2])[nH2])C(=O)N1CC[C@@H](CC1)c(o)OC)c1ccc2ccccc2c1	CO[C]([O-])C1CCN(C(=O)[C@H](Cc2cccc(C(N)=[NH2+])c2)NS(=O)(=O)c2ccc3ccccc3c2)CC1
1k3t	mol2	ok	oc1Oc2cc3O[C@@H](Cc3cc2C=C1C(C)(C)C=C)C(O)(C)C	C=CC(C)(C)C1=Cc2cc3c(cc2O[C]1[O-])O[C@H](C(C)(C)O)C3
1kc5	mol2	ok	O=C([C@@H]([NH2+])CC1=CNC=[NH]1)N[C@H](C(=O)N[C@H](C(=O)N[C@H](C(=O)N1CCC[C@H]1C(=O)N[C@@H](C)C(=O)N[C@H](C(=O)NCC(=O)[O-])Cc1ccccc1)CC(=O)[O-])CC(C)C)CCC(=O)N	CC(C)C[C@H](NC(=O)[C@H](CCC(N)=O)NC(=O)[C@@H]([NH2+])Cc1c[nH]c[nH+]1)C(=O)N[C@@H](CC(=O)[O-])C(=O)N1CCC[C@H]1C(=O)N[C@@H](C)C(=O)N[C@@H](Cc1ccccc1)C(=O)NCC(=O)[O-]
1kc7	mol2	ok	p([o])([o])(o)CC(=O)C(=O)[O-]	O=C([O-])C(=O)CP(=O)([O-])[O-]
1kf6	mol2	ok	C1(=O)C=C([N](=O)c2ccccc12)CCCCCCC	CCCCCCCC1=CC(=O)c2ccccc2[N+]1=O
1kll	mol2	ok	oc(OCC1=C2N(C[C@H]([NH3+])[C@@H]2O)C2=C1C(=O)C(=C(C)C2=O)N)N	CC1=C(N)C(=O)c2c(CO[C](N)[O-])c3n(c2C1=O)C[C@H]([NH3+])[C@@H]3O
1kzn	mol2	ok	CO[C@@H]1[C@H]([C@H]([C@@H](OC1(C)C)Oc1c(c2c(C(=C(c(O2)o)NC(=O)c2cc(c(cc2)O)CC=C(C)C)O)cc1)Cl)O)Oc(C1=CC=C(N1)C)o	CO[C@@H]1[C@@H](O[C]([O-])c2ccc(C)[nH]2)[C@@H](O)[C@H](Oc2ccc3c(c2Cl)O[C]([O-])C(NC(=O)c2ccc(O)c(CC=C(C)C)c2)=C3O)OC1(C)C
1ld8	mol2	ok	c12c3N4CC[C@H](C4=O)[NH2+]CC4=C[NH]=CN4Cc4cc(Oc(c2)ccc1ccc3)c(cc4)C#N	N#Cc1ccc2cc1Oc1ccc3cccc(c3c1)N1CC[C@@H]([NH2+]Cc3c[nH+]cn3C2)C1=O
1ljt	mol2	ok	oc(OC)C[C@@H]1ON=C(C1)c1ccc(O)cc1	CO[C]([O-])C[C@H]1CC(c2ccc(O)cc2)=NO1
1lke	mol2	ok	oc1C=C(CO1)[C@H]1CC[C@]2([C@]1(C)[C@H](O)C[C@H]1[C@H]2CC[C@H]2[C@]1(C)CC[C@@H](C2)O)O	C[C@]12CC[C@H](O)C[C@H]1CC[C@@H]1[C@@H]2C[C@@H](O)[C@]2(C)[C@@H](C3=C[C]([O-])OC3)CC[C@]12O
1lnm	mol2	ok	oc1C=C(CO1)[C@H]1CC[C@]2([C@@]1(CC[C@H]1[C@H]2CC[C@H]2[C@@]1(CC[C@@H](C2)O)C)C)O	C[C@]12CC[C@H](O)C[C@H]1CC[C@@H]1[C@@H]2CC[C@]2(C)[C@@H](C3=C[C]([O-])OC3)CC[C@]12O
1lpk	mol2	ok	c1cc2c(cc1)C=C(N2Cc1cccc(c1)[c]([nH2])[nH2])c(OCc1cccc(c1)[c]([nH2])[nH2])o	NC(=[NH2+])c1cccc(CO[C]([O-])c2cc3ccccc3n2Cc2cccc(C(N)=[NH2+])c2)c1
1lvc	mol2	ok	p([o])([o])(o)Op([o])(o)Op([o])(o)OC[C@H]1O[C@H](C[C@@H]1Oc(o)c1c(N)cccc1)N1C=Nc2c(N)ncnc12	Nc1ccccc1[C]([O-])O[C@H]1C[C@H](n2cnc3c(N)ncnc32)O[C@@H]1CO[P@](=O)([O-])O[P@](=O)([O-])OP(=O)([O-])[O-]
1lxh	mol2	ok	[NH3+][C@H](C(=O)N[C@H](C(=O)NCC(=O)N[C@H](C(=O)N[C@H](C(=O)N[C@H](C(=O)N[C@H](C(=O)N[C@H](C(=O)N[C@H](C(=O)N[C@H](C(=O)N[C@H](C(=O)N[C@@H]1C(=O)N[C@H](C(=O)N2[C@H](C(=O)N[C@H](C(=O)N[C@H](C(=O)N3[C@H](C(=O)N[C@H](C(=O)[O-])Cc4ccc(cc4)O)CCC3)[C@H](O)C)CC(=O)[O-])CCC2)CSSC1)[C@H](O)C)Cc1ccc(cc1)O)Cc1ccc(cc1)O)C(C)C)CC1=CNc2c1cccc2)CC1=CNC=N1)CCCC[NH3+])CC1=CNc2c1cccc2)CCC[nH][c]([nH2])[nH2])Cc1ccc(cc1)O	CC(C)[C@H](NC(=O)[C@H](Cc1c[nH]c2ccccc12)NC(=O)[C@H](Cc1c[nH]cn1)NC(=O)[C@H](CCCC[NH3+])NC(=O)[C@H](Cc1c[nH]c2ccccc12)NC(=O)CNC(=O)[C@H](CCCNC(N)=[NH2+])NC(=O)[C@@H]([NH3+])Cc1ccc(O)cc1)C(=O)N[C@@H](Cc1ccc(O)cc1)C(=O)N[C@@H](Cc1ccc(O)cc1)C(=O)N[C@H](C(=O)N[C@H]1CSSC[C@@H](C(=O)N2CCC[C@H]2C(=O)N[C@@H](CC(=O)[O-])C(=O)N[C@H](C(=O)N2CCC[C@H]2C(=O)N[C@@H](Cc2ccc(O)cc2)C(=O)[O-])[C@@H](C)O)NC1=O)[C@@H](C)O
1lzq	mol2	ok	oc(OC(C)(C)C)N[C@H](CC[NH2+][C@@H](Cc1ccccc1)C(=O)N[C@@H](CCC(=O)[O-])C(=O)N[C@@H](Cc1ccccc1)C(=O)N)Cc1ccccc1	CC(C)(C)O[C]([O-])N[C@H](CC[NH2+][C@@H](Cc1ccccc1)C(=O)N[C@@H](CCC(=O)[O-])C(=O)N[C@@H](Cc1ccccc1)C(N)=O)Cc1ccccc1
1m0b	mol2	ok	oc(OC(C)(C)C)N[C@H](CC[NH2+][C@@H](Cc1ccccc1)C(=O)N[C@@H](CCC(=O)[O-])C(=O)N[C@@H](Cc1ccccc1)C(=O)N)Cc1ccccc1	CC(C)(C)O[C]([O-])N[C@H](CC[NH2+][C@@H](Cc1ccccc1)C(=O)N[C@@H](CCC(=O)[O-])C(=O)N[C@@H](Cc1ccccc1)C(N)=O)Cc1ccccc1
1m0q	mol2	ok	[C@H](/[NH]=C/c1c(c(ncc1COp([o])([o])o)C)O)(p([o])([o])o)C	Cc1ncc(COP(=O)([O-])[O-])c(/C=[NH+]/[C@H](C)P(=O)([O-])[O-])c1O
1m48	mol2	ok	oc(OC)[C@@H](NC(=O)C[C@@H]1Cn(CCC1)[c]([nH2])[nH2])Cc1ccc(C#Cc2ccccc2)cc1	CO[C]([O-])[C@H](Cc1ccc(C#Cc2ccccc2)cc1)NC(=O)C[C@H]1CCCN(C(N)=[NH2+])C1
1me3	mol2	ok	OCC(=O)[C@@H](NC(=O)[C@@H](Nc(o)OCc1cnccc1)Cc1ccccc1)CCc1ccccc1	O=C(CO)[C@H](CCc1ccccc1)NC(=O)[C@H](Cc1ccccc1)N[C]([O-])OCc1cccnc1
1me4	mol2	ok	OCC(=O)[C@@H](NC(=O)[C@@H](Nc(o)OCc1ccccc1)Cc1ccccc1)Cc1ccccc1	O=C(CO)[C@H](Cc1ccccc1)NC(=O)[C@H](Cc1ccccc1)N[C]([O-])OCc1ccccc1
1mm6	mol2	ok	C(=O)([C@H](CN1C(=O)[N]c(o)O1)[NH3+])[O-]	[NH3+][C@@H](CN1O[C]([O-])[N-]C1=O)C(=O)[O-]
1mm7	mol2	ok	C(=O)([C@H](CN1C(=O)[N]c(o)O1)[NH3+])[O-]	[NH3+][C@@H](CN1O[C]([O-])[N-]C1=O)C(=O)[O-]
1mtr	mol2	ok	oc(OC(C)(C)C)N[C@@H](Cc1ccccc1)[C@H](O)C[NH2+][C@H]1Cc2ccc(OCCCNC(=O)[C@@H](NC1=O)[C@@H](C)CC)cc2	CC[C@H](C)[C@@H]1NC(=O)[C@@H]([NH2+]C[C@@H](O)[C@H](Cc2ccccc2)N[C]([O-])OC(C)(C)C)Cc2ccc(cc2)OCCCNC1=O
1nh0	mol2	ok	O=C([C@H](O)[C@@H](Nc(o)OCc1ccccc1)Cc1ccccc1)N[C@H](C(=O)N[C@H](C(=O)N[C@H](C(=O)N)CCC(=O)[O-])CCC(=O)[O-])Cc1ccccc1	NC(=O)[C@H](CCC(=O)[O-])NC(=O)[C@H](CCC(=O)[O-])NC(=O)[C@H](Cc1ccccc1)NC(=O)[C@H](O)[C@H](Cc1ccccc1)N[C]([O-])OCc1ccccc1
1nj1	mol2	ok	[NH3+][C@@H](CS)C(=O)Ns([o])([o])OC[C@H]1O[C@H]([C@@H]([C@@H]1O)O)N1C=Nc2c(N)ncnc12	Nc1ncnc2c1ncn2[C@@H]1O[C@H](CO[S@@+](=O)([O-])NC(=O)[C@@H]([NH3+])CS)[C@@H](O)[C@H]1O
1nj5	mol2	ok	C1CC[NH2+][C@@H]1C(=O)Ns([o])([o])OC[C@H]1O[C@@H](N2c3ncnc(N)c3N=C2)[C@H](O)[C@@H]1O	Nc1ncnc2c1ncn2[C@@H]1O[C@H](CO[S@@+](=O)([O-])NC(=O)[C@@H]2CCC[NH2+]2)[C@@H](O)[C@H]1O
1njf	mol2	ok	p([o])(o)(S)Op([o])(o)Op([o])(o)OC[C@H]1O[C@H]([C@@H]([C@@H]1O)O)N1C=Nc2c(N)ncnc12	Nc1ncnc2c1ncn2[C@@H]1O[C@H](CO[P@](=O)([O-])O[P@@](=O)([O-])O[P@](=O)([O-])S)[C@@H](O)[C@H]1O
1nki	mol2	ok	p([oH])([oH])(o)C(=O)[O-]	O=C([O-])P(=O)([O-])[O-]
1npa	mol2	ok	oc(O[C@@H]1Cc2ccccc2[C@@H]1C1=C(O)[C@@]([NH]=C1)(C[C@H](O)[C@@H](Nc(o)O[C@@H]1COCC1)Cc1ccccc1)Cc1ccccc1)N	N[C]([O-])O[C@@H]1Cc2ccccc2[C@@H]1C1=C(O)[C@](Cc2ccccc2)(C[C@H](O)[C@H](Cc2ccccc2)N[C]([O-])O[C@H]2CCOC2)[NH+]=C1
1npv	mol2	ok	oc(O[C@@H]1COCC1)N[C@@H](Cc1ccccc1)[C@@H](O)C[C@@]1([NH]=CC(=C1O)[C@@H]1CNC(=O)c2ccccc12)Cc1ccccc1	O=C1NC[C@@H](C2=C(O)[C@](Cc3ccccc3)(C[C@H](O)[C@H](Cc3ccccc3)N[C]([O-])O[C@H]3CCOC3)[NH+]=C2)c2ccccc21
1npw	mol2	ok	oc(O[C@@H]1Cc2ccccc2[C@@H]1C1=C(O)[C@@]([NH]=C1)(C[C@H](O)[C@@H](Nc(o)O[C@@H]1COCC1)Cc1ccccc1)Cc1ccccc1)N	N[C]([O-])O[C@@H]1Cc2ccccc2[C@@H]1C1=C(O)[C@](Cc2ccccc2)(C[C@H](O)[C@H](Cc2ccccc2)N[C]([O-])O[C@H]2CCOC2)[NH+]=C1
1ntk	mol2	ok	O=CNc1cccc(C(=O)N[C@@H]2c(o)O[C@@H](C)[C@H](Oc(o)C(C)C)[C@@H](CCCCCC)c(o)O[C@@H]2C)c1O	CCCCCC[C@H]1[C]([O-])O[C@H](C)[C@H](NC(=O)c2cccc(NC=O)c2O)[C]([O-])O[C@@H](C)[C@@H]1O[C]([O-])C(C)C
1nu1	mol2	ok	O=[N]1C(=CC(=O)c2ccccc12)CCCCCCCCC	CCCCCCCCCC1=CC(=O)c2ccccc2[N+]1=O
1o1s	mol2	ok	p([o])([o])(o)op([o])(o)OC/C=C(\C)/CC/C=C(\C)/COCc1cccc(c1)C(=O)c1ccccc1	C/C(=C\CO[P@+](=O)([O-]):[O-]P(=O)([O-])[O-])CC/C=C(\C)COCc1cccc(C(=O)c2ccccc2)c1
1o32	mol2	ok	c1(ccc2c(c1)N=C(N2)[c]1[nH]cccc1O)[c]([nH2])[nH2]	NC(=[NH2+])c1ccc2[nH]c(-c3[nH+]cccc3O)nc2c1
1o46	mol2	ok	FC(C(=O)[O-])(C(=O)[O-])c1ccc(C[C@H](NC(=O)C)C(=O)N[C@H]2CCCCN(Cc3ccc(cc3)c3ccccc3)C2=O)cc1c(o)OC	CO[C]([O-])c1cc(C[C@H](NC(C)=O)C(=O)N[C@H]2CCCCN(Cc3ccc(-c4ccccc4)cc3)C2=O)ccc1C(F)(C(=O)[O-])C(=O)[O-]
1o49	mol2	ok	p([o])([o])(o)c1cc(ccc1OCC(=O)[O-])C[C@H](NC(=O)C)C(=O)N[C@H]1CCCCN(Cc2ccc(cc2)c2ccccc2)C1=O	CC(=O)N[C@@H](Cc1ccc(OCC(=O)[O-])c(P(=O)([O-])[O-])c1)C(=O)N[C@H]1CCCCN(Cc2ccc(-c3ccccc3)cc2)C1=O
1o4b	mol2	ok	p([o])([o])(o)c1ccc(cc1p([o])([o])o)C[C@H](NC(=O)C)C(=O)N[C@H]1CCCCN(Cc2ccc(cc2)c2ccccc2)C1=O	CC(=O)N[C@@H](Cc1ccc(P(=O)([O-])[O-])c(P(=O)([O-])[O-])c1)C(=O)N[C@H]1CCCCN(Cc2ccc(-c3ccccc3)cc2)C1=O
1o4r	mol2	ok	p([o])([o])(o)C(p([o])([o])o)c1ccccc1	O=P([O-])([O-])C(c1ccccc1)P(=O)([O-])[O-]
1o5p	mol2	ok	O=C1OC[C@@H](O1)[C@]12O[C@@H]2C#C/C=C/2\C(=C[C@@H](Oc(o)c3c(O)ccc4c(C)cc(OC)cc34)[C@@H]2O[C@H]2O[C@H](C)[C@H](O)[C@H](O)[C@H]2[NH2+]C)C#C1	C[NH2+][C@H]1[C@@H](O[C@@H]2/C3=C/C#C[C@H]4O[C@@]4([C@H]4COC(=O)O4)C#CC3=C[C@H]2O[C]([O-])c2c(O)ccc3c(C)cc(OC)cc23)O[C@H](C)[C@H](O)[C@@H]1O
1o79	mol2	ok	Clc1ccc(Oc(o)N(C)[C@H]2CC[C@@H](CC2)c2ccc(C[NH+]3CCCCC3)cc2)cc1	CN([C]([O-])Oc1ccc(Cl)cc1)[C@H]1CC[C@H](c2ccc(C[NH+]3CCCCC3)cc2)CC1
1o7o	mol2	ok	p([o])([o])(o)op([o])(o)OC[C@H]1O[C@@H](N2C=CC(=O)NC2=O)[C@H](O)[C@@H]1O	O=c1ccn([C@@H]2O[C@H](CO[P@@+](=O)([O-]):[O-]P(=O)([O-])[O-])[C@@H](O)[C@H]2O)c(=O)[nH]1
1o9e	mol2	ok	oc(OC[C@@H](C)C1=C2[C@@H](O[C@H]3O[C@H](COC(C)(C)C=C)[C@@H](O)[C@H](Oc(o)C)[C@H]3O)[C@H](O)[C@H](C)[C@@H]3CC[C@H](COC)C3=C[C@@]2(C)[C@@H](O)C1)C	C=CC(C)(C)OC[C@H]1O[C@H](O[C@@H]2C3=C([C@H](C)CO[C](C)[O-])C[C@H](O)[C@]3(C)/C=C3/[C@@H](COC)CC[C@H]3[C@@H](C)[C@H]2O)[C@H](O)[C@@H](O[C](C)[O-])[C@@H]1O
1oe0	mol2	ok	p([o])([o])(o)op([o])(o)op([o])(o)OC[C@H]1O[C@@H](N2C=C(C)C(=O)NC2=O)C[C@@H]1O	Cc1cn([C@H]2C[C@H](O)[C@@H](CO[P@+](=O)([O-]):[O-][P@@+](=O)([O-]):[O-]P(=O)([O-])[O-])O2)c(=O)[nH]c1=O
1oiq	mol2	ok	O=C(C)Nc1nc(ccn1)C1=C(N[c]2n1cccc2)C	CC(=O)Nc1nccc(-c2c(C)[nH]c3cccc[n+]23)n1
1oit	mol2	ok	c1c(ccc(S(=O)(=O)N)c1)Nc1nc(ccn1)C1=CNc2n1[cH]ccc2	NS(=O)(=O)c1ccc(Nc2nccc(-c3c[nH]c4cccc[n+]34)n2)cc1
1okx	mol2	ok	O=C(CCC)N[C@@H](C)C(=O)N[C@H](C(=O)N[C@@H]1C(=O)N[C@H](C(=O)N[C@H]2CC[C@@H](O)N(C2=O)[C@H](C(=O)N(C)[C@H](C(=O)N[C@H](c(O[C@@H]1C)o)C(C)C)Cc1ccc(O)c(Cl)c1)[C@H](O)C)CC(C)C)[C@H](O)C	CCCC(=O)N[C@@H](C)C(=O)N[C@H](C(=O)N[C@@H]1C(=O)N[C@@H](CC(C)C)C(=O)N[C@H]2CC[C@@H](O)N(C2=O)[C@@H]([C@@H](C)O)C(=O)N(C)[C@@H](Cc2ccc(O)c(Cl)c2)C(=O)N[C@@H](C(C)C)[C]([O-])O[C@@H]1C)[C@@H](C)O
1ols	mol2	ok	S1C=[N](Cc2cnc(nc2N)C)C(=C1CCOp([o])(o)op([o])([o])o)C	Cc1ncc(C[n+]2csc(CCO[P@+](=O)([O-]):[O-]P(=O)([O-])[O-])c2C)c(N)n1
1olu	mol2	ok	S1C=[N](Cc2cnc(nc2N)C)C(=C1CCOp([o])(o)op([o])([o])o)C	Cc1ncc(C[n+]2csc(CCO[P@+](=O)([O-]):[O-]P(=O)([O-])[O-])c2C)c(N)n1
1onp	mol2	ok	p([o])([o])(o)CCCN(O)C=O	O=CN(O)CCCP(=O)([O-])[O-]
1oqp	mol2	ok	[NH3+][C@H](C(=O)N[C@H](C(=O)N[C@H](C(=O)N[C@H](C(=O)N[C@H](C(=O)N[C@H](C(=O)N[C@H](C(=O)N[C@H](C(=O)N[C@H](C(=O)N[C@H](C(=O)N[C@H](C(=O)N[C@H](C(=O)N[C@H](C(=O)N[C@H](C(=O)N[C@H](C(=O)N[C@H](C(=O)N[C@H](C(=O)N[C@H](C(=O)N[C@H](C(=O)[O-])CCCC[NH3+])CCCC[NH3+])CC(=O)[O-])CC1=CN=CN1)Cc1ccccc1)CC(C)C)CC(C)C)CCC[nH][c]([nH2])[nH2])CC1=CN=CN1)CC1=CNc2c1cccc2)CCCC[NH3+])CO)CCC(=O)[O-])[C@H](CC)C)CC(C)C)CCC(=O)[O-])CCC[nH][c]([nH2])[nH2])CCCC[NH3+])CCCC[NH3+]	CC[C@H](C)[C@H](NC(=O)[C@H](CC(C)C)NC(=O)[C@H](CCC(=O)[O-])NC(=O)[C@H](CCCNC(N)=[NH2+])NC(=O)[C@H](CCCC[NH3+])NC(=O)[C@@H]([NH3+])CCCC[NH3+])C(=O)N[C@@H](CCC(=O)[O-])C(=O)N[C@@H](CO)C(=O)N[C@@H](CCCC[NH3+])C(=O)N[C@@H](Cc1c[nH]c2ccccc12)C(=O)N[C@@H](Cc1cnc[nH]1)C(=O)N[C@@H](CCCNC(N)=[NH2+])C(=O)N[C@@H](CC(C)C)C(=O)N[C@@H](CC(C)C)C(=O)N[C@@H](Cc1ccccc1)C(=O)N[C@@H](Cc1cnc[nH]1)C(=O)N[C@@H](CC(=O)[O-])C(=O)N[C@@H](CCCC[NH3+])C(=O)N[C@@H](CCCC[NH3+])C(=O)[O-]
1os5	mol2	ok	S(c1cc(C)c(N)cc1C(C)(C)C)[C@H]1c(o)O[C@@](CCc2ccc(O)cc2)(CC1=O)C1CCCC1	Cc1cc(S[C@H]2[C]([O-])O[C@](CCc3ccc(O)cc3)(C3CCCC3)CC2=O)c(C(C)(C)C)cc1N
1oth	mol2	ok	p([o])([o])(o)CC(=O)NCCC[C@H]([NH3+])C(=O)[O-]	[NH3+][C@@H](CCCNC(=O)CP(=O)([O-])[O-])C(=O)[O-]
1oxr	mol2	ok	oc(Oc1ccccc1C(=O)[O-])C	C[C]([O-])Oc1ccccc1C(=O)[O-]
1oyq	mol2	ok	[nH2][c]([nH2])c1ccc(cc1)NCC1=Nc2c(N1C)ccc(c2)C1(CC1)/C(=N\OCc(o)OCC)/c1ncccc1	CCO[C]([O-])CO/N=C(/c1ccccn1)C1(c2ccc3c(c2)nc(CNc2ccc(C(N)=[NH2+])cc2)n3C)CC1
1p01	mol2	ok	oc(OC(C)(C)C)N[C@H](C(=O)N1[C@H](C(=O)N[C@@H](C(C)C)B(O)O)CCC1)C	CC(C)[C@H](NC(=O)[C@@H]1CCCN1C(=O)[C@H](C)N[C]([O-])OC(C)(C)C)B(O)O
1p1o	mol2	ok	C(=O)([C@H](CN1C(=O)[N]c(o)O1)[NH3+])[O-]	[NH3+][C@@H](CN1O[C]([O-])[N-]C1=O)C(=O)[O-]
1p6d	mol2	ok	p([o])(o)(OCC[N+](C)(C)C)CC[C@H](Oc(o)CCCCC)COc(o)CCCCC	CCCCC[C]([O-])OC[C@H](CC[P@@](=O)([O-])OCC[N+](C)(C)C)O[C]([O-])CCCCC
1p6e	mol2	ok	CCCCc(o)OC[C@@H](Oc(o)CCCC)CO[P@](=S)([S])OCC[N+](C)(C)C	CCCC[C]([O-])OC[C@H](CO[P@](=S)([S-])OCC[N+](C)(C)C)O[C]([O-])CCCC
1p7m	mol2	ok	N1=CNc2[c]1n([cH][nH]c2N)C	C[n+]1c[nH+]c(N)c2[nH]cnc21
1pbk	mol2	ok	oc1O[C@@H](CC(=O)[C@H](C)/C=C(\C)/[C@@H](O)[C@@H](OC)C(=O)[C@H](C)C[C@H](C)/C=C/C=C/C=C(\C)/[C@@H](OC)C[C@H]2O[C@@](O)(C(=O)C(=O)N3CCCC[C@@H]13)[C@H](C)CC2)[C@H](C)C[C@@H]1CC[C@@H](O)[C@H](OC)C1	CO[C@H]1C[C@@H]2CC[C@@H](C)[C@@](O)(O2)C(=O)C(=O)N2CCCC[C@H]2[C]([O-])O[C@H]([C@H](C)C[C@@H]2CC[C@@H](O)[C@H](OC)C2)CC(=O)[C@H](C)/C=C(\C)[C@@H](O)[C@@H](OC)C(=O)[C@H](C)C[C@H](C)/C=C/C=C/C=C/1C
1pfu	mol2	ok	S(C)CC[C@@H](p([o])[o])[NH3+]	CSCC[C@H]([NH3+])[P+](=O)[O-]
1pfy	mol2	ok	[NH3+][C@@H](CCSC)C(=O)Ns([o])([o])OC[C@H]1O[C@H]([C@@H]([C@@H]1O)O)N1C=Nc2c(N)ncnc12	CSCC[C@H]([NH3+])C(=O)N[S@+](=O)([O-])OC[C@H]1O[C@@H](n2cnc3c(N)ncnc32)[C@H](O)[C@@H]1O
1ph0	mol2	ok	[O-]C(=O)C(=[OH])N(c1ccc(cc1)C[C@H](NC(=O)[O-])C(=O)NCCCCOc1cccc(O)c1c(o)OC)c1ccccc1C(=O)[O-]	[H]/[O+]=C(/C(=O)[O-])N(c1ccc(C[C@H](NC(=O)[O-])C(=O)NCCCCOc2cccc(O)c2[C]([O-])OC)cc1)c1ccccc1C(=O)[O-]
1ppk	mol2	ok	p([o])(o)(Cc(o)OCC)[C@@H](NC(=O)[C@@H](NC(=O)[C@@H](NC(=O)CC(C)C)C(C)C)C(C)C)CC(C)C	CCO[C]([O-])C[P@@](=O)([O-])[C@H](CC(C)C)NC(=O)[C@@H](NC(=O)[C@@H](NC(=O)CC(C)C)C(C)C)C(C)C
1ppl	mol2	ok	p([o])(o)(O[C@@H](Cc1ccccc1)c(o)OC)[C@@H](NC(=O)[C@@H](NC(=O)[C@@H](NC(=O)CC(C)C)C(C)C)C(C)C)CC(C)C	CO[C]([O-])[C@H](Cc1ccccc1)O[P@](=O)([O-])[C@H](CC(C)C)NC(=O)[C@@H](NC(=O)[C@@H](NC(=O)CC(C)C)C(C)C)C(C)C
1ppm	mol2	ok	p([o])(o)(O[C@@H](Cc1ccccc1)c(o)OC)[C@@H](NC(=O)[C@@H](NC(=O)[C@@H](Nc(o)OCc1ccccc1)C)C)CC(C)C	CO[C]([O-])[C@H](Cc1ccccc1)O[P@](=O)([O-])[C@H](CC(C)C)NC(=O)[C@H](C)NC(=O)[C@H](C)N[C]([O-])OCc1ccccc1
1pyn	mol2	ok	oc(OC(C)(C)C)N[C@@H](Cc1ccc(OC(C(=O)[O-])C(=O)[O-])cc1)C(=O)NCCCCOc1cccc(O)c1c(o)OC	CO[C]([O-])c1c(O)cccc1OCCCCNC(=O)[C@H](Cc1ccc(OC(C(=O)[O-])C(=O)[O-])cc1)N[C]([O-])OC(C)(C)C
1q0b	mol2	ok	S=C1NC(=C(c(o)OCC)[C@@H](N1)c1cccc(O)c1)C	CCO[C]([O-])C1=C(C)NC(=S)N[C@H]1c1cccc(O)c1
1q1m	mol2	ok	Fc1ccc(/C=C/COc2cccc(O)c2c(o)OC)cc1C1=CC(=NO1)C(=O)[O-]	CO[C]([O-])c1c(O)cccc1OC/C=C/c1ccc(F)c(-c2cc(C(=O)[O-])no2)c1
1q6k	mol2	ok	N([C@H](C=O)C1CCCCC1)c(o)OC(C)(C)C	CC(C)(C)O[C]([O-])N[C@H](C=O)C1CCCCC1
1q72	mol2	ok	oc(OC)[C@H]1[C@@H](Oc(o)c2ccccc2)C[C@H]2[N@H+](C)[C@@H]1CC2	CO[C]([O-])[C@H]1[C@@H](O[C]([O-])c2ccccc2)C[C@@H]2CC[C@H]1[N@H+]2C
1qbn	mol2	ok	c1c(cc(nc1Oc1cc(ccc1O)[c]([nH2])[nH2])Oc1cccc(c1)C1=NC=CN1)C(=O)[O-]	NC(=[NH2+])c1ccc(O)c(Oc2cc(C(=O)[O-])cc(Oc3cccc(-c4ncc[nH]4)c3)n2)c1
1qbq	mol2	ok	p([o])([o])(o)[C@H](O)/C=C(\C)/CC/C=C(\C)/CCC=C(C)C	CC(C)=CCC/C(C)=C/CC/C(C)=C/[C@@H](O)P(=O)([O-])[O-]
1qca	mol2	ok	oc(O[C@H]1C[C@@]2(C)[C@@H](C[C@@H](O)[C@H]3[C@@]4(C)CC[C@@H](O)[C@@H](C)[C@@H]4CC[C@]23C)/C/1=C(\CCC=C(C)C)/C(=O)[O-])C	C[C]([O-])O[C@H]1C[C@@]2(C)[C@@H](C[C@@H](O)[C@H]3[C@@]4(C)CC[C@@H](O)[C@@H](C)[C@@H]4CC[C@@]32C)/C1=C(\CCC=C(C)C)C(=O)[O-]
1qf4	mol2	ok	p([o])([o])(o)OC[C@H]1O[C@@]2(NC(=O)N(CCC[C@@H]([N@@+](O)CO)C(=O)[O-])C2=O)[C@H](O)[C@@H]1O	O=C([O-])[C@@H](CCCN1C(=O)N[C@@]2(O[C@H](COP(=O)([O-])[O-])[C@@H](O)[C@H]2O)C1=O)[N+](O)CO
1qf5	mol2	ok	p([o])([o])(o)OC[C@H]1O[C@@]2(NC(=O)N(CCC[C@H]([N@@+](O)CO)C(=O)[O-])C2=O)[C@H](O)[C@@H]1O	O=C([O-])[C@H](CCCN1C(=O)N[C@@]2(O[C@H](COP(=O)([O-])[O-])[C@@H](O)[C@H]2O)C1=O)[N+](O)CO
1qfs	mol2	ok	OC[C@H]1N(CCC1)C(=O)[C@H]1N(CCC1)c(o)OCc1ccccc1	O=C([C@@H]1CCCN1[C]([O-])OCc1ccccc1)N1CCC[C@H]1CO
1qji	mol2	ok	[P@](=O)(O)(N[C@@H](C)C(=O)N1CCC[C@H]1c(o)OC)[C@@H](NC(=O)[C@@H](NC(=O)[C@H]1N(CCC1)c(o)OCc1ccccc1)CCCC[NH3+])Cc1ccccc1	CO[C]([O-])[C@@H]1CCCN1C(=O)[C@H](C)N[P@](=O)(O)[C@H](Cc1ccccc1)NC(=O)[C@H](CCCC[NH3+])NC(=O)[C@@H]1CCCN1[C]([O-])OCc1ccccc1
1qpf	mol2	ok	oc1O[C@H](/C(=C/[C@@H]2CC[C@@H](Oc3ccc4N(CC)C=Cc4c3)[C@H](OC)C2)/C)[C@H](C)[C@@H](O)CC(=O)[C@H](CC)/C=C(\C)/C[C@H](C)C[C@H](OC)[C@H]2O[C@@](O)(C(=O)C(=O)N3CCCC[C@@H]13)[C@H](C)C[C@@H]2OC	CC[C@@H]1/C=C(\C)C[C@H](C)C[C@H](OC)[C@H]2O[C@@](O)(C(=O)C(=O)N3CCCC[C@H]3[C]([O-])O[C@H](/C(C)=C/[C@@H]3CC[C@@H](Oc4ccc5c(ccn5CC)c4)[C@H](OC)C3)[C@H](C)[C@@H](O)CC1=O)[C@H](C)C[C@@H]2OC
1qpl	mol2	ok	oc1O[C@H](/C(=C/[C@@H]2CC[C@@H](Oc3ccc4N(C)C=Cc4c3)[C@H](OC)C2)/C)[C@H](C)[C@@H](O)CC(=O)[C@H](CC)/C=C(\C)/[C@@H](O)[C@H](C)C[C@H](OC)[C@H]2O[C@@](O)(C(=O)C(=O)N3CCCC[C@@H]13)[C@H](C)C[C@@H]2OC	CC[C@@H]1/C=C(\C)[C@@H](O)[C@H](C)C[C@H](OC)[C@H]2O[C@@](O)(C(=O)C(=O)N3CCCC[C@H]3[C]([O-])O[C@H](/C(C)=C/[C@@H]3CC[C@@H](Oc4ccc5c(ccn5C)c4)[C@H](OC)C3)[C@H](C)[C@@H](O)CC1=O)[C@H](C)C[C@@H]2OC
1qr3	mol2	ok	O=C(C(C)C)N[C@@H]1C(=O)N[C@@H]2C(=O)N/C(=C\C)/C(=O)N[C@H](C(=O)N[C@H](C(=O)N(C)[C@H](C(=O)N[C@H](c(O[C@@H]2C)o)C(C)C)Cc2c(NC(=O)NCCC1)cc(O)c(O)c2)Cc1ccccc1)CCCO	C/C=C1\NC(=O)[C@H]2NC(=O)[C@@H](NC(=O)C(C)C)CCCNC(=O)Nc3cc(O)c(O)cc3C[C@@H](C(=O)N[C@@H](C(C)C)[C]([O-])O[C@@H]2C)N(C)C(=O)[C@H](Cc2ccccc2)NC(=O)[C@H](CCCO)NC1=O
1qxk	mol2	ok	[O-]C(=O)COc1ccc(cc1O)C[C@H](NC(=O)C)C(=O)NCCCCOc1cccc(O)c1c(o)OC	CO[C]([O-])c1c(O)cccc1OCCCCNC(=O)[C@H](Cc1ccc(OCC(=O)[O-])c(O)c1)NC(C)=O
1qyg	mol2	ok	[O-]C(=O)[C@H]1[C@@H](Oc(o)c2ccccc2)C[C@H]2[N@H+](C)[C@@H]1CC2	C[N@H+]1[C@H]2CC[C@@H]1[C@@H](C(=O)[O-])[C@@H](O[C]([O-])c1ccccc1)C2
1r0p	mol2	ok	oc(OC)[C@@]1(O)C[C@H]2O[C@@]1(N1c3ccccc3-c3c1c1N2c2ccccc2-c1c1C(=O)NCc31)C	CO[C]([O-])[C@@]1(O)C[C@H]2O[C@]1(C)n1c3ccccc3c3c4c(c5c6ccccc6n2c5c31)C(=O)NC4
1re8	mol2	ok	oc(OC1=C(NC(=O)c2ccc(O)cc2)C[NH2+]CCC1)c1ccc(cc1)C(=O)c1ccccc1O	O=C(NC1=C(O[C]([O-])c2ccc(C(=O)c3ccccc3O)cc2)CCC[NH2+]C1)c1ccc(O)cc1
1rej	mol2	ok	oc(O[C@@H]1CCC[NH2+]C[C@H]1NC(=O)c1ccc(O)cc1)c1ccc(O)cc1	O=C(N[C@@H]1C[NH2+]CCC[C@H]1O[C]([O-])c1ccc(O)cc1)c1ccc(O)cc1
1rek	mol2	ok	oc(O[C@@H]1CCC[NH2+]C[C@H]1NC(=O)c1ccc(O)c(c1)[C@@H](C)CC)c1ccc(cc1)C(=O)c1cc(OC)ccc1O	CC[C@H](C)c1cc(C(=O)N[C@@H]2C[NH2+]CCC[C@H]2O[C]([O-])c2ccc(C(=O)c3cc(OC)ccc3O)cc2)ccc1O
1rgj	mol2	ok	O=C([C@@H]([NH3+])Cc1ccccc1)N[C@H](C(=O)N[C@H](C(=O)N[C@H](C(=O)N[C@H](C(=O)N[C@H](C(=O)N[C@H](C(=O)N[C@H](C(=O)N[C@@H]1C(=O)N2CCC[C@H]2C(=O)N[C@H](C(=O)N[C@H](C(=O)N[C@@H](CC(=O)[O-])c(o)OOc(o)CC1)CC(=O)[O-])CC1=CNc2ccccc12)CC(C)C)CO)CO)CCC(=O)[O-])Cc1ccc(O)cc1)Cc1ccc(O)cc1)CCC[nH][c]([nH2])[nH2]	CC(C)C[C@H](NC(=O)[C@H](CO)NC(=O)[C@H](CO)NC(=O)[C@H](CCC(=O)[O-])NC(=O)[C@H](Cc1ccc(O)cc1)NC(=O)[C@H](Cc1ccc(O)cc1)NC(=O)[C@H](CCCNC(N)=[NH2+])NC(=O)[C@@H]([NH3+])Cc1ccccc1)C(=O)N[C@H]1CC[C]([O-])OO[C]([O-])[C@H](CC(=O)[O-])NC(=O)[C@H](CC(=O)[O-])NC(=O)[C@H](Cc2c[nH]c3ccccc23)NC(=O)[C@@H]2CCCN2C1=O
1rhr	mol2	ok	Clc1cccc(F)c1CSCC(=O)[C@@H](NC(=O)[C@@H](NC(=O)Cc1cc(/C=C/c(o)OC)ccc1OCC)C(C)C)CC(=O)[O-]	CCOc1ccc(/C=C/[C]([O-])OC)cc1CC(=O)N[C@H](C(=O)N[C@@H](CC(=O)[O-])C(=O)CSCc1c(F)cccc1Cl)C(C)C
1rry	mol2	ok	oc(OCC)C1=C[nH][c]([nH2])[nH]C1=O	CCO[C]([O-])c1c[nH]c(=[NH2+])[nH]c1=O
1s9t	mol2	ok	C(=O)([C@H](CN1C(=O)[N]c(o)O1)[NH3+])[O-]	[NH3+][C@@H](CN1O[C]([O-])[N-]C1=O)C(=O)[O-]
1sbg	mol2	ok	oc(OC(C)(C)C)N[C@@H](Cc1ccccc1)[C@@H](O)C[C@@H](Cc1ccccc1)C(=O)N[C@H](C1=[NH]C=CN1)C(C)C	CC(C)[C@H](NC(=O)[C@H](Cc1ccccc1)C[C@H](O)[C@H](Cc1ccccc1)N[C]([O-])OC(C)(C)C)c1[nH]cc[nH+]1
1sh9	mol2	ok	S1C=NC=C1COc(o)N[C@@H](Cc1ccccc1)[C@@H](O)C[C@@H](NC(=O)[C@@H](NC(=O)N(C)CC1=CSC(=N1)C(C)C)C(C)C)Cc1ccccc1	CC(C)c1nc(CN(C)C(=O)N[C@H](C(=O)N[C@@H](Cc2ccccc2)C[C@H](O)[C@H](Cc2ccccc2)N[C]([O-])OCc2cncs2)C(C)C)cs1
1shc	mol2	ok	[NH3+][C@H](C(=O)N[C@H](C(=O)N[C@H](C(=O)N[C@H](C(=O)N[C@H](C(=O)N1[C@H](C(=O)N[C@H](C(=O)N[C@H](C(=O)N[C@H](C(=O)N[C@H](C(=O)N[C@H](C(=O)N[C@H](C(=O)[O-])C)CC(=O)[O-])CO)Cc2ccccc2)Cc2ccc(cc2)Op([o])(o)O)CCC(=O)N)CCC1)CC(=O)N)CCC(=O)[O-])[C@H](CC)C)[C@H](CC)C)CC1=CN=CN1	CC[C@H](C)[C@H](NC(=O)[C@@H](NC(=O)[C@@H]([NH3+])Cc1cnc[nH]1)[C@@H](C)CC)C(=O)N[C@@H](CCC(=O)[O-])C(=O)N[C@@H](CC(N)=O)C(=O)N1CCC[C@H]1C(=O)N[C@@H](CCC(N)=O)C(=O)N[C@@H](Cc1ccc(O[P@](=O)([O-])O)cc1)C(=O)N[C@@H](Cc1ccccc1)C(=O)N[C@@H](CO)C(=O)N[C@@H](CC(=O)[O-])C(=O)N[C@@H](C)C(=O)[O-]
1siv	mol2	ok	oc(OC)[C@@H](NC(=O)[C@@H](NC(=O)CC[C@H](O)[C@@H](NC(=O)[C@@H](NC(=O)[C@@H]([NH3+])C)C)Cc1ccccc1)C(C)C)C(C)C	CO[C]([O-])[C@@H](NC(=O)[C@@H](NC(=O)CC[C@H](O)[C@H](Cc1ccccc1)NC(=O)[C@H](C)NC(=O)[C@H](C)[NH3+])C(C)C)C(C)C
1snk	mol2	ok	C(CC[C@H](NC(=O)[C@H](CC(C)C)Nc(o)OCc1ccc(Br)cc1)CO)C	CCCC[C@@H](CO)NC(=O)[C@H](CC(C)C)N[C]([O-])OCc1ccc(Br)cc1
1sqb	mol2	ok	[o]/c(=C(\COC)/c1ccccc1Oc1ncnc(Oc2ccccc2C#N)c1)/OC	COC/C(=C(\[O-])OC)c1ccccc1Oc1cc(Oc2ccccc2C#N)ncn1
1sqq	mol2	ok	oc(OC)/C(=C/OC)/c1ccccc1/C=C/c1ccccc1	CO/C=C(/[C]([O-])OC)c1ccccc1/C=C/c1ccccc1
1sqt	mol2	ok	c1cc2c(c(c1OC)[C@H]1CN([NH2+]C1)S(=O)(=O)C)cc(cc2)[c]([nH2])[nH2]	COc1ccc2ccc(C(N)=[NH2+])cc2c1[C@@H]1C[NH2+]N(S(C)(=O)=O)C1
1sr7	mol2	ok	ClCC(=O)[C@@]1(Oc(o)C2=CC=CO2)[C@H](C)C[C@H]2[C@@H]3CCC4=CC(=O)CC[C@]4(C)[C@@]3(Cl)[C@@H](O)C[C@]12C	C[C@@H]1C[C@H]2[C@@H]3CCC4=CC(=O)CC[C@]4(C)[C@@]3(Cl)[C@@H](O)C[C@]2(C)[C@@]1(O[C]([O-])c1ccco1)C(=O)CCl
1sve	mol2	ok	Fc1c(OC)ccc(O)c1C(=O)c1ccc(cc1)c(o)O[C@@H]1CCC[NH2+]C[C@H]1NC(=O)c1ccncc1	COc1ccc(O)c(C(=O)c2ccc([C]([O-])O[C@@H]3CCC[NH2+]C[C@H]3NC(=O)c3ccncc3)cc2)c1F
1t7j	mol2	ok	S(=O)(=O)(N(C[C@@H](O)[C@@H](Nc(o)O[C@@H]1COCC1)Cc1ccccc1)CC(C)C)c1ccc(N)cc1	CC(C)CN(C[C@@H](O)[C@H](Cc1ccccc1)N[C]([O-])O[C@H]1CCOC1)S(=O)(=O)c1ccc(N)cc1
1tcw	mol2	ok	oc(OC(C)(C)C)N[C@@H](Cc1ccccc1)[C@@H](O)C[C@@H](Cc1ccccc1)C(=O)N[C@H](C1=[NH]C=CN1)C(C)C	CC(C)[C@H](NC(=O)[C@H](Cc1ccccc1)C[C@H](O)[C@H](Cc1ccccc1)N[C]([O-])OC(C)(C)C)c1[nH]cc[nH+]1
1tcx	mol2	ok	oc(OC(C)(C)C)N[C@@H](Cc1ccccc1)[C@@H](O)C[C@@H](Cc1ccccc1)C(=O)N[C@H](C1=[NH]C=CN1)C(C)C	CC(C)[C@H](NC(=O)[C@H](Cc1ccccc1)C[C@H](O)[C@H](Cc1ccccc1)N[C]([O-])OC(C)(C)C)c1[nH]cc[nH+]1
1tka	mol2	ok	S1C=[N](Cc2[cH][nH]c(C)cc2N)C(=C1CCOp([o])(o)op([o])([o])o)C	Cc1cc(N)c(C[n+]2csc(CCO[P@+](=O)([O-]):[O-]P(=O)([O-])[O-])c2C)c[nH+]1
1tl7	mol2	ok	p([o])(o)(Op([o])(o)Op([o])([o])o)OC[C@H]1O[C@@H](N2C=NC3=C2[nH][c]([nH2])[nH]C3=O)[C@H](O)[C@@H]1Oc(o)c1ccccc1NC	CNc1ccccc1[C]([O-])O[C@H]1[C@@H](O)[C@H](n2cnc3c(=O)[nH]c(=[NH2+])[nH]c32)O[C@@H]1CO[P@@](=O)([O-])O[P@](=O)([O-])OP(=O)([O-])[O-]
1tps	mol2	ok	c1([C@@H](NC(=O)[C@@H](N(C(=O)[C@@H](N2C(=O)[C@@H](NC(=O)[C@@H](NC(=O)[C@H]([C@H](O1)C)NC(=O)[C@H](NC(=O)[C@@H](COS(=O)(=O)O)O)CC(C)C)CCC[nH][c]([nH2])[nH2])CC[C@H]2O)CC(C)C)C)Cc1ccc(O)cc1)C(C)C)o	CC(C)C[C@@H](NC(=O)[C@H](O)COS(=O)(=O)O)C(=O)N[C@@H]1C(=O)N[C@@H](CCCNC(N)=[NH2+])C(=O)N[C@H]2CC[C@@H](O)N(C2=O)[C@@H](CC(C)C)C(=O)N(C)[C@@H](Cc2ccc(O)cc2)C(=O)N[C@@H](C(C)C)[C]([O-])O[C@@H]1C
1tqf	mol2	ok	s([o])([o])(Oc1cc(OCC(=O)NCCCCC[NH3+])cc(c1)C(=O)N[C@H](C)c1ccc(F)cc1)Cc1ccccc1	C[C@@H](NC(=O)c1cc(OCC(=O)NCCCCC[NH3+])cc(O[S@+](=O)([O-])Cc2ccccc2)c1)c1ccc(F)cc1
1tsl	mol2	ok	c1(-c2cccc3cccc(c23)C(c2cc(c(cc2)O)Cl)(c2cc(c(cc2)O)Cl)O1)o	[O-][C]1OC(c2ccc(O)c(Cl)c2)(c2ccc(O)c(Cl)c2)c2cccc3cccc1c23
1tsm	mol2	ok	O=N(=O)c1ccc2c3c(-c(o)OC2(c2ccc(O)cc2)c2ccc(O)cc2)cccc13	O=[N+]([O-])c1ccc2c3c(cccc13)[C]([O-])OC2(c1ccc(O)cc1)c1ccc(O)cc1
1ttm	mol2	ok	s([o])([o])(Oc1ccc2c(Oc(o)C3=C2CCCCC3)c1)N	N[S@@+](=O)([O-])Oc1ccc2c(c1)O[C]([O-])C1=C2CCCCC1
1tu6	mol2	ok	Fc1ccc(cc1)CC1(COc(o)N[C@@H](CCCC)C(=O)C(=O)NC2=NNC=C2)CCC1	CCCC[C@H](N[C]([O-])OCC1(Cc2ccc(F)cc2)CCC1)C(=O)C(=O)Nc1cc[nH]n1
1u0h	mol2	ok	p([o])(o)(Op([o])(o)Op([o])([o])o)OC[C@H]1O[C@@H](N2C=NC3=C2[nH][c]([nH2])[nH]C3=O)[C@H](O)[C@@H]1Oc(o)c1ccccc1NC	CNc1ccccc1[C]([O-])O[C@H]1[C@@H](O)[C@H](n2cnc3c(=O)[nH]c(=[NH2+])[nH]c32)O[C@@H]1CO[P@@](=O)([O-])O[P@](=O)([O-])OP(=O)([O-])[O-]
1u65	mol2	ok	oc(Oc1ccc2nc3C4=CC5=C(COc(o)[C@]5(O)CC)C(=O)N4Cc3c(CC)c2c1)N1CC[C@@H]([NH+]2CCCCC2)CC1	CCc1c2c(nc3ccc(O[C]([O-])N4CCC([NH+]5CCCCC5)CC4)cc13)-c1cc3c(c(=O)n1C2)CO[C]([O-])[C@]3(O)CC
1u9q	mol2	ok	oc(OCc1ccccc1)N[C@H](Cc1ccccc1)C(=O)N[C@@H](C)/C=C/C(=O)C=O	C[C@@H](/C=C/C(=O)C=O)NC(=O)[C@@H](Cc1ccccc1)N[C]([O-])OCc1ccccc1
1uho	mol2	ok	CCOc1ccc(cc1C1=N[N]2=C(NC(=C2C(=O)N1)C)CCC)S(=O)(=O)N1CC[N@H+](CC1)CC	CCCc1[nH]c(C)c2c(=O)[nH]c(-c3cc(S(=O)(=O)N4CC[NH+](CC)CC4)ccc3OCC)n[n+]12
1ur9	mol2	ok	OC[C@H]1O[C@H]([C@H](NC(=O)C)[C@@H](O)[C@@H]1O)O[C@H]1[C@H](O)[C@@H](NC(=O)C)/C(=N/Oc(o)Nc2ccccc2)/O[C@@H]1CO	CC(=O)N[C@H]1[C@H](O[C@H]2[C@H](O)[C@@H](NC(C)=O)/C(=N/O[C]([O-])Nc3ccccc3)O[C@@H]2CO)O[C@H](CO)[C@@H](O)[C@@H]1O
1urw	mol2	ok	c1c(ccc(c1)S(=O)(=O)NCCC[NH+](C)C)Nc1nc(C2=CN[c]3cccnn23)ccn1	C[NH+](C)CCCNS(=O)(=O)c1ccc(Nc2nccc(-c3c[nH]c4cccn[n+]34)n2)cc1
1uv6	mol2	ok	oc(OCC[N+](C)(C)C)N	C[N+](C)(C)CCO[C](N)[O-]
1uvu	mol2	ok	oc(OCC)CCc1ccc2ccc(cc2c1)[c]([nH2])[nH2]	CCO[C]([O-])CCc1ccc2ccc(C(N)=[NH2+])cc2c1
1v11	mol2	ok	S1CN(Cc2cnc(nc2N)C)C(=C1CCOp([o])(o)op([o])([o])o)C	CC1=C(CCO[P@+](=O)([O-]):[O-]P(=O)([O-])[O-])SCN1Cc1cnc(C)nc1N
1v16	mol2	ok	S1CN(Cc2cnc(nc2N)C)C(=C1CCOp([o])(o)op([o])([o])o)C	CC1=C(CCO[P@+](=O)([O-]):[O-]P(=O)([O-])[O-])SCN1Cc1cnc(C)nc1N
1v1m	mol2	ok	S1CN(Cc2cnc(nc2N)C)C(=C1CCOp([o])(o)op([o])([o])o)C	CC1=C(CCO[P@+](=O)([O-]):[O-]P(=O)([O-])[O-])SCN1Cc1cnc(C)nc1N
1v2h	mol2	ok	N1=CNC2=C1[nH][c]([nH]C2=O)[nH2]	[NH2+]=c1[nH]c(=O)c2[nH]cnc2[nH]1
1v2o	mol2	ok	N([C@@H](Cc1cccc(c1)[c]([nH2])[nH2])c(o)OC)C(=O)CNS(=O)(=O)c1ccc(C)cc1	CO[C]([O-])[C@H](Cc1cccc(C(N)=[NH2+])c1)NC(=O)CNS(=O)(=O)c1ccc(C)cc1
1v2p	mol2	ok	N([C@@H](Cc1cccc(c1)[c]([nH2])[nH2])c(o)OC)C(=O)CNS(=O)(=O)c1ccc(C)cc1	CO[C]([O-])[C@H](Cc1cccc(C(N)=[NH2+])c1)NC(=O)CNS(=O)(=O)c1ccc(C)cc1
1v2q	mol2	ok	N([C@@H](Cc1cccc(c1)[c]([nH2])[nH2])c(o)OC)C(=O)CNS(=O)(=O)c1ccc(C)cc1	CO[C]([O-])[C@H](Cc1cccc(C(N)=[NH2+])c1)NC(=O)CNS(=O)(=O)c1ccc(C)cc1
1v2r	mol2	ok	N([C@@H](Cc1cccc(c1)[c]([nH2])[nH2])c(o)OC)C(=O)CNS(=O)(=O)c1ccc(C)cc1	CO[C]([O-])[C@H](Cc1cccc(C(N)=[NH2+])c1)NC(=O)CNS(=O)(=O)c1ccc(C)cc1
1v2t	mol2	ok	N([C@@H](Cc1cccc(c1)[c]([nH2])[nH2])c(o)OC)C(=O)CNS(=O)(=O)c1ccc(C)cc1	CO[C]([O-])[C@H](Cc1cccc(C(N)=[NH2+])c1)NC(=O)CNS(=O)(=O)c1ccc(C)cc1
1v2w	mol2	ok	N([C@@H](Cc1cccc(c1)[c]([nH2])[nH2])c(o)OC)C(=O)CNS(=O)(=O)c1ccc(C)cc1	CO[C]([O-])[C@H](Cc1cccc(C(N)=[NH2+])c1)NC(=O)CNS(=O)(=O)c1ccc(C)cc1
1w10	mol2	ok	[nH2][c]([nH2])[nH]CCC[C@@H](C=O)NC(=O)[C@H](C)NC(=O)[C@@H](CO)Nc(o)OCC(C)C	CC(C)CO[C]([O-])N[C@H](CO)C(=O)N[C@@H](C)C(=O)N[C@H](C=O)CCCNC(N)=[NH2+]
1w7g	mol2	ok	S(=O)(=O)(N[C@@H](CCC[nH][c]([nH2])[nH2])C(=O)N1CC[N@+](CC1)CCC[NH3+])c1cccc(c1)C(F)(F)F	NC(=[NH2+])NCCC[C@H](NS(=O)(=O)c1cccc(C(F)(F)F)c1)C(=O)N1CC[N+](CCC[NH3+])CC1
1w8m	mol2	ok	oc(OCC)C(=O)N1CCCCC1	CCO[C]([O-])C(=O)N1CCCCC1
1w96	mol2	ok	oc1O[C@@H](CCCC[C@H](OC)[C@H](OC)/C=C/[C@H](C)[C@@H]2O[C@@](O)([C@H](OC)[C@@H](O)[C@@H]2C)[C@@H]1C)c1ccccc1	CO[C@H]1CCCC[C@@H](c2ccccc2)O[C]([O-])[C@@H](C)[C@@]2(O)O[C@H]([C@@H](C)[C@H](O)[C@H]2OC)[C@@H](C)/C=C/[C@H]1OC
1waw	mol2	ok	CC(=O)[nH][c]([nH2])[nH]CCC[C@@H]1NC(=O)[C@@H](NC(=O)[C@@H](N2C(=O)[C@@H](NC(=O)[C@@H]3N(C1=O)CCC3)C[C@H]2O)CC1=CNC=[NH]1)CCCC(=O)[O-]	CC(=O)NC(=[NH2+])NCCC[C@@H]1NC(=O)[C@H](CCCC(=O)[O-])NC(=O)[C@H](Cc2c[nH]c[nH+]2)N2C(=O)[C@H](C[C@H]2O)NC(=O)[C@H]2CCCN2C1=O
1wc6	mol2	ok	p([o])([o])(o)Op([o])(o)O[p@@]([S])(o)OC[C@H]1O[C@H]([C@@H]([C@@H]1O)O)N1C=Nc2c(N)ncnc12	Nc1ncnc2c1ncn2[C@@H]1O[C@H](CO[P@@](=O)([S-])O[P@](=O)([O-])OP(=O)([O-])[O-])[C@@H](O)[C@H]1O
1wuq	mol2	ok	p([o])([o])(o)op([o])(o)op([o])(o)OC[C@H]1O[C@@H](N2C(=O)NC3=C2N=C(N)NC3=O)[C@H](O)[C@@H]1O	Nc1nc2c([nH]c(=O)n2[C@@H]2O[C@H](CO[P@@+](=O)([O-]):[O-][P@@+](=O)([O-]):[O-]P(=O)([O-])[O-])[C@@H](O)[C@H]2O)c(=O)[nH]1
1wur	mol2	ok	p([o])([o])(o)op([o])(o)op([o])(o)OC[C@H]1O[C@@H](N2C(=O)NC3=C2N=C(N)NC3=O)C[C@@H]1O	Nc1nc2c([nH]c(=O)n2[C@H]2C[C@H](O)[C@@H](CO[P@@+](=O)([O-]):[O-][P@@+](=O)([O-]):[O-]P(=O)([O-])[O-])O2)c(=O)[nH]1
1wvc	mol2	ok	p([o])([o])(o)op([o])(o)op([o])(o)OC[C@H]1O[C@@H](N2C=CC(=NC2=O)N)[C@H](O)[C@@H]1O	Nc1ccn([C@@H]2O[C@H](CO[P@+](=O)([O-]):[O-][P@+](=O)([O-]):[O-]P(=O)([O-])[O-])[C@@H](O)[C@H]2O)c(=O)n1
1wzy	mol2	ok	NC1=NN(CC=C)c2nnc(cc12)C1=C(Nn2[cH]cccc12)c1ccccc1	C=CCn1nc(N)c2cc(-c3c(-c4ccccc4)[nH][n+]4ccccc34)nnc21
1x07	mol2	ok	p([o])([o])(o)op([o])(o)OCC=C(C)C	CC(C)=CCO[P@@+](=O)([O-]):[O-]P(=O)([O-])[O-]
1x0n	mol2	ok	p([o])([o])(o)Cc1ccc(cc1)[C@H]1/C=C/C[C@H](CNC(=O)[C@@H](NC(=O)C2(NC(=O)C1)CCCCC2)CC(=O)N)Cc1cccc2ccccc12	NC(=O)C[C@@H]1NC(=O)C2(CCCCC2)NC(=O)C[C@@H](c2ccc(CP(=O)([O-])[O-])cc2)/C=C/C[C@@H](Cc2cccc3ccccc23)CNC1=O
1x81	mol2	ok	Clc1ccc(cc1)[C@]([NH2+])(C1=C[NH]=CN1C)c1ccc2N(C)C(=O)C=C(c3cccc(Cl)c3)c2c1	Cn1c[nH+]cc1[C@@]([NH2+])(c1ccc(Cl)cc1)c1ccc2c(c1)c(-c1cccc(Cl)c1)cc(=O)n2C
1x8r	mol2	ok	p([o])([o])(o)O[C@@H]1C=C(C[C@@H](O[C@](p([o])([o])o)(C)C(=O)[O-])[C@@H]1O)C(=O)[O-]	C[C@@](O[C@@H]1CC(C(=O)[O-])=C[C@@H](OP(=O)([O-])[O-])[C@H]1O)(C(=O)[O-])P(=O)([O-])[O-]
1x8t	mol2	ok	p([o])([o])(o)O[C@@H]1C=C(C[C@@H](O[C@@](p([o])([o])o)(C)C(=O)[O-])[C@@H]1O)C(=O)[O-]	C[C@](O[C@@H]1CC(C(=O)[O-])=C[C@@H](OP(=O)([O-])[O-])[C@H]1O)(C(=O)[O-])P(=O)([O-])[O-]
1xa5	mol2	ok	ClCCN1c(o)O[C@@]2(C[C@]3(CC)C=CC[N@H+]4CC[C@]5([C@H]2N(C)c2cc(OC)c(cc52)[C@]2(C[C@H]5C[N@@H+](CCC6=C2Nc2ccccc62)C[C@](O)(CC)C5)c(o)OC)[C@H]34)C1=O	CC[C@]1(O)C[C@@H]2C[N@@H+](CCc3c([nH]c4ccccc34)[C@@]([C]([O-])OC)(c3cc4c(cc3OC)N(C)[C@@H]3[C@]45CC[N@@H+]4CC=C[C@@](CC)(C[C@@]36O[C]([O-])N(CCCl)C6=O)[C@H]45)C2)C1
1xbo	mol2	ok	OCC1=C(ON=C1C(=O)[O-])c1cccc(/C=C/COc2cccc(O)c2c(o)OC)c1	CO[C]([O-])c1c(O)cccc1OC/C=C/c1cccc(-c2onc(C(=O)[O-])c2CO)c1
1xdd	mol2	ok	OCc1c(OC)ccc2cc(CN3C(=O)C[C@H](O)C[C@@H]3CC[C@H]3[C@@H](C)C=CC4=C[C@H](C)C[C@H](Oc(o)[C@@H](C)CC)[C@H]34)ccc12	CC[C@H](C)[C]([O-])O[C@H]1C[C@@H](C)C=C2C=C[C@H](C)[C@H](CC[C@H]3C[C@@H](O)CC(=O)N3Cc3ccc4c(CO)c(OC)ccc4c3)[C@H]21
1xdg	mol2	ok	oc1O[C@H](CC[C@H]2[C@@H](C)C=CC3=C[C@H](C)C[C@H](Oc(o)[C@@H](C)CC)[C@H]23)C[C@@H](N1Cc1ccc(O)c(OC)c1)CC(=O)NC	CC[C@H](C)[C]([O-])O[C@H]1C[C@@H](C)C=C2C=C[C@H](C)[C@H](CC[C@@H]3C[C@H](CC(=O)NC)N(Cc4ccc(O)c(OC)c4)[C]([O-])O3)[C@H]21
1xlz	mol2	ok	oc(O[NH2+][C@H](C)c1ccc(OC)c(OC2CCCC2)c1)N	COc1ccc([C@@H](C)[NH2+]O[C](N)[O-])cc1OC1CCCC1
1xm6	mol2	ok	oc1O[C@@](C)(CN1)c1ccc(OC)c(OCCC)c1	CCCOc1cc([C@]2(C)CN[C]([O-])O2)ccc1OC
1xoe	mol2	ok	[O-]C(=O)[C@@H]1[NH2+][C@@H]([C@@H](NC(=O)C)CC(C)C)[C@@H](C1)c(o)OC	CO[C]([O-])[C@@H]1C[C@H](C(=O)[O-])[NH2+][C@H]1[C@H](CC(C)C)NC(C)=O
1xog	mol2	ok	[O-]C(=O)[C@@H]1O[C@@H]([C@@H](NC(=O)C)CC(C)C)[C@@H](C1)c(o)OC	CO[C]([O-])[C@@H]1C[C@H](C(=O)[O-])O[C@H]1[C@H](CC(C)C)NC(C)=O
1xpz	mol2	ok	s([o])([o])(Oc1ccc(CN(N2C=NN=C2)c2ccc(cc2)C#N)cc1)N	N#Cc1ccc(N(Cc2ccc(O[S@+](N)(=O)[O-])cc2)n2cnnc2)cc1
1xq0	mol2	ok	s([o])([o])(Oc1ccc(cc1Br)CN(c1ccc(C#N)cc1)N1C=NN=C1)N	N#Cc1ccc(N(Cc2ccc(O[S@+](N)(=O)[O-])c(Br)c2)n2cnnc2)cc1
1xs7	mol2	ok	oc1OCCCCCCNC(=O)C[C@H](NC(=O)[C@@H](N1)C(C)C)C(=O)N[C@@H](CC(C)C)[C@@H](O)C[C@@H](C)C(=O)N[C@H](C(=O)NCc1ccccc1)C(C)C	CC(C)C[C@H](NC(=O)[C@@H]1CC(=O)NCCCCCCO[C]([O-])N[C@@H](C(C)C)C(=O)N1)[C@@H](O)C[C@@H](C)C(=O)N[C@H](C(=O)NCc1ccccc1)C(C)C
1xxe	mol2	ok	oc(O[C@H]1[C@H](O)[C@H](OC[C@@H]1CC(=O)NO)CO)CCCCCCCCCCCCC	CCCCCCCCCCCCC[C]([O-])O[C@@H]1[C@@H](CC(=O)NO)CO[C@H](CO)[C@H]1O
1xxh	mol2	ok	p([o])(o)(S)Op([o])(o)Op([o])(o)OC[C@H]1O[C@H]([C@@H]([C@@H]1O)O)N1C=Nc2c(N)ncnc12	Nc1ncnc2c1ncn2[C@@H]1O[C@H](CO[P@](=O)([O-])O[P@@](=O)([O-])O[P@](=O)([O-])S)[C@@H](O)[C@H]1O
1y2b	mol2	ok	oc(OCC)C1=C(C)NN=C1C	CCO[C]([O-])c1c(C)n[nH]c1C
1y2c	mol2	ok	c(OCC)(C1=C(C)N(N=C1C)c1ccccc1)o	CCO[C]([O-])c1c(C)nn(-c2ccccc2)c1C
1y2d	mol2	ok	oc(OCC)C1=C(N(N=C1C)c1ccc(OC)cc1)C	CCO[C]([O-])c1c(C)nn(-c2ccc(OC)cc2)c1C
1y2e	mol2	ok	oc(OCC)C1=C(C)N(N=C1C)c1ccc(cc1)N	CCO[C]([O-])c1c(C)nn(-c2ccc(N)cc2)c1C
1y2h	mol2	ok	Clc1ccccc1N1N=C(C)C(=C1C)c(o)OCC	CCO[C]([O-])c1c(C)nn(-c2ccccc2Cl)c1C
1y2j	mol2	ok	O=N(=O)c1cccc(N2N=C(C)C(=C2C)c(o)OCC)c1	CCO[C]([O-])c1c(C)nn(-c2cccc([N+](=O)[O-])c2)c1C
1y2k	mol2	ok	O=N(=O)c1cccc(N2N=C(C)C(=C2C)c(o)OCC)c1	CCO[C]([O-])c1c(C)nn(-c2cccc([N+](=O)[O-])c2)c1C
1y91	mol2	ok	[NH3+][C@H]1CC[C@@H](CC1)Nc1cc(n2[c](n1)C(=CN2)C(C)C)Nc1ccc(S(=O)(=O)N(C)C)cc1	CC(C)c1c[nH][n+]2c(Nc3ccc(S(=O)(=O)N(C)C)cc3)cc(N[C@H]3CC[C@H]([NH3+])CC3)nc12
1ybg	mol2	ok	c1(cc2c(cc1)cccc2)S(=O)(=O)Nc1ccc(cc1C(=O)N(C)[C@H](C(=O)[O-])CC(=O)[O-])Os(c1cc2c(cccc2)cc1)([o])[o]	CN(C(=O)c1cc(O[S@@+](=O)([O-])c2ccc3ccccc3c2)ccc1NS(=O)(=O)c1ccc2ccccc2c1)[C@@H](CC(=O)[O-])C(=O)[O-]
1yet	mol2	ok	oc(O[C@@H]1[C@@H](OC)/C=C\C=C(/C)\C(=O)NC2=CC(=O)C(=C(C[C@@H](C)C[C@H](OC)[C@H](O)[C@@H](C)/C=C/1\C)C2=O)OC)N	COC1=C2C[C@@H](C)C[C@H](OC)[C@H](O)[C@@H](C)/C=C(\C)[C@H](O[C](N)[O-])[C@@H](OC)/C=C\C=C(/C)C(=O)NC(=CC1=O)C2=O
1yhm	mol2	ok	p([o])([o])(o)C(p([o])([o])o)(O)CCC[NH3+]	[NH3+]CCCC(O)(P(=O)([O-])[O-])P(=O)([O-])[O-]
1yk7	mol2	ok	oc(OCc1ccccc1)N[C@@H](CC(C)C)C(=O)N[C@H]1CN(C#N)CC1	CC(C)C[C@H](N[C]([O-])OCc1ccccc1)C(=O)N[C@@H]1CCN(C#N)C1
1ynd	mol2	ok	oc1O[C@@H](C/C=C/C=C/[C@H](O)[C@H](C)[C@@H](O)[C@@H](CCC(=O)C)C(=O)N[C@H](C(=O)N[C@@H](Cc2cccc(O)c2)C(=O)N2[NH2+][C@H]1CCC2)C(C)C)/C(=C/C=C/CC[C@H](C)[C@@H](O)C[C@@H]1O[C@@]2(NC(=O)[C@@H](CC)C[C@@H]2C)[C@@H](C)[C@@H](O)[C@H]1C)/C	CC[C@H]1C[C@H](C)[C@@]2(NC1=O)O[C@@H](C[C@H](O)[C@@H](C)CC/C=C/C=C(\C)[C@@H]1C/C=C/C=C/[C@H](O)[C@H](C)[C@@H](O)[C@@H](CCC(C)=O)C(=O)N[C@@H](C(C)C)C(=O)N[C@@H](Cc3cccc(O)c3)C(=O)N3CCC[C@H]([NH2+]3)[C]([O-])O1)[C@H](C)[C@H](O)[C@@H]2C
1yt7	mol2	ok	CCCC[C@H](Nc(o)O[C@H](CC1=NN=C(O1)c1ccc(cc1)C(F)(F)F)C(C)(C)C)C(=O)C(=O)NN1CCOc1o	CCCC[C@H](N[C]([O-])O[C@H](Cc1nnc(-c2ccc(C(F)(F)F)cc2)o1)C(C)(C)C)C(=O)C(=O)NN1CCO[C]1[O-]
1yw2	mol2	ok	Fc1ccc(cc1)C1=C(N(Oc1o)COCC)c1nc(Oc2ccccc2O)ncc1	CCOCN1O[C]([O-])C(c2ccc(F)cc2)=C1c1ccnc(Oc2ccccc2O)n1
1yyy	mol2	ok	[sH]([o])([o])N[C@H]1CCCN(C1=O)CC(=O)N[C@H](CO)C[C@H]1Cn([c]([nH2])[nH2])CCC1	NC(=[NH2+])N1CCC[C@@H](C[C@@H](CO)NC(=O)CN2CCC[C@H](N[S@H+](=O)[O-])C2=O)C1
1z2b	mol2	ok	oc(O[C@H]1[C@](O)(c(o)OC)[C@@H]2N(C)c3cc(OC)c(cc3[C@]32CC[N@@H+]2CC=C[C@]1(CC)[C@@H]32)[C@]1(C[C@H]2C[N@@H+](CCC3=C1Nc1ccccc31)C[C@](O)(CC)C2)c(o)OC)C	CC[C@]1(O)C[C@@H]2C[N@@H+](CCc3c([nH]c4ccccc34)[C@@]([C]([O-])OC)(c3cc4c(cc3OC)N(C)[C@H]3[C@@](O)([C]([O-])OC)[C@H](O[C](C)[O-])[C@]5(CC)C=CC[N@H+]6CC[C@]43[C@@H]65)C2)C1
1z6f	mol2	ok	oc(OC(C)(C)C)N[C@H](C(=O)[O-])CCC(=O)N[C@H](C(=O)N[C@H](C)B(O)O)CCCCNc(o)OCc1ccccc1	C[C@@H](NC(=O)[C@H](CCCCN[C]([O-])OCc1ccccc1)NC(=O)CC[C@H](N[C]([O-])OC(C)(C)C)C(=O)[O-])B(O)O
1zgv	mol2	ok	c1c(c(cc(c1)Cl)NC1=[NH]n2[c](N1)[nH][c](cc2NCCCC)C)C	CCCCNc1cc(C)[nH+]c2[nH]c(Nc3cc(Cl)ccc3C)[nH+][n+]12
1zp8	mol2	ok	COc1ccc(cc1)S(=O)(=O)N(CC(C)C)C[C@@H](O)[C@H](Cc1ccccc1)N1C=C(COc(o)N[C@H]2[C@H](O)Cc3ccccc23)N=N1	COc1ccc(S(=O)(=O)N(CC(C)C)C[C@@H](O)[C@H](Cc2ccccc2)n2cc(CO[C]([O-])N[C@@H]3c4ccccc4C[C@H]3O)nn2)cc1
1zpa	mol2	ok	C(=O)(NCC1=CN(N=N1)[C@H]([C@@H](CN(CC(C)C)S(=O)(=O)c1ccc(cc1)OC)O)Cc1ccccc1)c1ccc(cc1)CNc(o)OC(C)(C)C	COc1ccc(S(=O)(=O)N(CC(C)C)C[C@@H](O)[C@H](Cc2ccccc2)n2cc(CNC(=O)c3ccc(CN[C]([O-])OC(C)(C)C)cc3)nn2)cc1
1zs0	mol2	ok	S(=O)(=O)(N[C@@H](p([o])([o])o)C(C)C)c1ccc(cc1)c1ccc(OC)cc1	COc1ccc(-c2ccc(S(=O)(=O)N[C@H](C(C)C)P(=O)([O-])[O-])cc2)cc1
1zsf	mol2	ok	oc(OC(C)(C)C)N[C@@H](Cc1ccccc1)[C@H](O)C[NH2+][C@@H](Cc1ccccc1)C(=O)N[C@@H](CCC(=O)[O-])C(=O)N[C@@H](Cc1ccccc1)C(=O)N	CC(C)(C)O[C]([O-])N[C@@H](Cc1ccccc1)[C@H](O)C[NH2+][C@@H](Cc1ccccc1)C(=O)N[C@@H](CCC(=O)[O-])C(=O)N[C@@H](Cc1ccccc1)C(N)=O
1zsh	mol2	ok	p([o])([o])(o)O[C@@H]1[C@H](Op([o])([o])o)[C@H](Op([o])([o])o)[C@@H](Op([o])([o])o)[C@H](Op([o])([o])o)[C@H]1Op([o])([o])o	O=P([O-])([O-])O[C@H]1[C@H](OP(=O)([O-])[O-])[C@@H](OP(=O)([O-])[O-])[C@H](OP(=O)([O-])[O-])[C@@H](OP(=O)([O-])[O-])[C@H]1OP(=O)([O-])[O-]
1zsr	mol2	ok	oc(OC(C)(C)C)N[C@@H](Cc1ccccc1)[C@@H](O)C[NH2+][C@@H](Cc1ccccc1)C(=O)N[C@@H](CCC(=O)[O-])C(=O)N[C@@H](Cc1ccccc1)C(=O)N	CC(C)(C)O[C]([O-])N[C@@H](Cc1ccccc1)[C@@H](O)C[NH2+][C@@H](Cc1ccccc1)C(=O)N[C@@H](CCC(=O)[O-])C(=O)N[C@@H](Cc1ccccc1)C(N)=O
2a3w	mol2	ok	oc(O[C@H]1CO[C@@](OC1)(C)C(=O)[O-])NCCNc(o)O[C@H]1CO[C@@](OC1)(C)C(=O)[O-]	C[C@]1(C(=O)[O-])OC[C@@H](O[C]([O-])NCCN[C]([O-])O[C@H]2CO[C@@](C)(C(=O)[O-])OC2)CO1
2a3x	mol2	ok	oc(O[C@@H]1CO[C@](OC1)(C)C(=O)[O-])N1CCN(CC1)c(o)O[C@H]1CO[C@@](OC1)(C)C(=O)[O-]	C[C@]1(C(=O)[O-])OC[C@@H](O[C]([O-])N2CCN([C]([O-])O[C@H]3CO[C@@](C)(C(=O)[O-])OC3)CC2)CO1
2a4g	mol2	ok	oc(OCC(C)C)N[C@H](C(=O)N[C@@H](CC(C)C)C(=O)N[C@@H](CCC)C(=O)C(=O)NCC(=O)N[C@H](C(=O)N)c1ccccc1)C1CCCCC1	CCC[C@H](NC(=O)[C@H](CC(C)C)NC(=O)[C@@H](N[C]([O-])OCC(C)C)C1CCCCC1)C(=O)C(=O)NCC(=O)N[C@H](C(N)=O)c1ccccc1
2a4r	mol2	ok	oc(OCC(C)C)N[C@H](C(=O)N[C@@H](CC1CC1)C(=O)N[C@@H](CC1CC1)C(=O)C(=O)NCC(=O)N[C@H](C(=O)[O-])c1ccccc1)C1CCCCC1	CC(C)CO[C]([O-])N[C@H](C(=O)N[C@@H](CC1CC1)C(=O)N[C@@H](CC1CC1)C(=O)C(=O)NCC(=O)N[C@H](C(=O)[O-])c1ccccc1)C1CCCCC1
2a4w	mol2	ok	NC(=O)[C@H](C[NH2+][C@@H](CC(=O)N)c1nc(c(c(n1)N)C)C(=O)N[C@H](C(=O)N[C@H](C)[C@H]([C@@H](C(=O)N[C@H](C(=O)NCCC1=NC(=CS1)C1=NC(=CS1)C(=O)NCCC[S](C)C)[C@H](O)C)C)O)[C@H](C1=CN=CN1)O[C@@H]1O[C@@H](CO)[C@@H](O)[C@H](O)[C@@H]1O[C@@H]1[C@H]([C@H]([C@@H]([C@H](O1)CO)O)Oc(N)o)O)[NH3+]	Cc1c(N)nc([C@H](CC(N)=O)[NH2+]C[C@H]([NH3+])C(N)=O)nc1C(=O)N[C@H](C(=O)N[C@H](C)[C@@H](O)[C@H](C)C(=O)N[C@H](C(=O)NCCc1nc(-c2nc(C(=O)NCCC[S+](C)C)cs2)cs1)[C@@H](C)O)[C@@H](O[C@@H]1O[C@@H](CO)[C@@H](O)[C@H](O)[C@@H]1O[C@H]1O[C@H](CO)[C@@H](O)[C@H](O[C](N)[O-])[C@@H]1O)c1cnc[nH]1
2ad5	mol2	ok	p([o])([o])(o)op([o])(o)op([o])(o)OC[C@H]1O[C@@H](N2C=CC(=NC2=O)N)[C@H](O)[C@@H]1O	Nc1ccn([C@@H]2O[C@H](CO[P@+](=O)([O-]):[O-][P@+](=O)([O-]):[O-]P(=O)([O-])[O-])[C@@H](O)[C@H]2O)c(=O)n1
2alv	mol2	ok	oc(OCC)/C=C/[C@@H](NC(=O)[C@H](CCC(=C)C)CC(=O)[C@@H](NC(=O)C1=NOC(=C1)C)C(C)C)C[C@@H]1CCNC1=O	C=C(C)CC[C@H](CC(=O)[C@@H](NC(=O)c1cc(C)on1)C(C)C)C(=O)N[C@H](/C=C/[C]([O-])OCC)C[C@@H]1CCNC1=O
2am4	mol2	ok	p([o])(o)(op([o])(o)O[C@H]1O[C@H](CO)[C@@H](O)[C@H](O)[C@H]1F)OC[C@H]1O[C@@H](N2C=CC(=O)NC2=O)[C@H](O)[C@@H]1O	O=c1ccn([C@@H]2O[C@H](CO[P@@](=O)([O-])[O-]:[P@+](=O)([O-])O[C@H]3O[C@H](CO)[C@@H](O)[C@H](O)[C@H]3F)[C@@H](O)[C@H]2O)c(=O)[nH]1
2amt	mol2	ok	p([o])(o)(Op([o])(o)OC[C@H]1O[C@@H](N2C=C[c]([nH2])[nH]C2=O)[C@H](O)[C@@H]1O)OCCOc(o)c1ccccc1N	Nc1ccccc1[C]([O-])OCCO[P@@](=O)([O-])O[P@@](=O)([O-])OC[C@H]1O[C@@H](n2ccc(=[NH2+])[nH]c2=O)[C@H](O)[C@@H]1O
2amv	mol2	ok	Clc1ccccc1[C@@H]1C(=C(N(CC)C(=C1C(=O)[O-])C(=O)[O-])C)c(o)OC(C)C	CCN1C(C)=C([C]([O-])OC(C)C)[C@@H](c2ccccc2Cl)C(C(=O)[O-])=C1C(=O)[O-]
2aqu	mol2	ok	oc(OC)N[C@H](C(=O)N[N@+](C[C@H](O)[C@@H](NC(=O)[C@@H](Nc(o)OC)C(C)(C)C)Cc1ccccc1)Cc1ccc(cc1)c1ncccc1)C(C)(C)C	CO[C]([O-])N[C@H](C(=O)N[C@@H](Cc1ccccc1)[C@@H](O)C[N+](Cc1ccc(-c2ccccn2)cc1)NC(=O)[C@@H](N[C]([O-])OC)C(C)(C)C)C(C)(C)C
2arm	mol2	ok	OC[C@@H](c(o)O[C@H]1C[C@H]2[N@@H+](C)[C@H](CC2)C1)c1ccccc1	C[N@H+]1[C@@H]2CC[C@H]1C[C@H](O[C]([O-])[C@H](CO)c1ccccc1)C2
2aux	mol2	ok	CCCC[C@H](Nc(o)O[C@H](Cc1ccccc1)C(C)C)CO	CCCC[C@@H](CO)N[C]([O-])O[C@H](Cc1ccccc1)C(C)C
2auz	mol2	ok	CCCC[C@H](Nc(o)OC1(Cc2ccccc2)CCCC1)C=O	CCCC[C@@H](C=O)N[C]([O-])OC1(Cc2ccccc2)CCCC1
2az8	mol2	ok	OC[C@@H](NC(=O)[C@@H](NC(=O)[C@@H](Nc(o)OCc1ccccc1)C)C(C)C)Cc1ccccc1	CC(C)[C@H](NC(=O)[C@H](C)N[C]([O-])OCc1ccccc1)C(=O)N[C@H](CO)Cc1ccccc1
2az9	mol2	ok	OC[C@@H](NC(=O)[C@@H](NC(=O)[C@@H](Nc(o)OCc1ccccc1)C)C(C)C)Cc1ccccc1	CC(C)[C@H](NC(=O)[C@H](C)N[C]([O-])OCc1ccccc1)C(=O)N[C@H](CO)Cc1ccccc1
2azb	mol2	ok	OC[C@@H](NC(=O)[C@@H](NC(=O)[C@@H](Nc(o)OCc1ccccc1)C)C(C)C)Cc1ccccc1	CC(C)[C@H](NC(=O)[C@H](C)N[C]([O-])OCc1ccccc1)C(=O)N[C@H](CO)Cc1ccccc1
2azc	mol2	ok	O[C@H]([C@@H](NC(=O)[C@@H](NC(=O)[C@@H](Nc(o)OCc1ccccc1)C)C(C)C)Cc1ccccc1)[C@H](O)[C@@H](NC(=O)[C@@H](NC(=O)[C@H](Nc(o)OCc1ccccc1)C)C(C)C)Cc1ccccc1	CC(C)[C@H](NC(=O)[C@H](C)N[C]([O-])OCc1ccccc1)C(=O)N[C@@H](Cc1ccccc1)[C@@H](O)[C@H](O)[C@H](Cc1ccccc1)NC(=O)[C@@H](NC(=O)[C@@H](C)N[C]([O-])OCc1ccccc1)C(C)C
2bbb	mol2	ok	oc(O[C@@H]1COCC1)N[C@@H](Cc1ccccc1)[C@@H](O)C[C@@]1([NH]=CC(=C1O)[C@@H]1C[C@H](CC(=O)N)c2ccccc12)Cc1ccccc1	NC(=O)C[C@H]1C[C@@H](C2=C(O)[C@](Cc3ccccc3)(C[C@H](O)[C@H](Cc3ccccc3)N[C]([O-])O[C@H]3CCOC3)[NH+]=C2)c2ccccc21
2bdl	mol2	ok	oc(O[C@@H]1CN(CC1(C)C)C(=O)NC1=C(ON=C1C)C)N[C@@H](CCCC)C(=O)C(=O)N[C@H](C)c1ccccc1	CCCC[C@H](N[C]([O-])O[C@@H]1CN(C(=O)Nc2c(C)noc2C)CC1(C)C)C(=O)C(=O)N[C@H](C)c1ccccc1
2bqv	mol2	ok	oc(OC)N[C@H](C(=O)N[N@+](Cc1ccccc1)C[C@@](O)(Cc1ccccc1)C(=O)N[C@@H]1[C@H](O)Cc2ccccc12)C(C)C	CO[C]([O-])N[C@H](C(=O)N[N+](Cc1ccccc1)C[C@@](O)(Cc1ccccc1)C(=O)N[C@H]1c2ccccc2C[C@H]1O)C(C)C
2br6	mol2	ok	[NH3+][C@@H]1c(o)OCC1	[NH3+][C@H]1CCO[C]1[O-]
2brp	mol2	ok	s([o])([o])(Oc1ccc(cc1)C1=Cc2ccc(Os([o])([o])N)cc2N1CCCCCCCCCC)N	CCCCCCCCCCn1c(-c2ccc(O[S@+](N)(=O)[O-])cc2)cc2ccc(O[S@+](N)(=O)[O-])cc21
2bxu	mol2	ok	ClC1=CN=C(NCC(F)(F)c2ncccc2)C(=O)N1CC[NH+]Cc1cc[c](N)[nH]c1C	Cc1[nH+]c(N)ccc1C[NH+]CCn1c(Cl)cnc(NCC(F)(F)c2ccccn2)c1=O
2byr	mol2	ok	oc(OC[C@@]12C[N@H+](CC)[C@@H]3[C@]4(O)[C@@H](OC)[C@H]2[C@@]3([C@@H](OC)CC1)[C@@H]1C[C@@H]2[C@@H](OC)C[C@@]4(O)[C@H]1[C@H]2OC)c1ccccc1N1C(=O)C[C@H](C)C1=O	CC[N@H+]1C[C@]2(CO[C]([O-])c3ccccc3N3C(=O)C[C@H](C)C3=O)CC[C@H](OC)[C@@]34[C@@H]5C[C@H]6[C@H](OC)[C@@H]5[C@](O)(C[C@@H]6OC)[C@@](O)([C@@H](OC)[C@H]23)[C@@H]14
2c69	mol2	ok	Brc1cc(ccc1)c1c[c](n2NC=Nc2n1)NCc1c[cH][nH]cc1	Brc1cccc(-c2cc(NCc3cc[nH+]cc3)[n+]3[nH]cnc3n2)c1
2c6l	mol2	ok	O=S(=O)(N)c1ccc(cc1)N[c]1n2NC=Nc2nc(c1)[NH2][C@@H]1CC[C@@H]([NH3+])CC1	NS(=O)(=O)c1ccc(Nc2cc([NH2+][C@H]3CC[C@H]([NH3+])CC3)nc3nc[nH][n+]23)cc1
2cbj	mol2	ok	OC[C@H]1O/C(=N\Oc(o)Nc2ccccc2)/[C@H](NC(=O)C)[C@@H](O)[C@@H]1O	CC(=O)N[C@H]1/C(=N/O[C]([O-])Nc2ccccc2)O[C@H](CO)[C@@H](O)[C@@H]1O
2cej	mol2	ok	Brc1ccc(C[N@@+](NC(=O)[C@@H](Nc(o)OC)C(C)(C)C)C[C@@](O)(Cc2ccccc2)C(=O)N[C@@H]2[C@H](O)Cc3ccccc23)cc1	CO[C]([O-])N[C@H](C(=O)N[N+](Cc1ccc(Br)cc1)C[C@@](O)(Cc1ccccc1)C(=O)N[C@H]1c2ccccc2C[C@H]1O)C(C)(C)C
2cem	mol2	ok	oc(OC)N[C@H](C(=O)N[N@+](Cc1ccc(cc1)c1ncccc1)C[C@@](O)(Cc1ccccc1)C(=O)N[C@@H]1[C@H](O)Cc2ccccc12)C(C)(C)C	CO[C]([O-])N[C@H](C(=O)N[N+](Cc1ccc(-c2ccccn2)cc1)C[C@@](O)(Cc1ccccc1)C(=O)N[C@H]1c2ccccc2C[C@H]1O)C(C)(C)C
2cen	mol2	ok	oc(OC)N[C@H](C(=O)N[N@+](Cc1ccc(cc1)c1cnccc1)C[C@@](O)(Cc1ccccc1)C(=O)N[C@@H]1[C@H](O)Cc2ccccc12)C(C)(C)C	CO[C]([O-])N[C@H](C(=O)N[N+](Cc1ccc(-c2cccnc2)cc1)C[C@@](O)(Cc1ccccc1)C(=O)N[C@H]1c2ccccc2C[C@H]1O)C(C)(C)C
2cgf	mol2	ok	c1(-c2c(cc(c(c2CC(=O)CCCC/C=C/CCO1)Cl)O)O)o	O=C1CCCC/C=C/CCO[C]([O-])c2c(O)cc(O)c(Cl)c2C1
2cni	mol2	ok	[C@H]1(CC(=O)NS1(=O)=O)c1ccc(cc1Cl)C[C@H](NS(=O)(=O)c1ccccc1)C(=O)NCCCCCOc1cccc(c1c(o)OC)O	CO[C]([O-])c1c(O)cccc1OCCCCCNC(=O)[C@H](Cc1ccc([C@@H]2CC(=O)NS2(=O)=O)c(Cl)c1)NS(=O)(=O)c1ccccc1
2cv3	mol2	ok	O=C([C@@H]([NH3+])[C@H](O)C)N[C@@H]1C(=O)N[C@H](C(=O)N[C@@H]2C(=O)N[C@H](C(=O)N3CCC[C@H]3C(=O)N[C@@H]3C(=O)N[C@H](C(=O)N[C@H](C(=O)N[C@H](C(=O)N[C@@H](CC(=O)NCCCC2)C(=O)[O-])Cc(OC3)o)CC2=CNc3ccccc23)Cc(O[C@@H]1C)o)Cc1ccccc1)CC(C)C	CC(C)C[C@@H]1NC(=O)[C@@H](NC(=O)[C@@H]([NH3+])[C@@H](C)O)[C@@H](C)O[C]([O-])C[C@@H]2NC(=O)[C@@H]3CO[C]([O-])C[C@H](NC(=O)[C@H](Cc4c[nH]c5ccccc45)NC2=O)C(=O)N[C@H](C(=O)[O-])CC(=O)NCCCC[C@H](NC1=O)C(=O)N[C@@H](Cc1ccccc1)C(=O)N1CCC[C@H]1C(=O)N3
2dbl	mol2	ok	[O-]C(=O)CCc(o)O[C@H]1CC[C@@]2(C)[C@@H](CC[C@H]3[C@@H]4CC[C@H](C(=O)C)[C@@]4(C)CC[C@H]23)C1	CC(=O)[C@H]1CC[C@H]2[C@@H]3CC[C@H]4C[C@@H](O[C]([O-])CCC(=O)[O-])CC[C@]4(C)[C@H]3CC[C@]12C
2e5y	mol2	ok	p([o])([o])(o)op([o])(o)op([o])(o)OC[C@H]1O[C@@H](N2CNc3c(N)ncnc23)[C@H](O)[C@@H]1O	Nc1ncnc2c1NCN2[C@@H]1O[C@H](CO[P@+](=O)([O-]):[O-][P@@+](=O)([O-]):[O-]P(=O)([O-])[O-])[C@@H](O)[C@H]1O
2e99	mol2	ok	p([o])([o])(o)C(p([o])([o])o)(O)Cc1cccc(c1)c1cccc(c1)c1ccccc1	O=P([O-])([O-])C(O)(Cc1cccc(-c2cccc(-c3ccccc3)c2)c1)P(=O)([O-])[O-]
2e9a	mol2	ok	p([o])([o])(o)C(p([o])([o])o)(O)Cc1cccc(c1)c1ccc(cc1)c1ccccc1	O=P([O-])([O-])C(O)(Cc1cccc(-c2ccc(-c3ccccc3)cc2)c1)P(=O)([O-])[O-]
2e9c	mol2	ok	S(=O)(=O)(Nc1cccc(c1)c1cccc(c1)CC(p([o])([o])o)(p([o])([o])o)O)c1ccc2ccccc2c1	O=P([O-])([O-])C(O)(Cc1cccc(-c2cccc(NS(=O)(=O)c3ccc4ccccc4c3)c2)c1)P(=O)([O-])[O-]
2e9d	mol2	ok	p([o])([o])(o)C(p([o])([o])o)(O)COc1cccc(c1)c1cccc(c1)c1ccccc1	O=P([O-])([O-])C(O)(COc1cccc(-c2cccc(-c3ccccc3)c2)c1)P(=O)([O-])[O-]
2emt	mol2	ok	[NH3+][C@H](C(=O)N[C@H](C(=O)N[C@H](C(=O)N[C@H](C(=O)N[C@H](C(=O)N[C@H](C(=O)N[C@H](C(=O)N[C@H](C(=O)N[C@H](C(=O)N1[C@H](C(=O)N[C@H](C(=O)N[C@H](C(=O)N[C@H](C(=O)N[C@H](C(=O)N[C@H](C(=O)N2[C@H](C(=O)[O-])CCC2)CO)Cc2ccc(cc2)O)CC(=O)N)CCC[nH][c]([nH2])[nH2])C(C)C)CCC1)Cc1ccc(cc1)O)CCSC)CC1=CN=CN1)[C@H](O)C)CCCC[NH3+])C)CO)C)CCC[nH][c]([nH2])[nH2]	CSCC[C@H](NC(=O)[C@H](Cc1cnc[nH]1)NC(=O)[C@@H](NC(=O)[C@H](CCCC[NH3+])NC(=O)[C@H](C)NC(=O)[C@H](CO)NC(=O)[C@H](C)NC(=O)[C@@H]([NH3+])CCCNC(N)=[NH2+])[C@@H](C)O)C(=O)N[C@@H](Cc1ccc(O)cc1)C(=O)N1CCC[C@H]1C(=O)N[C@H](C(=O)N[C@@H](CCCNC(N)=[NH2+])C(=O)N[C@@H](CC(N)=O)C(=O)N[C@@H](Cc1ccc(O)cc1)C(=O)N[C@@H](CO)C(=O)N1CCC[C@H]1C(=O)[O-])C(C)C
2er9	mol2	ok	oc(OC(C)(C)C)N[C@H](C(=O)N1CCC[C@H]1C(=O)N[C@H](C(=O)N[C@H](C(=O)N[C@@H](CC(C)C)[C@@H](O)CC(=O)N[C@H](C(=O)N)CC(C)C)CC1=CN=CN1)Cc1ccccc1)CC1=CN=CN1	CC(C)C[C@H](NC(=O)C[C@H](O)[C@H](CC(C)C)NC(=O)[C@H](Cc1cnc[nH]1)NC(=O)[C@H](Cc1ccccc1)NC(=O)[C@@H]1CCCN1C(=O)[C@H](Cc1cnc[nH]1)N[C]([O-])OC(C)(C)C)C(N)=O
2ew5	mol2	ok	oc(Oc1ccc(/C=C/C(=O)NCCc2ccccc2)cc1Oc(o)C)C	C[C]([O-])Oc1ccc(/C=C/C(=O)NCCc2ccccc2)cc1O[C](C)[O-]
2f0z	mol2	ok	C(=O)([O-])[C@H]1C[C@@H]([C@@H](NC(=O)C)[C@@H](O1)[C@H](O)[C@H](O)CO)[nH][c]([nH2])[nH2]	CC(=O)N[C@H]1[C@H]([C@H](O)[C@H](O)CO)O[C@@H](C(=O)[O-])C[C@@H]1NC(N)=[NH2+]
2f3e	mol2	ok	S1C/C=C/CSC[C@H](NC(=O)[C@@H](NC(=O)[C@@H](Nc(o)OC(C)(C)C)C1)C)[C@@H](O)C[C@@H](C)C(=O)N[C@H](C(=O)NCCCC)C(C)C	CCCCNC(=O)[C@@H](NC(=O)[C@H](C)C[C@H](O)[C@@H]1CSC/C=C/CSC[C@H](N[C]([O-])OC(C)(C)C)C(=O)N[C@@H](C)C(=O)N1)C(C)C
2f6t	mol2	ok	s([o])([o])([o])Nc1ccc2C[C@H](N(Cc2c1)c(o)OC(C)(C)C)C(=O)NC	CNC(=O)[C@@H]1Cc2ccc(NS(=O)(=O)[O-])cc2CN1[C]([O-])OC(C)(C)C
2f6v	mol2	ok	s([o])([o])([o])Nc1ccc2C[C@H](N(Cc2c1)c(o)OCc1ccccc1)C(=O)NC	CNC(=O)[C@@H]1Cc2ccc(NS(=O)(=O)[O-])cc2CN1[C]([O-])OCc1ccccc1
2f6y	mol2	ok	s([o])([o])([o])Nc1ccc2C[C@@H](N(Cc2c1)c(o)OC(C)(C)C)C(=O)NC	CNC(=O)[C@H]1Cc2ccc(NS(=O)(=O)[O-])cc2CN1[C]([O-])OC(C)(C)C
2f80	mol2	ok	S(=O)(=O)(N(C[C@@H](O)[C@@H](Nc(o)O[C@H]1CO[C@H]2OCC[C@@H]12)Cc1ccccc1)CC(C)C)c1ccc(N)cc1	CC(C)CN(C[C@@H](O)[C@H](Cc1ccccc1)N[C]([O-])O[C@H]1CO[C@H]2OCC[C@H]21)S(=O)(=O)c1ccc(N)cc1
2f81	mol2	ok	S(=O)(=O)(N(C[C@@H](O)[C@@H](Nc(o)O[C@H]1CO[C@H]2OCC[C@@H]12)Cc1ccccc1)CC(C)C)c1ccc(N)cc1	CC(C)CN(C[C@@H](O)[C@H](Cc1ccccc1)N[C]([O-])O[C@H]1CO[C@H]2OCC[C@H]21)S(=O)(=O)c1ccc(N)cc1
2f8g	mol2	ok	S(=O)(=O)(N(C[C@@H](O)[C@@H](Nc(o)O[C@H]1CO[C@H]2OCC[C@@H]12)Cc1ccccc1)CC(C)C)c1ccc(N)cc1	CC(C)CN(C[C@@H](O)[C@H](Cc1ccccc1)N[C]([O-])O[C@H]1CO[C@H]2OCC[C@H]21)S(=O)(=O)c1ccc(N)cc1
2f94	mol2	ok	p([o])([o])(o)C(p([o])([o])o)(O)CC[N@@H+](C)CCCCC	CCCCC[N@H+](C)CCC(O)(P(=O)([O-])[O-])P(=O)([O-])[O-]
2f9k	mol2	ok	p([o])([o])(o)C(p([o])([o])o)(O)CN1C=[NH]C=C1	O=P([O-])([O-])C(O)(Cn1cc[nH+]c1)P(=O)([O-])[O-]
2f9u	mol2	ok	oc(OC(C)(C)C)N[C@H](C(=O)N1[C@@H]2CC[C@@H](C2)[C@H]1C(=O)N[C@@H](CCCC)C(=O)C(=O)NCC(=O)N[C@H](C(=O)N(C)C)c1ccccc1)C1CCCCC1	CCCC[C@H](NC(=O)[C@@H]1[C@H]2CC[C@H](C2)N1C(=O)[C@@H](N[C]([O-])OC(C)(C)C)C1CCCCC1)C(=O)C(=O)NCC(=O)N[C@H](C(=O)N(C)C)c1ccccc1
2f9v	mol2	ok	oc(OCC(C)C)N[C@H](C(=O)NN(CC1CC1)C(=O)N[C@@H](CC1CC1)C(=O)C(=O)NCC(=O)N[C@H](C(=O)[O-])c1ccccc1)C1CCCCC1	CC(C)CO[C]([O-])N[C@H](C(=O)NN(CC1CC1)C(=O)N[C@@H](CC1CC1)C(=O)C(=O)NCC(=O)N[C@H](C(=O)[O-])c1ccccc1)C1CCCCC1
2fdd	mol2	ok	S1C=C(N=C1C)COc1ccc(cc1)C[C@H](Nc(o)O[C@H]1CO[C@H]2OCC[C@@H]12)[C@H](O)CN(S(=O)(=O)c1ccc2OCOc2c1)CC(C)C	Cc1nc(COc2ccc(C[C@H](N[C]([O-])O[C@H]3CO[C@H]4OCC[C@H]43)[C@H](O)CN(CC(C)C)S(=O)(=O)c3ccc4c(c3)OCO4)cc2)cs1
2fde	mol2	ok	S1C=C(N=C1C)COc1ccc(cc1)C[C@H](Nc(o)O[C@H]1CO[C@H]2OCC[C@@H]12)[C@H](O)CN(S(=O)(=O)c1ccc2OCOc2c1)CC(C)C	Cc1nc(COc2ccc(C[C@H](N[C]([O-])O[C@H]3CO[C@H]4OCC[C@H]43)[C@H](O)CN(CC(C)C)S(=O)(=O)c3ccc4c(c3)OCO4)cc2)cs1
2fjm	mol2	ok	oc(OC)c1ccc(cc1)[C@](N1N=Nc2ccccc12)(Cc1ccc(C(F)(p([o])([o])o)F)cc1)C/C=C/c1ccccc1	CO[C]([O-])c1ccc([C@@](C/C=C/c2ccccc2)(Cc2ccc(C(F)(F)P(=O)([O-])[O-])cc2)n2nnc3ccccc32)cc1
2fjn	mol2	ok	oc(OC)c1ccc(cc1)[C@](N1N=Nc2ccccc12)(Cc1ccc(C(F)(p([o])([o])o)F)cc1)C/C=C/c1ccccc1	CO[C]([O-])c1ccc([C@@](C/C=C/c2ccccc2)(Cc2ccc(C(F)(F)P(=O)([O-])[O-])cc2)n2nnc3ccccc32)cc1
2fm2	mol2	ok	oc(OC(C)(C)C)N[C@H](C(=O)N1C[C@H]2[C@@H]([C@H]1C(=O)N[C@@H](CC1CC1)C(=O)C(=O)NCC(=O)N[C@H](C(=O)N(C)C)c1ccccc1)C2(C)C)C(C)(C)C	CN(C)C(=O)[C@@H](NC(=O)CNC(=O)C(=O)[C@H](CC1CC1)NC(=O)[C@@H]1[C@@H]2[C@H](CN1C(=O)[C@@H](N[C]([O-])OC(C)(C)C)C(C)(C)C)C2(C)C)c1ccccc1
2fov	mol2	ok	s([o])([o])(N)c1ccc(cc1)C(=O)NCC[N+](CC(=O)[O-])CC(=O)[O-].[Cu+2]	N[S@@+](=O)([O-])c1ccc(C(=O)NCC[N+](CC(=O)[O-])CC(=O)[O-])cc1.[Cu+]
2foy	mol2	ok	s([o])([o])(N)c1ccc(cc1)C(=O)NCC[NH+](CC(=O)[O-])CC(=O)[O-].[Cu+2]	N[S@@+](=O)([O-])c1ccc(C(=O)NCC[NH+](CC(=O)[O-])CC(=O)[O-])cc1.[Cu+]
2frd	mol2	ok	O(p([o])(o)OC[C@H]1O[C@H]([C@@H]([C@@H]1O)O)N1C=Nc2c(N)ncnc12)p([o])(o)OC[C@H]1O[C@H]([C@@H]([C@@H]1O)O)n1[cH]c(C(=O)N)ccc1	NC(=O)c1ccc[n+]([C@@H]2O[C@H](CO[P@@](=O)([O-])O[P@@](=O)([O-])OC[C@H]3O[C@@H](n4cnc5c(N)ncnc54)[C@H](O)[C@@H]3O)[C@@H](O)[C@H]2O)c1
2fs8	mol2	ok	oc(OCC=C)N[C@H](CC[C@H]1C[NH2+]CC1)C(=O)C1=NOC(=N1)Cc1ccc(cc1)C(=O)NC1Cc2ccccc2C1	C=CCO[C]([O-])N[C@H](CC[C@@H]1CC[NH2+]C1)C(=O)c1noc(Cc2ccc(C(=O)NC3Cc4ccccc4C3)cc2)n1
2fs9	mol2	ok	oc(OCC)N[C@@H](CCCC[NH3+])C(=O)C1=NOC(=N1)Cc1ccc(cc1)C(=O)NC1Cc2ccccc2C1	CCO[C]([O-])N[C@@H](CCCC[NH3+])C(=O)c1noc(Cc2ccc(C(=O)NC3Cc4ccccc4C3)cc2)n1
2fsv	mol2	ok	O(p([o])(o)OC[C@H]1O[C@H]([C@@H]([C@@H]1O)O)N1C=Nc2c(N)ncnc12)p([o])(o)OC[C@H]1O[C@H]([C@@H]([C@@H]1O)O)N1C=C(C(=O)N)CC=C1	NC(=O)C1=CN([C@@H]2O[C@H](CO[P@@](=O)([O-])O[P@@](=O)([O-])OC[C@H]3O[C@@H](n4cnc5c(N)ncnc54)[C@H](O)[C@@H]3O)[C@@H](O)[C@H]2O)C=CC1
2fxr	mol2	ok	oc(OCC=C)N[C@@H](CC[C@H]1C[NH2+]CC1)C(=O)C1=NOC(=N1)Cc1ccc(cc1)C(=O)NC1Cc2ccccc2C1	C=CCO[C]([O-])N[C@@H](CC[C@@H]1CC[NH2+]C1)C(=O)c1noc(Cc2ccc(C(=O)NC3Cc4ccccc4C3)cc2)n1
2fxs	mol2	ok	COc(o)c1c(O)cc(O)c(Cl)c1CCC(=O)Nc1cc(O)c(OC)cc1O	CO[C]([O-])c1c(O)cc(O)c(Cl)c1CCC(=O)Nc1cc(O)c(OC)cc1O
2fzc	mol2	ok	p([o])([o])(o)CC(=O)NCCNC(=O)Cp([o])([o])o	O=C(CP(=O)([O-])[O-])NCCNC(=O)CP(=O)([O-])[O-]
2fzg	mol2	ok	p([o])([o])(o)CC(=O)Nc1cccc(NC(=O)Cp([o])([o])o)c1	O=C(CP(=O)([O-])[O-])Nc1cccc(NC(=O)CP(=O)([O-])[O-])c1
2fzk	mol2	ok	p([o])([o])(o)CC(=O)Nc1cc(NC(=O)Cp([o])([o])o)cc(c1)C(=O)[O-]	O=C(CP(=O)([O-])[O-])Nc1cc(NC(=O)CP(=O)([O-])[O-])cc(C(=O)[O-])c1
2g01	mol2	ok	Clc1ccc2[N](=O)C3=C(C(=O)c2c1)C(=NN3C)C	Cc1nn(C)c2c1C(=O)c1cc(Cl)ccc1[N+]2=O
2g63	mol2	ok	O=C(NC[C@@H]1[NH2+][C@@H](CC1)C(=O)N1CCC[C@H]1C#N)Nc1ccc(cc1)c(o)OC	CO[C]([O-])c1ccc(NC(=O)NC[C@H]2CC[C@@H](C(=O)N3CCC[C@H]3C#N)[NH2+]2)cc1
2g94	mol2	ok	S(=O)(=O)(C)C[C@H](Nc(o)OCN1N=C(C)C=C1C)C(=O)N[C@@H](CC(C)C)[C@@H](O)C[C@@H](C)C(=O)N[C@H](C(=O)NCC(C)C)C(C)C	Cc1cc(C)n(CO[C]([O-])N[C@@H](CS(C)(=O)=O)C(=O)N[C@@H](CC(C)C)[C@@H](O)C[C@@H](C)C(=O)N[C@H](C(=O)NCC(C)C)C(C)C)n1
2g96	mol2	ok	[o]p([o])(o)OC[C@H]1O[C@H]([C@@H]([C@@H]1O)O)N1C=C(C(=O)N)C=CC1	NC(=O)C1=CN([C@@H]2O[C@H](COP(=O)([O-])[O-])[C@@H](O)[C@H]2O)CC=C1
2gbf	mol2	sdf_mol2_heavy_atoms_differ	[C@@H]1(CC[C@@H](C=[NH2])N1C(=O)[C@H](C1CCCC1)[NH3+])C#C	
2gd8	mol2	ok	s([o])([o])(Oc1cc2CC[C@@H]3[C@H](CC[C@]4(C)[C@@H](Os([o])([o])N)CC[C@@H]34)c2cc1OC)N	COc1cc2c(cc1O[S@+](N)(=O)[O-])CC[C@@H]1[C@@H]2CC[C@]2(C)[C@@H](O[S@@+](N)(=O)[O-])CC[C@@H]12
2gfd	mol2	ok	COc(o)c1c(O)cc(O)c(Cl)c1CCC(=O)NC1=CC(=O)C(=CC1=O)OC	CO[C]([O-])c1c(O)cc(O)c(Cl)c1CCC(=O)NC1=CC(=O)C(OC)=CC1=O
2gg0	mol2	ok	FC(F)(F)c1ccc(cc1)[C@@H]([NH3+])[C@H](O)C(=O)N[C@@H](C)C(=O)NCc(o)OC	CO[C]([O-])CNC(=O)[C@H](C)NC(=O)[C@@H](O)[C@H]([NH3+])c1ccc(C(F)(F)F)cc1
2gg8	mol2	ok	oc(OC)[C@H](NC(=O)[C@@H](NC(=O)[C@@H](O)[C@H]([NH3+])c1ccc(C)cc1)C)CC(C)C	CO[C]([O-])[C@@H](CC(C)C)NC(=O)[C@H](C)NC(=O)[C@@H](O)[C@H]([NH3+])c1ccc(C)cc1
2gg9	mol2	ok	oc(OC)[C@H](NC(=O)[C@@H](NC(=O)[C@@H](O)[C@H]([NH3+])c1ccc(cc1)C(C)C)C)CC(C)C	CO[C]([O-])[C@@H](CC(C)C)NC(=O)[C@H](C)NC(=O)[C@@H](O)[C@H]([NH3+])c1ccc(C(C)C)cc1
2ggb	mol2	ok	OC[C@H](NC(=O)[C@@H](O)[C@H]([NH3+])C=C=C=C)C(=O)N[C@@H](CC(C)C)c(o)OC	C=C=C=C[C@@H]([NH3+])[C@H](O)C(=O)N[C@@H](CO)C(=O)N[C@@H](CC(C)C)[C]([O-])OC
2go4	mol2	ok	ONC(=O)C[C@H]1CO[C@H](CO)[C@@H](O)[C@@H]1Oc(o)CCCCCCCCCCCCC	CCCCCCCCCCCCC[C]([O-])O[C@@H]1[C@@H](CC(=O)NO)CO[C@H](CO)[C@H]1O
2gvd	mol2	ok	p([o])([o])(o)Op([o])(o)Op([o])(o)OC[C@H]1O[C@@H](N2C=Nc3c(N)ncnc23)[C@H]2[C@@H]1O[C@]1(C(=CC(=C[C@H]1N(=O)=O)N(=O)=O)N(=O)=O)O2	Nc1ncnc2c1ncn2[C@@H]1O[C@H](CO[P@](=O)([O-])O[P@](=O)([O-])OP(=O)([O-])[O-])[C@H]2O[C@@]3(O[C@H]21)C([N+](=O)[O-])=CC([N+](=O)[O-])=C[C@H]3[N+](=O)[O-]
2gvz	mol2	ok	p([o])([o])(o)Op([o])(o)Op([o])(o)OC[C@H]1O[C@@H](N2C=Nc3c(N)ncnc23)[C@H](O)[C@@H]1Oc(o)C1=C(NC)CCC=C1	CNC1=C([C]([O-])O[C@H]2[C@@H](O)[C@H](n3cnc4c(N)ncnc43)O[C@@H]2CO[P@@](=O)([O-])O[P@](=O)([O-])OP(=O)([O-])[O-])C=CCC1
2gzl	mol2	ok	S(=O)(=O)(NCCOp([o])(o)op([o])(o)OC[C@H]1O[C@@H](N2C=CC(=NC2=O)N)[C@H](O)[C@@H]1O)c1cccc2c(N(C)C)cccc12	CN(C)c1cccc2c(S(=O)(=O)NCCO[P@@](=O)([O-])[O-]:[P@@+](=O)([O-])OC[C@H]3O[C@@H](n4ccc(N)nc4=O)[C@H](O)[C@@H]3O)cccc12
2h02	mol2	ok	s([o])([o])([o])Nc1ccc(cc1)CC(Cc1ccccc1)(c(o)OC)c(o)OC	CO[C]([O-])C(Cc1ccccc1)(Cc1ccc(NS(=O)(=O)[O-])cc1)[C]([O-])OC
2h03	mol2	ok	s([o])([o])([o])Nc1ccc(cc1)CC(CCNc(o)OC(C)(C)C)(c(o)OCC)c(o)OCC	CCO[C]([O-])C(CCN[C]([O-])OC(C)(C)C)(Cc1ccc(NS(=O)(=O)[O-])cc1)[C]([O-])OCC
2h5d	mol2	ok	C(=O)(CCc(o)OC)N[C@H](C(=O)N[C@H](C(=O)N1[C@H](C(=O)N[C@@H](C(C)C)B(O)O)CCC1)C)C	CO[C]([O-])CCC(=O)N[C@@H](C)C(=O)N[C@@H](C)C(=O)N1CCC[C@H]1C(=O)N[C@H](B(O)O)C(C)C
2ha2	mol2	ok	O=CCCc(o)OCC[N+](C)(C)C	C[N+](C)(C)CCO[C]([O-])CCC=O
2ha4	mol2	ok	oc(OCC[N+](C)(C)C)C	C[C]([O-])OCC[N+](C)(C)C
2ha6	mol2	ok	oc(OCC[N+](C)(C)C)CCc(o)OCC[N+](C)(C)C	C[N+](C)(C)CCO[C]([O-])CC[C]([O-])OCC[N+](C)(C)C
2hah	mol2	ok	OC[C@@H](NC(=O)[C@@H](NC(=O)[C@@H](Nc(o)OCc1ccccc1)C)C(C)C)Cc1ccccc1	CC(C)[C@H](NC(=O)[C@H](C)N[C]([O-])OCc1ccccc1)C(=O)N[C@H](CO)Cc1ccccc1
2hai	mol2	ok	Fc1cc(ccc1OC(C)C)CC[C@@]1(Oc(o)CC(=O)C1)C1CCCC1	CC(C)Oc1ccc(CC[C@@]2(C3CCCC3)CC(=O)C[C]([O-])O2)cc1F
2haw	mol2	ok	p([o])([o])(o)Np([o])([o])o	O=P([O-])([O-])NP(=O)([O-])[O-]
2hb3	mol2	ok	S(=O)(=O)(N(C[C@@H](O)[C@@H](Nc(o)O[C@H]1C[C@H]2OCC[C@H]2C1)Cc1ccccc1)CC(C)C)c1ccc(CO)cc1	CC(C)CN(C[C@@H](O)[C@H](Cc1ccccc1)N[C]([O-])O[C@@H]1C[C@@H]2CCO[C@@H]2C1)S(=O)(=O)c1ccc(CO)cc1
2hf8	mol2	ok	p(Op([o])(o)Op([o])(o)OC[C@H]1O[C@H]([C@@H]([C@@H]1O)O)N1C=NC2=C1N=C(NC2=O)N)(S)([o])o	Nc1nc2c(ncn2[C@@H]2O[C@H](CO[P@](=O)([O-])O[P@](=O)([O-])O[P@@](=O)([O-])S)[C@@H](O)[C@H]2O)c(=O)[nH]1
2hiz	mol2	ok	S(=O)(=O)(C[C@@H](Nc(o)OCc1ccccc1)C(=O)N[C@@H](Cc1ccccc1)[C@H](O)C[NH2+]Cc1cccc(OC)c1)C(CCC)CCC	CCCC(CCC)S(=O)(=O)C[C@@H](N[C]([O-])OCc1ccccc1)C(=O)N[C@@H](Cc1ccccc1)[C@H](O)C[NH2+]Cc1cccc(OC)c1
2hob	mol2	ok	O=C([C@H]1[NH2+]OC(=C1)C)N[C@@H](C)C(=O)N[C@H](C(=O)N[C@H](C(=O)N[C@H](/C=C/c(o)OCc1ccccc1)C[C@@H]1CCNC1=O)CC(C)C)C(C)C	CC1=C[C@@H](C(=O)N[C@@H](C)C(=O)N[C@H](C(=O)N[C@@H](CC(C)C)C(=O)N[C@H](/C=C/[C]([O-])OCc2ccccc2)C[C@@H]2CCNC2=O)C(C)C)[NH2+]O1
2hr6	mol2	ok	p([o])([o])(o)op([o])(o)OC[C@H]1O[C@@H](N2C=CC(=O)NC2=O)C[C@@H]1O	O=c1ccn([C@H]2C[C@H](O)[C@@H](CO[P@@+](=O)([O-]):[O-]P(=O)([O-])[O-])O2)c(=O)[nH]1
2hrm	mol2	ok	p([o])([o])(o)Cp([o])(o)OC[C@H]1O[C@@H](N2C=CC(=O)NC2=O)C[C@@H]1O	O=c1ccn([C@H]2C[C@H](O)[C@@H](CO[P@@](=O)([O-])CP(=O)([O-])[O-])O2)c(=O)[nH]1
2hs1	mol2	ok	S(=O)(=O)(N(C[C@@H](O)[C@@H](Nc(o)O[C@H]1CO[C@H]2OCC[C@@H]12)Cc1ccccc1)CC(C)C)c1ccc(N)cc1	CC(C)CN(C[C@@H](O)[C@H](Cc1ccccc1)N[C]([O-])O[C@H]1CO[C@H]2OCC[C@H]21)S(=O)(=O)c1ccc(N)cc1
2hs2	mol2	ok	S(=O)(=O)(N(C[C@@H](O)[C@@H](Nc(o)O[C@H]1CO[C@H]2OCC[C@@H]12)Cc1ccccc1)CC(C)C)c1ccc(N)cc1	CC(C)CN(C[C@@H](O)[C@H](Cc1ccccc1)N[C]([O-])O[C@H]1CO[C@H]2OCC[C@H]21)S(=O)(=O)c1ccc(N)cc1
2hvx	mol2	ok	Clc1ccc2SC=C([C@H](p([o])([o])o)C(=O)Nc3ccc4ccccc4c3)c2c1	O=C(Nc1ccc2ccccc2c1)[C@H](c1csc2ccc(Cl)cc12)P(=O)([O-])[O-]
2hw2	mol2	ok	oc(O[C@H]1[C@H](C)[C@H](O)[C@H](C)[C@@H](O)[C@@H](C)/C=C/C=C(/C)\C(=O)Nc2c(O)c3c(O)c(C)c4O[C@@](O/C=C/[C@H](OC)[C@H]1C)(C)C(=O)c4c3c(O)c2/C=N/N1CC[N@H+](C)CC1)C	CO[C@H]1/C=C/O[C@@]2(C)Oc3c(C)c(O)c4c(O)c(c(/C=N/N5CC[NH+](C)CC5)c(O)c4c3C2=O)NC(=O)/C(C)=C\C=C\[C@H](C)[C@H](O)[C@@H](C)[C@@H](O)[C@@H](C)[C@H](O[C](C)[O-])[C@@H]1C
2i0a	mol2	ok	S(=O)(=O)(N(C[C@@H](O)[C@@H](NC(=O)[C@H]1Oc(o)N(C1)c1ccc(cc1)C(=O)C)Cc1ccccc1)CC(C)C)c1ccc(OC)cc1	COc1ccc(S(=O)(=O)N(CC(C)C)C[C@@H](O)[C@H](Cc2ccccc2)NC(=O)[C@@H]2CN(c3ccc(C(C)=O)cc3)[C]([O-])O2)cc1
2i0d	mol2	ok	S(=O)(=O)(N(C[C@@H](O)[C@@H](NC(=O)[C@H]1Oc(o)N(C1)c1cccc(c1)C(=O)C)Cc1ccccc1)CC(C)C)c1ccc(OC)cc1	COc1ccc(S(=O)(=O)N(CC(C)C)C[C@@H](O)[C@H](Cc2ccccc2)NC(=O)[C@@H]2CN(c3cccc(C(C)=O)c3)[C]([O-])O2)cc1
2i19	mol2	ok	p([o])([o])(o)C(p([o])([o])o)CNc1[nH][cH]ccc1	O=P([O-])([O-])C(CNc1cccc[nH+]1)P(=O)([O-])[O-]
2i4d	mol2	ok	S(=O)(=O)(N(C[C@@H](O)[C@@H](Nc(o)O[C@H]1CO[C@H]2OCC[C@@H]12)Cc1ccc(OCp([o])([o])o)cc1)CC(C)C)c1ccc(OC)cc1	COc1ccc(S(=O)(=O)N(CC(C)C)C[C@@H](O)[C@H](Cc2ccc(OCP(=O)([O-])[O-])cc2)N[C]([O-])O[C@H]2CO[C@H]3OCC[C@H]32)cc1
2i4u	mol2	ok	S(=O)(=O)(N(C[C@@H](O)[C@@H](Nc(o)O[C@H]1CO[C@H]2OCC[C@@H]12)Cc1ccccc1)CC(C)C)c1ccc(OC)cc1	COc1ccc(S(=O)(=O)N(CC(C)C)C[C@@H](O)[C@H](Cc2ccccc2)N[C]([O-])O[C@H]2CO[C@H]3OCC[C@H]32)cc1
2i4v	mol2	ok	S(=O)(=O)(N(C[C@@H](O)[C@@H](Nc(o)O[C@H]1CO[C@H]2OCC[C@@H]12)Cc1ccccc1)CC(C)C)c1ccc(OC)cc1	COc1ccc(S(=O)(=O)N(CC(C)C)C[C@@H](O)[C@H](Cc2ccccc2)N[C]([O-])O[C@H]2CO[C@H]3OCC[C@H]32)cc1
2i4w	mol2	ok	S(=O)(=O)(N(C[C@@H](O)[C@@H](Nc(o)O[C@H]1CO[C@H]2OCC[C@@H]12)Cc1ccc(OCp(o)(OCC)OCC)cc1)CC(C)C)c1ccc(OC)cc1	CCOP(=O)(COc1ccc(C[C@H](N[C]([O-])O[C@H]2CO[C@H]3OCC[C@H]32)[C@H](O)CN(CC(C)C)S(=O)(=O)c2ccc(OC)cc2)cc1)OCC
2i4x	mol2	ok	S(=O)(=O)(N(C[C@@H](O)[C@@H](Nc(o)O[C@H]1CO[C@H]2OCC[C@@H]12)Cc1ccc(OCp(o)(OCC)OCC)cc1)CC(C)C)c1ccc(OC)cc1	CCOP(=O)(COc1ccc(C[C@H](N[C]([O-])O[C@H]2CO[C@H]3OCC[C@H]32)[C@H](O)CN(CC(C)C)S(=O)(=O)c2ccc(OC)cc2)cc1)OCC
2idw	mol2	ok	S(=O)(=O)(N(C[C@@H](O)[C@@H](Nc(o)O[C@H]1CO[C@H]2OCC[C@@H]12)Cc1ccccc1)CC(C)C)c1ccc(N)cc1	CC(C)CN(C[C@@H](O)[C@H](Cc1ccccc1)N[C]([O-])O[C@H]1CO[C@H]2OCC[C@H]21)S(=O)(=O)c1ccc(N)cc1
2ien	mol2	ok	S(=O)(=O)(N(C[C@@H](O)[C@@H](Nc(o)O[C@H]1CO[C@H]2OCC[C@@H]12)Cc1ccccc1)CC(C)C)c1ccc(N)cc1	CC(C)CN(C[C@@H](O)[C@H](Cc1ccccc1)N[C]([O-])O[C@H]1CO[C@H]2OCC[C@H]21)S(=O)(=O)c1ccc(N)cc1
2ieo	mol2	ok	S(=O)(=O)(N(C[C@@H](O)[C@@H](Nc(o)O[C@H]1CO[C@H]2OCC[C@@H]12)Cc1ccccc1)CC(C)C)c1ccc(N)cc1	CC(C)CN(C[C@@H](O)[C@H](Cc1ccccc1)N[C]([O-])O[C@H]1CO[C@H]2OCC[C@H]21)S(=O)(=O)c1ccc(N)cc1
2is0	mol2	ok	c1c(ccc(c1)F)[C@H](NC(=O)c1cc(cc(c1)N(S(=O)(=O)C)C)c(OC[C@@]([NH3+])(CO)Cc1ccccc1)o)C	C[C@@H](NC(=O)c1cc([C]([O-])OC[C@@]([NH3+])(CO)Cc2ccccc2)cc(N(C)S(C)(=O)=O)c1)c1ccc(F)cc1
2it4	mol2	ok	p([oH])([oH])(o)C(=O)[O-]	O=C([O-])P(=O)([O-])[O-]
2iws	mol2	ok	c1(-c2c(cc(c(c2CC(=O)CCC/C=C\CCO1)Cl)O)O)o	O=C1CCC/C=C\CCO[C]([O-])c2c(O)cc(O)c(Cl)c2C1
2iwu	mol2	ok	c1(-c2c(cc(c(c2CC(=O)CCC/C=C/CCO1)Cl)O)O)o	O=C1CCC/C=C/CCO[C]([O-])c2c(O)cc(O)c(Cl)c2C1
2iwx	mol2	ok	c1(-c2c(cc(c(c2CC(=O)CCCCC/C=C/CCO1)Cl)O)O)o	O=C1CCCCC/C=C/CCO[C]([O-])c2c(O)cc(O)c(Cl)c2C1
2iyf	mol2	ok	oc1O[C@H](CC)[C@](O)(C)[C@H](O)[C@@H](C)C(=O)[C@H](C)C[C@](O)(C)[C@H](O[C@@H]2O[C@H](C)C[C@H]([NH+](C)C)[C@H]2O)[C@@H](C)[C@H](O[C@@H]2O[C@@H](C)[C@H](O)[C@@](OC)(C)C2)[C@H]1C	CC[C@H]1O[C]([O-])[C@H](C)[C@@H](O[C@H]2C[C@@](C)(OC)[C@@H](O)[C@H](C)O2)[C@H](C)[C@@H](O[C@@H]2O[C@H](C)C[C@H]([NH+](C)C)[C@H]2O)[C@](C)(O)C[C@@H](C)C(=O)[C@H](C)[C@@H](O)[C@]1(C)O
2j4q	mol2	ok	p([o])([o])(o)op([o])(o)op([o])(o)OC[C@H]1O[C@@H](N2C=C(C)C(=O)NC2=O)C[C@@H]1O	Cc1cn([C@H]2C[C@H](O)[C@@H](CO[P@@+](=O)([O-]):[O-][P@+](=O)([O-]):[O-]P(=O)([O-])[O-])O2)c(=O)[nH]c1=O
2j7d	mol2	ok	OC[C@H]1N2C=C(N=C2[C@H](O)[C@@H](O)[C@@H]1O)c(o)OC	CO[C]([O-])c1cn2c(n1)[C@H](O)[C@@H](O)[C@H](O)[C@H]2CO
2j7e	mol2	ok	OC[C@H]1N2C=C(N=C2[C@H](O)[C@@H](O)[C@@H]1O)Cc(o)OC	CO[C]([O-])Cc1cn2c(n1)[C@H](O)[C@@H](O)[C@H](O)[C@H]2CO
2jb6	mol2	ok	s([o])([o])([o])CCN1c2ccc(s([o])([o])[o])cc2C(C)(C)/C/1=C\C=C\C(=C\C=C\[C]1N(CCs([o])([o])[o])c2ccc(s([o])([o])[o])cc2C1(C)C)\C	CC(/C=C/C=C1/N(CCS(=O)(=O)[O-])c2ccc(S(=O)(=O)[O-])cc2C1(C)C)=C\C=C\[C]1N(CCS(=O)(=O)[O-])c2ccc(S(=O)(=O)[O-])cc2C1(C)C
2jbj	mol2	ok	p([o])([o])(o)C[C@@H](CCC(=O)[O-])C(=O)[O-]	O=C([O-])CC[C@H](CP(=O)([O-])[O-])C(=O)[O-]
2jbk	mol2	ok	C(=O)([C@H](CN1C(=O)[N]c(o)O1)[NH3+])[O-]	[NH3+][C@@H](CN1O[C]([O-])[N-]C1=O)C(=O)[O-]
2jdk	mol2	ok	O[C@@H]1[C@@H](O[C@@H](C)[C@@H](O)[C@H]1O)O[C@H]1[C@H](O)[C@@H](NC(=O)C)[C@@H](O[C@@H]1CO)N1N=NC(=C1)c(o)OC	CO[C]([O-])c1cn([C@@H]2O[C@H](CO)[C@@H](O[C@@H]3O[C@@H](C)[C@@H](O)[C@@H](O)[C@@H]3O)[C@H](O)[C@H]2NC(C)=O)nn1
2k1q	mol2	ok	oc(OCC(C)C)N[C@H](C(=O)N[C@H](C(=O)N[C@H](C(=O)NCCc1ccc(cc1Cl)C(=O)[O-])CC(F)F)CC(C)C)CCC(=O)[O-]	CC(C)CO[C]([O-])N[C@@H](CCC(=O)[O-])C(=O)N[C@@H](CC(C)C)C(=O)N[C@@H](CC(F)F)C(=O)NCCc1ccc(C(=O)[O-])cc1Cl
2k4i	mol2	ok	p([o])([o])(o)O[C@@H]1[C@@H](O)[C@@H](O)[C@@H](Op([o])(o)OC[C@H](Oc(o)CCC)COc(o)CCC)[C@H](O)[C@H]1Op([o])([o])o	CCC[C]([O-])OC[C@H](CO[P@](=O)([O-])O[C@@H]1[C@H](O)[C@H](O)[C@@H](OP(=O)([O-])[O-])[C@H](OP(=O)([O-])[O-])[C@H]1O)O[C]([O-])CCC
2kdh	mol2	ok	oc(O[C@@H]1Cc2c(O)cc(O)cc2O[C@@H]1c1cc(O)c(O)c(O)c1)c1cc(O)c(O)c(O)c1	[O-][C](O[C@@H]1Cc2c(O)cc(O)cc2O[C@@H]1c1cc(O)c(O)c(O)c1)c1cc(O)c(O)c(O)c1
2ko7	mol2	ok	oc(OCC)CN1C(=O)CC(CC1=O)C[C@@H](O)[C@@H]1C[C@@H](C)C[C@H](C)C1=O	CCO[C]([O-])CN1C(=O)CC(C[C@@H](O)[C@@H]2C[C@@H](C)C[C@H](C)C2=O)CC1=O
2l65	mol2	ok	[C@@H]1([C@@H]([C@H]([C@@H]([C@@H](C)O1)[NH2+]O[C@H]1C[C@@H]([C@@H]([C@@H](C)O1)SC(=O)c1c(c(c(c(c1C)I)O[C@H]1[C@@H]([C@@H]([C@H]([C@H](C)O1)O)OC)O)OC)OC)O)O)O[C@H]1C[C@@H]([C@H](CO1)[NH2+]CC)OC)O[C@H]1C#C/C=C\C#C[C@@]2(CC(=O)[C@@H]([C@H]1[C@@H]2CCSSSC)Nc(o)OC)O	CC[NH2+][C@H]1CO[C@@H](O[C@H]2[C@H](O[C@H]3C#C/C=C\C#C[C@]4(O)CC(=O)[C@H](N[C]([O-])OC)[C@H]3[C@@H]4CCSSSC)O[C@H](C)[C@@H]([NH2+]O[C@H]3C[C@H](O)[C@H](SC(=O)c4c(C)c(I)c(O[C@@H]5O[C@@H](C)[C@H](O)[C@@H](OC)[C@H]5O)c(OC)c4OC)[C@@H](C)O3)[C@@H]2O)C[C@@H]1OC
2lp8	mol2	sdf_mol2_heavy_atoms_differ	C(=O)(C)NCC(=O)N[C@@H]1C(=O)N[C@H](C(=O)NCC(=O)N[C@H](C(=O)N[C@H](C(=O)N[C@H](C(=O)N[C@H](C(=O)N[C@H](C(=O)N[C@H](C(=O)NCC(=O)N[C@H](C(=O)N[C@H](C(=O)N[C@H](C(=O)N[C@H](C(=O)N[C@H](C(=O)N)CCC[nH]c([nH2])[nH])CC(=O)N)[C@H](CC)C)CSCC(=O)Nc2ccc(/N=N/c3ccc(NC(=O)CSC1)c(s([o])([o])[o])c3)cc2s([o])([o])[o])CC(=O)[O-])Cc1ccccc1)C)C)CC(C)C)C)CCC[nH]c([nH2])[nH])C(C)C	
2lya	mol2	ok	p([o])(o)(OCC[N+](C)(C)C)OC[C@H](Oc(o)CCCCCCC)COc(o)CCCCCCC	CCCCCCC[C]([O-])OC[C@H](CO[P@](=O)([O-])OCC[N+](C)(C)C)O[C]([O-])CCCCCCC
2lyb	mol2	ok	p([o])(o)(OC[C@H](Oc(o)CCCCCCC)COc(o)CCCCCCC)OC[C@H]([NH3+])C(=O)[O-]	CCCCCCC[C]([O-])OC[C@H](CO[P@](=O)([O-])OC[C@H]([NH3+])C(=O)[O-])O[C]([O-])CCCCCCC
2nn7	mol2	ok	S(=O)(=O)(N)c1ccc(CCc(o)OCC)cc1	CCO[C]([O-])CCc1ccc(S(N)(=O)=O)cc1
2nnv	mol2	ok	S(=O)(=O)(N)c1ccc(CCc(o)OCC)cc1	CCO[C]([O-])CCc1ccc(S(N)(=O)=O)cc1
2nq6	mol2	ok	S1C=CN=C1NC(=O)c1ncccc1Nc(o)OC(C)(C)C	CC(C)(C)O[C]([O-])Nc1cccnc1C(=O)Nc1nccs1
2nqg	mol2	ok	oc(OCC)[C@H]1O[C@@H]1C(=O)N[C@@H](CCC#N)C(=O)N[C@@H](CCC[nH][c]([nH2])[nH2])C(=O)N[C@@H](CC1=CNc2ccccc12)C(=O)N	CCO[C]([O-])[C@H]1O[C@@H]1C(=O)N[C@@H](CCC#N)C(=O)N[C@@H](CCCNC(N)=[NH2+])C(=O)N[C@@H](Cc1c[nH]c2ccccc12)C(N)=O
2nqi	mol2	ok	oc(OCC)[C@@H]1O[C@H]1C(=O)N[C@@H](CC=C)C(=O)N[C@@H](CCC[nH][c]([nH2])[nH2])C(=O)N[C@@H](CC1=CNc2ccccc12)C(=O)N	C=CC[C@H](NC(=O)[C@@H]1O[C@H]1[C]([O-])OCC)C(=O)N[C@@H](CCCNC(N)=[NH2+])C(=O)N[C@@H](Cc1c[nH]c2ccccc12)C(N)=O
2o1c	mol2	ok	p([oH])([oH])(o)op([oH])([oH])o	O=P([O-])([O-])[O-]:[P+](=O)([O-])[O-]
2o4k	mol2	ok	oc(OC)N[C@H](C(=O)N[N@+](C[C@H](O)[C@@H](NC(=O)[C@@H](Nc(o)OC)C(C)(C)C)Cc1ccccc1)Cc1ccc(cc1)c1ncccc1)C(C)(C)C	CO[C]([O-])N[C@H](C(=O)N[C@@H](Cc1ccccc1)[C@@H](O)C[N+](Cc1ccc(-c2ccccn2)cc1)NC(=O)[C@@H](N[C]([O-])OC)C(C)(C)C)C(C)(C)C
2o4l	mol2	ok	O1c(C(=C(C[C@@]1(CCC)CCc1ccccc1)O)[C@H](CC)c1cccc(NS(=O)(=O)c2ncc(cc2)C(F)(F)F)c1)o	CCC[C@@]1(CCc2ccccc2)CC(O)=C([C@H](CC)c2cccc(NS(=O)(=O)c3ccc(C(F)(F)F)cn3)c2)[C]([O-])O1
2o4n	mol2	ok	O1c(C(=C(C[C@@]1(CCC)CCc1ccccc1)O)[C@H](CC)c1cccc(NS(=O)(=O)c2ncc(cc2)C(F)(F)F)c1)o	CCC[C@@]1(CCc2ccccc2)CC(O)=C([C@H](CC)c2cccc(NS(=O)(=O)c3ccc(C(F)(F)F)cn3)c2)[C]([O-])O1
2o4p	mol2	ok	O1c(C(=C(C[C@@]1(CCC)CCc1ccccc1)O)[C@H](CC)c1cccc(NS(=O)(=O)c2ncc(cc2)C(F)(F)F)c1)o	CCC[C@@]1(CCc2ccccc2)CC(O)=C([C@H](CC)c2cccc(NS(=O)(=O)c3ccc(C(F)(F)F)cn3)c2)[C]([O-])O1
2oax	mol2	ok	S(C(=O)C)[C@@H]1CC2=CC(=O)CC[C@]2(C)[C@H]2CC[C@@]3(C)[C@@H](CC[C@@]43Oc(o)CC4)[C@H]12	CC(=O)S[C@@H]1CC2=CC(=O)CC[C@]2(C)[C@H]2CC[C@@]3(C)[C@@H](CC[C@@]34CC[C]([O-])O4)[C@H]12
2obo	mol2	ok	oc(OC(C)(C)C)N[C@H](C(=O)N1C[C@H]2[C@@H]([C@H]1C(=O)N[C@@H](CC1CC1)C(=O)C(=O)N)C2(C)C)C(C)(C)C	CC(C)(C)O[C]([O-])N[C@H](C(=O)N1C[C@H]2[C@@H]([C@H]1C(=O)N[C@@H](CC1CC1)C(=O)C(N)=O)C2(C)C)C(C)(C)C
2oc0	mol2	ok	oc(OC(C)(C)C)N[C@H](C(=O)N1C[C@H]2[C@@H]([C@H]1C(=O)N[C@@H](CC1CCC1)C(=O)C(=O)N)C2(C)C)C1CCCCC1	CC(C)(C)O[C]([O-])N[C@H](C(=O)N1C[C@H]2[C@@H]([C@H]1C(=O)N[C@@H](CC1CCC1)C(=O)C(N)=O)C2(C)C)C1CCCCC1
2oc2	mol2	ok	p([o])(o)([C@@H](Nc(o)OCc1ccccc1)Cc1ccccc1)[C@@H]1CCC[C@H]1C(=O)N[C@@H](CC1=CNc2ccccc12)C(=O)[O-]	O=C([O-])[C@H](Cc1c[nH]c2ccccc12)NC(=O)[C@@H]1CCC[C@H]1[P@](=O)([O-])[C@H](Cc1ccccc1)N[C]([O-])OCc1ccccc1
2oc7	mol2	ok	oc(OC(C)(C)C)N[C@H](C(=O)N1C[C@@H]2OC(C)(C)[C@@H]2[C@H]1C(=O)N[C@@H](CC1CCC1)C(=O)C(=O)N)C1CCCCC1	CC(C)(C)O[C]([O-])N[C@H](C(=O)N1C[C@@H]2OC(C)(C)[C@@H]2[C@H]1C(=O)N[C@@H](CC1CCC1)C(=O)C(N)=O)C1CCCCC1
2off	mol2	ok	[O-]C(=O)C[C@H](Oc(o)/C=C/c1ccc(O)cc1)[C@@H](Oc(o)/C=C/c1ccc(O)cc1)C(=O)[O-]	O=C([O-])C[C@H](O[C]([O-])/C=C/c1ccc(O)cc1)[C@@H](O[C]([O-])/C=C/c1ccc(O)cc1)C(=O)[O-]
2oh4	mol2	ok	Fc1ccc(cc1NC(=O)Nc1ccc(Oc2ccc3-[nH]c(nc(o)OC)[nH]-c3c2)cc1)C(F)(F)F	CO[C]([O-])/[N+]=c1/[nH]c2ccc(Oc3ccc(NC(=O)Nc4cc(C(F)(F)F)ccc4F)cc3)cc2[nH]1
2onb	mol2	ok	p([o])([o])(o)CCCp([o])([o])o	O=P([O-])([O-])CCCP(=O)([O-])[O-]
2ooh	mol2	ok	oc(O/N=C\c1ccc(O)cc1)C1CCCCC1	[O-][C](O/N=C\c1ccc(O)cc1)C1CCCCC1
2op9	mol2	ok	OCCC(=O)[C@H](NC(=O)[C@@H](Nc(o)OCc1ccccc1)Cc1ccccc1)C	C[C@@H](NC(=O)[C@H](Cc1ccccc1)N[C]([O-])OCc1ccccc1)C(=O)CCO
2or4	mol2	ok	C(=O)([C@H](CN1C(=O)[N]c(o)O1)[NH3+])[O-]	[NH3+][C@@H](CN1O[C]([O-])[N-]C1=O)C(=O)[O-]
2ow9	mol2	ok	S1C2=CC(=O)N(Cc3ccccc3)C(=O)N2C=C1c(o)OCc1ccccc1	O=c1cc2sc([C]([O-])OCc3ccccc3)cn2c(=O)n1Cc1ccccc1
2oxn	mol2	ok	CC(=O)N[C@@H]1[C@@H](O)[C@H](O)[C@@H](CO)O/C/1=N\Oc(o)Nc1ccccc1	CC(=O)N[C@H]1/C(=N/O[C]([O-])Nc2ccccc2)O[C@H](CO)[C@@H](O)[C@@H]1O
2oz7	mol2	ok	ClC1=C[C@@H]2[C@H](CC[C@@]3(C)[C@H]2CC[C@]3(Oc(o)C)C(=O)C)[C@]2(C)C1=CC(=O)[C@@H]1C[C@H]21	C[C]([O-])O[C@]1(C(C)=O)CC[C@H]2[C@@H]3C=C(Cl)C4=CC(=O)[C@@H]5C[C@@H]5[C@]4(C)[C@H]3CC[C@@]21C
2p3a	mol2	ok	oc(OCc1ccccc1)N[C@@H](C)C(=O)N[C@H](C(=O)N[C@@H](Cc1ccccc1)[C@@H](O)[C@H](O)[C@@H](NC(=O)[C@@H](NC(=O)[C@@H](Nc(o)OCc1ccccc1)C)C(C)C)Cc1ccccc1)C(C)C	CC(C)[C@H](NC(=O)[C@H](C)N[C]([O-])OCc1ccccc1)C(=O)N[C@@H](Cc1ccccc1)[C@@H](O)[C@H](O)[C@H](Cc1ccccc1)NC(=O)[C@@H](NC(=O)[C@H](C)N[C]([O-])OCc1ccccc1)C(C)C
2p3b	mol2	ok	oc(OCc1ccccc1)N[C@@H](C)C(=O)N[C@H](C(=O)N[C@@H](Cc1ccccc1)[C@@H](O)[C@H](O)[C@@H](NC(=O)[C@@H](NC(=O)[C@@H](Nc(o)OCc1ccccc1)C)C(C)C)Cc1ccccc1)C(C)C	CC(C)[C@H](NC(=O)[C@H](C)N[C]([O-])OCc1ccccc1)C(=O)N[C@@H](Cc1ccccc1)[C@@H](O)[C@H](O)[C@H](Cc1ccccc1)NC(=O)[C@@H](NC(=O)[C@H](C)N[C]([O-])OCc1ccccc1)C(C)C
2p3c	mol2	ok	oc(OCc1ccccc1)N[C@@H](C)C(=O)N[C@H](C(=O)N[C@@H](Cc1ccccc1)[C@@H](O)[C@H](O)[C@@H](NC(=O)[C@@H](NC(=O)[C@@H](Nc(o)OCc1ccccc1)C)C(C)C)Cc1ccccc1)C(C)C	CC(C)[C@H](NC(=O)[C@H](C)N[C]([O-])OCc1ccccc1)C(=O)N[C@@H](Cc1ccccc1)[C@@H](O)[C@H](O)[C@H](Cc1ccccc1)NC(=O)[C@@H](NC(=O)[C@H](C)N[C]([O-])OCc1ccccc1)C(C)C
2p3d	mol2	ok	oc(OCc1ccccc1)N[C@@H](C)C(=O)N[C@H](C(=O)N[C@@H](Cc1ccccc1)[C@@H](O)[C@H](O)[C@@H](NC(=O)[C@@H](NC(=O)[C@@H](Nc(o)OCc1ccccc1)C)C(C)C)Cc1ccccc1)C(C)C	CC(C)[C@H](NC(=O)[C@H](C)N[C]([O-])OCc1ccccc1)C(=O)N[C@@H](Cc1ccccc1)[C@@H](O)[C@H](O)[C@H](Cc1ccccc1)NC(=O)[C@@H](NC(=O)[C@H](C)N[C]([O-])OCc1ccccc1)C(C)C
2pgz	mol2	ok	oc(OC)[C@H]1[C@@H](Oc(o)c2ccccc2)C[C@H]2[N@H+](C)[C@@H]1CC2	CO[C]([O-])[C@H]1[C@@H](O[C]([O-])c2ccccc2)C[C@@H]2CC[C@H]1[N@H+]2C
2pj0	mol2	ok	c1ccccc1COc(o)N[C@@H](C(C)C)p([o])(o)O[C@H](C(=O)[O-])c1cc(ccc1)[nH][c]([nH2])[nH2]	CC(C)[C@H](N[C]([O-])OCc1ccccc1)[P@](=O)([O-])O[C@H](C(=O)[O-])c1cccc(NC(N)=[NH2+])c1
2pj1	mol2	ok	p([o])(o)(O[C@H](C(=O)[O-])c1cccc(C[NH3+])c1)[C@@H](Nc(o)OCc1ccccc1)C(C)C	CC(C)[C@H](N[C]([O-])OCc1ccccc1)[P@](=O)([O-])O[C@H](C(=O)[O-])c1cccc(C[NH3+])c1
2pj2	mol2	ok	p([o])(o)(C[C@H](C(=O)[O-])c1cccc(C[NH3+])c1)[C@@H](Nc(o)OCc1ccccc1)C(C)C	CC(C)[C@H](N[C]([O-])OCc1ccccc1)[P@](=O)([O-])C[C@H](C(=O)[O-])c1cccc(C[NH3+])c1
2pj4	mol2	ok	c1ccccc1COc(o)N[C@@H](C1CCCCC1)p([o])(o)O[C@H](C(=O)[O-])c1cc(ccc1)[nH][c]([nH2])[nH2]	NC(=[NH2+])Nc1cccc([C@H](O[P@@](=O)([O-])[C@@H](N[C]([O-])OCc2ccccc2)C2CCCCC2)C(=O)[O-])c1
2pj5	mol2	ok	p([o])(o)(O[C@H](C(=O)[O-])c1cccc([nH][c]([nH2])[nH2])c1)[C@@H](Nc(o)OCc1ccccc1)CCCCC	CCCCC[C@H](N[C]([O-])OCc1ccccc1)[P@](=O)([O-])O[C@H](C(=O)[O-])c1cccc(NC(N)=[NH2+])c1
2pja	mol2	ok	p([o])(o)(C[C@H](C(=O)[O-])c1cccc([nH][c]([nH2])[nH2])c1)[C@@H](NC(=O)[C@@H](Nc(o)OCc1ccccc1)Cc1ccccc1)C(C)C	CC(C)[C@H](NC(=O)[C@H](Cc1ccccc1)N[C]([O-])OCc1ccccc1)[P@](=O)([O-])C[C@H](C(=O)[O-])c1cccc(NC(N)=[NH2+])c1
2pjb	mol2	ok	S(=O)(=O)(N[C@H](p([o])(o)C[C@H](C(=O)[O-])c1cccc(C[NH3+])c1)C(C)C)C[C@@H](Nc(o)OCc1ccccc1)Cc1ccccc1	CC(C)[C@H](NS(=O)(=O)C[C@H](Cc1ccccc1)N[C]([O-])OCc1ccccc1)[P@](=O)([O-])C[C@H](C(=O)[O-])c1cccc(C[NH3+])c1
2pjc	mol2	ok	p([o])(o)(O[C@H](C(=O)[O-])c1cccc([nH][c]([nH2])[nH2])c1)[C@@H](NC(=O)[C@@H](Nc(o)OCc1ccccc1)Cc1ccc(O)cc1)C(C)C	CC(C)[C@H](NC(=O)[C@H](Cc1ccc(O)cc1)N[C]([O-])OCc1ccccc1)[P@](=O)([O-])O[C@H](C(=O)[O-])c1cccc(NC(N)=[NH2+])c1
2pjt	mol2	ok	S(=O)(=O)(CC1(CCN(CC1)c(o)OC(C)(C)C)C(=O)NO)c1ccc(NCC#CC)cc1	CC#CCNc1ccc(S(=O)(=O)CC2(C(=O)NO)CCN([C]([O-])OC(C)(C)C)CC2)cc1
2pmk	mol2	ok	p([o])([o])(o)Op([o])(o)OC[C@H]1O[C@H]([C@H]2[C@@H]1O[C@@]1(O2)C(=CC(=C[C@H]1N(=O)=O)N(=O)=O)N(=O)=O)N1C=Nc2c(N)ncnc12	Nc1ncnc2c1ncn2[C@@H]1O[C@H](CO[P@](=O)([O-])OP(=O)([O-])[O-])[C@H]2O[C@@]3(O[C@H]21)C([N+](=O)[O-])=CC([N+](=O)[O-])=C[C@H]3[N+](=O)[O-]
2poq	mol2	ok	OC[C@@H](O)[C@H]1Oc(o)C(=O)C1=O	O=C1[C]([O-])O[C@H]([C@H](O)CO)C1=O
2pqc	mol2	ok	p([o])([o])(o)O[C@@H]1CC(=C[C@@H](O[C@@](p([o])([o])o)(C)C(=O)[O-])[C@@H]1O)C(=O)[O-]	C[C@](O[C@@H]1C=C(C(=O)[O-])C[C@@H](OP(=O)([O-])[O-])[C@H]1O)(C(=O)[O-])P(=O)([O-])[O-]
2pu0	mol2	ok	p([o])([o])(o)CC(=O)NO	O=C(CP(=O)([O-])[O-])NO
2q15	mol2	ok	O=C(N(C)C1CCCCC1)CC[C@H](N1Cc2cc(Oc3ccccc3)ccc2N[C]1[NH3])C1CCCCC1	CN(C(=O)CC[C@@H](C1CCCCC1)N1Cc2cc(Oc3ccccc3)ccc2N[C]1[NH3+])C1CCCCC1
2q54	mol2	ok	oc1O[C@@H](CN1c1cccc(c1)C(=O)C)C(=O)N[C@@H](Cc1ccccc1)[C@@H](O)C[C@@H](NC(=O)[C@@H](NC(=O)C)C(C)C)Cc1ccccc1	CC(=O)N[C@H](C(=O)N[C@@H](Cc1ccccc1)C[C@H](O)[C@H](Cc1ccccc1)NC(=O)[C@@H]1CN(c2cccc(C(C)=O)c2)[C]([O-])O1)C(C)C
2q55	mol2	ok	oc1O[C@@H](CN1c1ccccc1)C(=O)N[C@@H](Cc1ccccc1)[C@@H](O)C[C@@H](NC(=O)[C@@H](N1CCCNC1=O)C(C)C)Cc1ccccc1	CC(C)[C@@H](C(=O)N[C@@H](Cc1ccccc1)C[C@H](O)[C@H](Cc1ccccc1)NC(=O)[C@@H]1CN(c2ccccc2)[C]([O-])O1)N1CCCNC1=O
2q6f	mol2	ok	O=C(C1=NOC(=C1)C)N[C@@H](C)C(=O)N[C@H](C(=O)N[C@H](C(=O)N[C@H](CCc(o)OCc1ccccc1)C[C@@H]1CCNC1=O)CC(C)C)C(C)C	Cc1cc(C(=O)N[C@@H](C)C(=O)N[C@H](C(=O)N[C@@H](CC(C)C)C(=O)N[C@H](CC[C]([O-])OCc2ccccc2)C[C@@H]2CCNC2=O)C(C)C)no1
2q8i	mol2	ok	c1(-c2c(cc(c(c2CC(=O)/C=C/C=C\[C@@H]2[C@@H](C[C@@H](C)O1)O2)Cl)O)O)o	C[C@@H]1C[C@H]2O[C@@H]2/C=C\C=C\C(=O)Cc2c(Cl)c(O)cc(O)c2[C]([O-])O1
2qc6	mol2	ok	BrC1=C(C)c2c(Oc1o)c(Br)c(cc2)O	CC1=C(Br)[C]([O-])Oc2c1ccc(O)c2Br
2qci	mol2	ok	S(=O)(=O)(N(C[C@@H](O)[C@@H](Nc(o)O[C@H]1CO[C@H]2OCC[C@@H]12)Cc1ccccc1)CC(C)C)c1ccc2OCOc2c1	CC(C)CN(C[C@@H](O)[C@H](Cc1ccccc1)N[C]([O-])O[C@H]1CO[C@H]2OCC[C@H]21)S(=O)(=O)c1ccc2c(c1)OCO2
2qd6	mol2	ok	S(=O)(=O)(N(C[C@@H](O)[C@@H](Nc(o)O[C@H]1CO[C@H]2OCC[C@@H]12)Cc1ccccc1)CC(C)C)c1ccc2OCOc2c1	CC(C)CN(C[C@@H](O)[C@H](Cc1ccccc1)N[C]([O-])O[C@H]1CO[C@H]2OCC[C@H]21)S(=O)(=O)c1ccc2c(c1)OCO2
2qd7	mol2	ok	S(=O)(=O)(N(C[C@@H](O)[C@@H](Nc(o)O[C@H]1CO[C@H]2OCC[C@@H]12)Cc1ccccc1)CC(C)C)c1ccc2OCOc2c1	CC(C)CN(C[C@@H](O)[C@H](Cc1ccccc1)N[C]([O-])O[C@H]1CO[C@H]2OCC[C@H]21)S(=O)(=O)c1ccc2c(c1)OCO2
2qd8	mol2	ok	S(=O)(=O)(N(C[C@@H](O)[C@@H](Nc(o)O[C@H]1CO[C@H]2OCC[C@@H]12)Cc1ccccc1)CC(C)C)c1ccc2OCOc2c1	CC(C)CN(C[C@@H](O)[C@H](Cc1ccccc1)N[C]([O-])O[C@H]1CO[C@H]2OCC[C@H]21)S(=O)(=O)c1ccc2c(c1)OCO2
2qg0	mol2	ok	S(=O)(=O)(NCc1nc(N)nc(C)c1)c1cccc(N/C=C/2\CCOc2o)c1	Cc1cc(CNS(=O)(=O)c2cccc(N/C=C3\CCO[C]3[O-])c2)nc(N)n1
2qg2	mol2	ok	oc1OCCN1/N=C/c1ccccc1C#Cc1nc(N)nc(C)c1	Cc1cc(C#Cc2ccccc2/C=N/N2CCO[C]2[O-])nc(N)n1
2qh6	mol2	ok	oc(OCC)[C@@H]1[C@H]2O[C@@H]([C@@H]1c(o)OCC)C(=C2c1ccc(O)cc1)c1ccc(O)cc1	CCO[C]([O-])[C@@H]1[C@H]([C]([O-])OCC)[C@H]2O[C@@H]1C(c1ccc(O)cc1)=C2c1ccc(O)cc1
2qhm	mol2	ok	oc(O[C@@H]1C[C@H]2[N@H+](C)[C@H](CC2)C1)C1=CNc2ncccc12	C[N@@H+]1[C@@H]2CC[C@H]1C[C@@H](O[C]([O-])c1c[nH]c3ncccc13)C2
2qiq	mol2	ok	OC[C@H](Nc(o)OC(C)(C)C)C(=O)N[C@H](C(=O)C[C@@H](CC=C(C)C)C(=O)N[C@H](CCc(o)OCC)C[C@@H]1CCNC1=O)C(C)C	CCO[C]([O-])CC[C@H](C[C@@H]1CCNC1=O)NC(=O)[C@H](CC=C(C)C)CC(=O)[C@@H](NC(=O)[C@H](CO)N[C]([O-])OC(C)(C)C)C(C)C
2qnx	mol2	ok	CCCCCCCCCCOc(o)[S]	CCCCCCCCCCO[C]([O-])[S-]
2qo1	mol2	ok	[O-]C(=O)CCCCCCCCCCOc(o)[S]	O=C([O-])CCCCCCCCCCO[C]([O-])[S-]
2qta	mol2	ok	S1C=[N](Cc2cnc(nc2N)C)C(=C1CCOp([o])(o)op([o])([o])o)C	Cc1ncc(C[n+]2csc(CCO[P@@+](=O)([O-]):[O-]P(=O)([O-])[O-])c2C)c(N)n1
2qtr	mol2	ok	[O-]C(=O)C1=CC=CN(C1)[C@H]1[C@H](O)[C@H](O)[C@H](O1)COp([o])(o)Op([o])(o)OC[C@@H]1[C@@H](O)[C@@H](O)[C@@H](O1)N1C=Nc2c1ncnc2N	Nc1ncnc2c1ncn2[C@@H]1O[C@H](CO[P@](=O)([O-])O[P@](=O)([O-])OC[C@H]2O[C@@H](N3C=CC=C(C(=O)[O-])C3)[C@H](O)[C@@H]2O)[C@@H](O)[C@H]1O
2r2l	mol2	ok	S(=O)(=O)(N(CC1CCN(CC1)c(o)OC)[C@@H]1CN(CC2=C[NH]=CN2C)c2ccc(C#N)cc2C1)c1ncccc1	CO[C]([O-])N1CCC(CN([C@H]2Cc3cc(C#N)ccc3N(Cc3c[nH+]cn3C)C2)S(=O)(=O)c2ccccn2)CC1
2rin	mol2	ok	oc(OCC[N+](C)(C)C)C	C[C]([O-])OCC[N+](C)(C)C
2rk8	mol2	ok	p([oH])([oH])(o)C(=O)[O-]	O=C([O-])P(=O)([O-])[O-]
2rkn	mol2	ok	p([o])(o)(OC)OC[C@H](O)COc(o)CCCCCCCCCCCCCCCCC	CCCCCCCCCCCCCCCCC[C]([O-])OC[C@@H](O)CO[P@](=O)([O-])OC
2rok	mol2	sdf_mol2_heavy_atoms_differ	p([o])(o)(OC[C@H]1O[C@H]([C@@H]([C@@H]1O)O)N1C[N@@H+]([C@@H]2C(=O)NC(=N)[NH]=C12)C)Op([o])(o)Op([o])(o)OC[C@H]1O[C@H]([C@@H]([C@@H]1O)O)N1C=NC2=C1[nH][c]([nH]C2=O)[nH2]	
2tmn	mol2	ok	p([o])([o])(o)N[C@@H](CC(C)C)C(=O)N	CC(C)C[C@H](NP(=O)([O-])[O-])C(N)=O
2upj	mol2	ok	CC(C)(C)Oc(o)NCCC(=O)Nc1cccc(c1)[C@H](C1CC1)C1=C(C=C(Oc1o)[C@H](CC)Cc1ccccc1)O	CC[C@H](Cc1ccccc1)C1=CC(O)=C([C@H](c2cccc(NC(=O)CCN[C]([O-])OC(C)(C)C)c2)C2CC2)[C]([O-])O1
2usn	mol2	ok	C1(=NN=C(S1)[S])NC(=O)C[C@H](c1ccccc1)Nc(OCc1ccccc1)o	O=C(C[C@@H](N[C]([O-])OCc1ccccc1)c1ccccc1)Nc1nnc([S-])s1
2uxx	mol2	ok	p([o])(o)(Op([o])(o)OC[C@H]1O[C@@H](N2C=Nc3c(N)ncnc23)[C@H](O)[C@@H]1O)OC[C@@H](O)[C@@H](O)[C@@H](O)CN1[C]2NC(=O)NC(=O)[C@]32N([C@H](O)C[C@@H]3c2ccccc2)c2cc(C)c(C)cc12	Cc1cc2c(cc1C)N1[C@H](O)C[C@H](c3ccccc3)[C@@]13[C](NC(=O)NC3=O)N2C[C@H](O)[C@H](O)[C@H](O)CO[P@@](=O)([O-])O[P@@](=O)([O-])OC[C@H]1O[C@@H](n2cnc3c(N)ncnc32)[C@H](O)[C@@H]1O
2uxz	mol2	ok	Brc1ccc(C[N@+](NC(=O)[C@@H](Nc(o)OC)C(C)(C)C)CCC[C@@](O)(Cc2ccccc2)C(=O)N[C@@H]2[C@H](O)Cc3ccccc23)cc1	CO[C]([O-])N[C@H](C(=O)N[N+](CCC[C@@](O)(Cc1ccccc1)C(=O)N[C@H]1c2ccccc2C[C@H]1O)Cc1ccc(Br)cc1)C(C)(C)C
2uy0	mol2	ok	Brc1ccc(CN(NC(=O)[C@@H](Nc(o)OC)C(C)(C)C)C(=O)CC[C@@](O)(Cc2ccccc2)C(=O)N[C@@H]2[C@H](O)Cc3ccccc23)cc1	CO[C]([O-])N[C@H](C(=O)NN(Cc1ccc(Br)cc1)C(=O)CC[C@@](O)(Cc1ccccc1)C(=O)N[C@H]1c2ccccc2C[C@H]1O)C(C)(C)C
2v0c	mol2	ok	C(c1cc(ccc1B1O[C@@H]2[C@@H](COp([o])([o])o)O[C@@H](N3C=Nc4c(N)ncnc34)[C@@H]2O1)F)O	Nc1ncnc2c1ncn2[C@@H]1O[C@H](COP(=O)([O-])[O-])[C@H]2OB(c3ccc(F)cc3CO)O[C@H]21
2v11	mol2	ok	oc(OC[C@@H](C)C[C@H]([NH3+])C(=O)C[C@@H](C)C(=O)NCCCC)C1=CN(Cc2ccccc2)c2ccccc12	CCCCNC(=O)[C@H](C)CC(=O)[C@@H]([NH3+])C[C@H](C)CO[C]([O-])c1cn(Cc2ccccc2)c2ccccc12
2v16	mol2	ok	oc(OC)[C@H]1CN(C(=O)CC(C)(C)C[C@H]([NH3+])[C@@H](O)C[C@@H](C)C(=O)NCCCC)c2ccccc2C1	CCCCNC(=O)[C@H](C)C[C@H](O)[C@@H]([NH3+])CC(C)(C)CC(=O)N1C[C@H]([C]([O-])OC)Cc2ccccc21
2v2v	mol2	ok	O=C1NC(=[NH2])C=CN1[C@@H]1O[C@@H]([C@H]([C@H]1O)O)CNC(=O)CC1=Nc2ccccc2N1	[NH2+]=c1ccn([C@@H]2O[C@H](CNC(=O)Cc3nc4ccccc4[nH]3)[C@@H](O)[C@H]2O)c(=O)[nH]1
2vaq	mol2	ok	OC[C@H]1O[C@@H](O[C@@H]2OC=C(c(o)OC)[C@@H](CC[NH2+]CCC3=CNc4ccccc34)[C@H]2C=C)[C@H](O)[C@@H](O)[C@@H]1O	C=C[C@H]1[C@H](O[C@@H]2O[C@H](CO)[C@@H](O)[C@H](O)[C@H]2O)OC=C([C]([O-])OC)[C@H]1CC[NH2+]CCc1c[nH]c2ccccc12
2vcb	mol2	ok	OC[C@H]1O/C(=N\Oc(o)Nc2ccccc2)/[C@H](NC(=O)C)[C@@H](O)[C@@H]1O	CC(=O)N[C@H]1/C(=N/O[C]([O-])Nc2ccccc2)O[C@H](CO)[C@@H](O)[C@@H]1O
2vcg	mol2	ok	Brc1ccc(cc1)C[C@H](NC(=O)CCCCCCC(=O)NO)c(o)OC	CO[C]([O-])[C@H](Cc1ccc(Br)cc1)NC(=O)CCCCCCC(=O)NO
2vi5	mol2	ok	OC[C@@H](O)[C@@H](O)[C@@H](O)C/[NH]=C/1\NC(=O)[N]C(=O)[C@H]1NC(=O)CC	CCC(=O)N[C@@H]1C(=O)[N-]C(=O)N/C1=[NH+]\C[C@H](O)[C@H](O)[C@H](O)CO
2vl8	mol2	ok	p([o])([o])(o)op([o])(o)OC[C@H]1O[C@@H](N2C=CC(=O)NC2=O)[C@H](O)[C@@H]1O	O=c1ccn([C@@H]2O[C@H](CO[P@+](=O)([O-]):[O-]P(=O)([O-])[O-])[C@@H](O)[C@H]2O)c(=O)[nH]1
2vnp	mol2	ok	p([o])([o])(o)op([o])(o)OCC[NH+](C)C	C[NH+](C)CCO[P@+](=O)([O-]):[O-]P(=O)([O-])[O-]
2vvs	mol2	ok	OC[C@H]1O/C(=N\Oc(o)Nc2ccccc2)/[C@H](NC(=O)C)[C@@H](O)[C@@H]1O	CC(=O)N[C@H]1/C(=N/O[C]([O-])Nc2ccccc2)O[C@H](CO)[C@@H](O)[C@@H]1O
2vw5	mol2	ok	oc(O[C@@H]1[C@@H](C)CC/C=C(\C)/C(=O)Nc2cc(O)cc(c2)C[C@@H](C)C[C@H](OC)[C@H](O)[C@@H](C)/C=C/1\C)N	CO[C@H]1C[C@H](C)Cc2cc(O)cc(c2)NC(=O)/C(C)=C/CC[C@H](C)[C@@H](O[C](N)[O-])/C(C)=C/[C@H](C)[C@H]1O
2vwc	mol2	ok	oc(O[C@@H]1[C@@H](C)/C=C\C=C(/C)\C(=O)NC2=CC(=O)C=C(C2=O)[C@H](OC)[C@@H](C)C[C@H](OC)[C@H](OC)[C@@H](C)/C=C/1\C)N	CO[C@H]1[C@@H](OC)C[C@H](C)[C@@H](OC)C2=CC(=O)C=C(NC(=O)/C(C)=C/C=C\[C@H](C)[C@@H](O[C](N)[O-])/C(C)=C/[C@@H]1C)C2=O
2w16	mol2	ok	O=C([C@H](NC(=O)[C@H]1N2C(=NCC1)C(=Cc1cc([O-])c([O-])cc21)NC(=O)CCC(=O)[O-])CO)N[C@H](C(=O)N[C@@H](C(=O)N[C@H](C(=O)N[C@@H]1C(=O)N[C@H](C(=O)N[C@H](C(=O)N[C@H](C(=O)NCCCC1)[C@H](O)C)[C@H](O)C)CCCN([O])C=O)CCCN([O])C=O)CO)CCC[nH][c]([nH2])[nH2].[Fe+3]	C[C@@H](O)[C@@H]1NC(=O)[C@H](CCCN([O-])C=O)NC(=O)[C@@H](NC(=O)[C@H](CCCN([O-])C=O)NC(=O)[C@@H](CO)NC(=O)[C@H](CCCNC(N)=[NH2+])NC(=O)[C@@H](CO)NC(=O)[C@@H]2CCN=C3C(NC(=O)CCC(=O)[O-])=Cc4cc([O-])c([O-])cc4N32)CCCCNC(=O)[C@H]([C@@H](C)O)NC1=O.[Fe+]
2w26	mol2	ok	ClC1=CC=C(S1)C(=O)NC[C@@H]1Oc(o)N(C1)c1ccc(N2CCOCC2=O)cc1	O=C(NC[C@H]1CN(c2ccc(N3CCOCC3=O)cc2)[C]([O-])O1)c1ccc(Cl)s1
2w6z	mol2	ok	CC(=CCn1[c]2c(c(N)nc1)N=CN2)C	CC(C)=CC[n+]1cnc(N)c2nc[nH]c21
2w78	mol2	ok	O=C([C@H](NC(=O)[C@H]1N2C(=[NH]CC1)C(=Cc1cc([O-])c([O-])cc21)N1Oc(o)CCC1=O)CO)N[C@H](C(=O)NCC(=O)N[C@H](C(=O)N[C@@H]1C(=O)N[C@@H](C(=O)N[C@H](C(=O)NCCCC1)CO)CCCN([O])C=O)CCCN([O])C=O)CCCC[NH3+].[Fe+3]	[Fe+].[NH3+]CCCC[C@H](NC(=O)[C@@H](CO)NC(=O)[C@@H]1CC[NH+]=C2C(N3O[C]([O-])CCC3=O)=Cc3cc([O-])c([O-])cc3N21)C(=O)NCC(=O)N[C@@H](CCCN([O-])C=O)C(=O)N[C@H]1CCCCNC(=O)[C@H](CO)NC(=O)[C@@H](CCCN([O-])C=O)NC1=O
2wca	mol2	ok	OC[C@H]1O/C(=N\Oc(o)Nc2ccccc2)/[C@H](NC(=O)CCC)[C@@H](O)[C@@H]1O	CCCC(=O)N[C@H]1/C(=N/O[C]([O-])Nc2ccccc2)O[C@H](CO)[C@@H](O)[C@@H]1O
2wd3	mol2	ok	Clc1cc(ccc1Os([o])([o])N)c1cc(CN2N=CN=C2)ccc1C#N	N#Cc1ccc(Cn2cncn2)cc1-c1ccc(O[S@@+](N)(=O)[O-])c(Cl)c1
2web	mol2	ok	p([o])(o)(O[C@@H](Cc1ccccc1)c(o)OC)[C@@H](NC(=O)[C@@H](NC=O)C(C)C)Cc1ccc2ccccc2c1	CO[C]([O-])[C@H](Cc1ccccc1)O[P@](=O)([O-])[C@H](Cc1ccc2ccccc2c1)NC(=O)[C@@H](NC=O)C(C)C
2wec	mol2	ok	p([o])(o)(O[C@@H](Cc1ccccc1)c(o)OC)CNC(=O)[C@@H](NC(=O)Cc1cccc2ccccc12)C(C)C	CO[C]([O-])[C@H](Cc1ccccc1)O[P@@](=O)([O-])CNC(=O)[C@@H](NC(=O)Cc1cccc2ccccc12)C(C)C
2wed	mol2	ok	p([o])(o)(O[C@@H](Cc1ccccc1)c(o)OC)[C@H]1NC(=O)[C@@H](NC(=O)Cc2cccc3ccc(C1)cc23)C(C)C	CO[C]([O-])[C@H](Cc1ccccc1)O[P@](=O)([O-])[C@@H]1Cc2ccc3cccc(c3c2)CC(=O)N[C@@H](C(C)C)C(=O)N1
2weq	mol2	ok	oc(O[C@@H]1[C@@H](OC)CCC[C@H](C)[C@H](O)NC2=CC(=O)C(=C(C[C@@H](C)C[C@H](OC)[C@H](O)[C@@H](C)C[C@H]1C)C2=O)OC)N	COC1=C2C[C@@H](C)C[C@H](OC)[C@H](O)[C@@H](C)C[C@@H](C)[C@H](O[C](N)[O-])[C@@H](OC)CCC[C@H](C)[C@H](O)NC(=CC1=O)C2=O
2wer	mol2	ok	c1(-c2c(cc(c(c2CC(=O)/C=C/C=C\[C@@H]2[C@@H](C[C@@H](C)O1)O2)Cl)O)O)o	C[C@@H]1C[C@H]2O[C@@H]2/C=C\C=C\C(=O)Cc2c(Cl)c(O)cc(O)c2[C]([O-])O1
2wkz	mol2	ok	oc(OC)N[C@H](C(=O)N[N@+](CC[C@@](O)(Cc1ccccc1)C(=O)N[C@@H]1[C@H](O)Cc2ccccc12)Cc1ccc(cc1)c1ncccc1)C(C)(C)C	CO[C]([O-])N[C@H](C(=O)N[N+](CC[C@@](O)(Cc1ccccc1)C(=O)N[C@H]1c2ccccc2C[C@H]1O)Cc1ccc(-c2ccccn2)cc1)C(C)(C)C
2wl0	mol2	ok	oc(OC)N[C@H](C(=O)N[N@+](CC[C@@](O)(Cc1ccccc1)C(=O)N[C@@H]1[C@H](O)Cc2ccccc12)Cc1ccc(cc1)c1ncccc1)C(C)(C)C	CO[C]([O-])N[C@H](C(=O)N[N+](CC[C@@](O)(Cc1ccccc1)C(=O)N[C@H]1c2ccccc2C[C@H]1O)Cc1ccc(-c2ccccn2)cc1)C(C)(C)C
2wnc	mol2	ok	oc(O[C@@H]1C[C@H]2[N@H+](C)[C@H](CC2)C1)C1=CNc2ccccc12	C[N@@H+]1[C@@H]2CC[C@H]1C[C@@H](O[C]([O-])c1c[nH]c3ccccc13)C2
2wu7	mol2	ok	Clc1ccc2c(N(C)C(=C2/C(=C\N)/C#N)c(o)OCC)c1Cl	CCO[C]([O-])c1c(/C(C#N)=C\N)c2ccc(Cl)c(Cl)c2n1C
2wzf	mol2	ok	p([o])([o])(o)op([o])(o)OC[C@H]1O[C@@H](N2C=CC(=O)NC2=O)[C@H](O)[C@@H]1O	O=c1ccn([C@@H]2O[C@H](CO[P@@+](=O)([O-]):[O-]P(=O)([O-])[O-])[C@@H](O)[C@H]2O)c(=O)[nH]1
2wzy	mol2	ok	oc1O[C@@H](C[C@@H]1C)C1=C(C)[C@H]2[C@]3(CC1)C(=[NH]C[C@H](C)[C@@H](C)C3)CCCC(=C)C[C@@H]1CC[C@@]([C@@]3(O[C@@]4(O[C@H](C[C@@H](/C(=C/2)/C)O)CC4)CC3)O1)(C)O	C=C1CCCC2=[NH+]C[C@H](C)[C@@H](C)C[C@@]23CCC([C@@H]2C[C@H](C)[C]([O-])O2)=C(C)[C@@H]3/C=C(\C)[C@@H](O)C[C@@H]2CC[C@@]3(CC[C@@]4(O[C@@H](CC[C@@]4(C)O)C1)O3)O2
2x00	mol2	ok	oc1O[C@@H](C[C@@H]1C)C1=C(C)[C@H]2[C@]3(CC1)C(=[NH]CCC3)CC/C=C(/[C@H]1[C@@H](C[C@H](CC[C@@H](/C(=C/2)/C)O)O1)C)\C	CC1=C([C@@H]2C[C@H](C)[C]([O-])O2)CC[C@]23CCC[NH+]=C2CC/C=C(\C)[C@@H]2O[C@@H](CC[C@H](O)/C(C)=C/[C@@H]13)C[C@H]2C
2x24	mol2	ok	oc(OC(C)(C)C)NC[C@H]1CC[C@H](CNC(=O)c2cc(nc3ccccc23)c2ccc(C[NH3+])cc2)CC1	CC(C)(C)O[C]([O-])NC[C@H]1CC[C@H](CNC(=O)c2cc(-c3ccc(C[NH3+])cc3)nc3ccccc23)CC1
2x52	mol2	ok	OC[C@H]1O[C@H](Oc(o)NCCCOCCOCCOCCCNc(o)O[C@H]2O[C@H](CO)[C@@H](O)[C@H](O)[C@H]2NC(=O)C)[C@H](NC(=O)C)[C@@H](O)[C@@H]1O	CC(=O)N[C@H]1[C@@H](O[C]([O-])NCCCOCCOCCOCCCN[C]([O-])O[C@H]2O[C@H](CO)[C@@H](O)[C@H](O)[C@H]2NC(C)=O)O[C@H](CO)[C@@H](O)[C@@H]1O
2x6d	mol2	ok	C1COCC[N+]1Cc1ccc(cc1)C1=[NH]c2c(N1)ncc(Br)c2N1CC[N@@+](CC1)Cc1ccc(Cl)cc1	Clc1ccc(C[N+]2CCN(c3c(Br)cnc4[nH]c(-c5ccc(C[N+]6CCOCC6)cc5)[nH+]c34)CC2)cc1
2x6f	mol2	ok	N1[c]2n(C)[cH][nH]c(N)c2[NH]=C1	C[n+]1c[nH+]c(N)c2[nH+]c[nH]c21
2x6i	mol2	ok	O=C(c1cnccc1)[nH][c]1[nH]-c2c(OC)c(ccc2[C@H]2n1CC[NH2+]2)OC	COc1ccc2c(c1OC)N/C(=[NH+]\C(=O)c1cccnc1)N1CC[NH2+][C@@H]21
2x7s	mol2	ok	s([o])([o])(O[C@H]1CC[C@H]2[C@@H]3CCc4cc(O)c(OC)cc4[C@H]3CC[C@]12C)N	COc1cc2c(cc1O)CC[C@@H]1[C@@H]2CC[C@]2(C)[C@@H](O[S@@+](N)(=O)[O-])CC[C@@H]12
2x7t	mol2	ok	s([o])([o])(Oc1cc2CC[C@@H]3[C@H](CC[C@]4(C)[C@@H](Os([o])([o])N)CC[C@@H]34)c2cc1CC)N	CCc1cc2c(cc1O[S@@+](N)(=O)[O-])CC[C@@H]1[C@@H]2CC[C@]2(C)[C@@H](O[S@@+](N)(=O)[O-])CC[C@@H]12
2x7u	mol2	ok	s([o])([o])(Oc1cc2CC[C@@H]3[C@H](CC[C@]4(C)[C@@H](O)CC[C@@H]34)c2cc1OC)N	COc1cc2c(cc1O[S@+](N)(=O)[O-])CC[C@@H]1[C@@H]2CC[C@]2(C)[C@@H](O)CC[C@@H]12
2x96	mol2	mismatch_inchikey	p([o])(o)([C@H](Nc(o)OCc1ccccc1)Cc1ccccc1)[C@@H]1CCC[C@H]1C(=O)N[C@@H](CC1=CNc2ccccc12)C(=O)[O-]	
2xah	mol2	ok	p([o])(o)(OC[C@H]1O[C@H]([C@@H]([C@@H]1O)O)N1C=Nc2c(N)ncnc12)Op(OC[C@H]([C@H]([C@H](CN1c2c(N(c3[c]([nH][c]([nH]c13)O)O)[C@H](CC=O)c1ccccc1)cc(C)c(C)c2)O)O)O)([o])o	Cc1cc2c(cc1C)N([C@H](CC=O)c1ccccc1)c1c(O)[nH+]c(O)[nH+]c1N2C[C@H](O)[C@H](O)[C@H](O)CO[P@@](=O)([O-])O[P@@](=O)([O-])OC[C@H]1O[C@@H](n2cnc3c(N)ncnc32)[C@H](O)[C@@H]1O
2xas	mol2	ok	p([o])(o)(Op([o])(o)OC[C@H]1O[C@@H](N2C=Nc3c(N)ncnc23)[C@H](O)[C@@H]1O)OC[C@@H](O)[C@@H](O)[C@@H](O)CN1C2=C(N(c3cc(C)c(C)cc13)C(=O)CCc1ccc(NC(=O)[C@@H](Nc(o)OCc3ccccc3)Cc3ccccc3)cc1)C(=O)NC(=O)N2	Cc1cc2c(cc1C)N(C(=O)CCc1ccc(NC(=O)[C@H](Cc3ccccc3)N[C]([O-])OCc3ccccc3)cc1)c1c([nH]c(=O)[nH]c1=O)N2C[C@H](O)[C@H](O)[C@H](O)CO[P@](=O)([O-])O[P@@](=O)([O-])OC[C@H]1O[C@@H](n2cnc3c(N)ncnc32)[C@H](O)[C@@H]1O
2xbj	mol2	ok	Fc1ccc(O)c(c1)c1nc(N[C@@H]2C[NH+]C[C@H]2C(O)(C)C)c2[cH]c(OC)c(OC)cc2[nH]1	COc1cc2[nH+]c(-c3cc(F)ccc3O)nc(N[C@@H]3C[NH+]C[C@H]3C(C)(C)O)c2cc1OC
2xcn	mol2	ok	oc(OC1CCCC1)N[C@@H](C(C)(C)C)C(=O)N1[C@H](C(=O)N[C@@H](CCO)B(O)O)C[C@H](C1)Oc1nccc2c1cccc2	CC(C)(C)[C@H](N[C]([O-])OC1CCCC1)C(=O)N1C[C@H](Oc2nccc3ccccc23)C[C@H]1C(=O)N[C@@H](CCO)B(O)O
2xd6	mol2	ok	c1(-c2c(cc(c(c2CC(=O)CCCC/C(=C/CCO1)/CO)Cl)O)O)o	O=C1CCCC/C(CO)=C/CCO[C]([O-])c2c(O)cc(O)c(Cl)c2C1
2xdw	mol2	ok	oc(OCc1ccccc1)N1CCC[C@H]1C(=O)N1CCCC[C@H]1C(=O)[O-]	O=C([O-])[C@@H]1CCCCN1C(=O)[C@@H]1CCCN1[C]([O-])OCc1ccccc1
2xeg	mol2	ok	[O-]C(=O)CC[C@@H](C(=O)[O-])NC(=O)N[C@H](C(=O)[O-])CCCCN1C=C(N=N1)COCCOCCOCCOCC[NH2]c1ccc(N(=O)=O)cc1N(=O)=O	O=C([O-])CC[C@H](NC(=O)N[C@@H](CCCCn1cc(COCCOCCOCCOCC[NH2+]c2ccc([N+](=O)[O-])cc2[N+](=O)[O-])nn1)C(=O)[O-])C(=O)[O-]
2xn6	mol2	ok	oc1-c2ccc(cc2C2(O1)c1ccc(O)cc1Oc1cc(O)ccc21)C(=O)N[C@@H](Cc1cc(c(c(c1)I)Oc1cc(c(c(c1)I)O)I)I)C(=O)[O-]	O=C(N[C@@H](Cc1cc(I)c(Oc2cc(I)c(O)c(I)c2)c(I)c1)C(=O)[O-])c1ccc2c(c1)C1(O[C]2[O-])c2ccc(O)cc2Oc2cc(O)ccc21
2xn7	mol2	ok	c1(cc(c(c(c1)I)Oc1cc(c(c(c1)I)O)I)I)C[C@@H](C(=O)[O-])NC(=O)c1cc2-c(o)OC3(c4ccc(O)cc4Oc4cc(O)ccc34)c2cc1	O=C(N[C@@H](Cc1cc(I)c(Oc2cc(I)c(O)c(I)c2)c(I)c1)C(=O)[O-])c1ccc2c(c1)[C]([O-])OC21c2ccc(O)cc2Oc2cc(O)ccc21
2xni	mol2	ok	N12C(=O)[C@@H](Nc(OCC(C)(C)CCCCc3c4CN(c(O[C@@H](C1)C[C@H]2C(=O)N[C@H](B(O)O)CCO)o)Cc4ccc3)o)C(C)(C)C	CC1(C)CCCCc2cccc3c2CN(C3)[C]([O-])O[C@@H]2C[C@@H](C(=O)N[C@@H](CCO)B(O)O)N(C2)C(=O)[C@H](C(C)(C)C)N[C]([O-])OC1
2xow	mol2	ok	[O-]C(=O)c1cc(N)ccc1Cc(o)OC	CO[C]([O-])Cc1ccc(N)cc1C(=O)[O-]
2xsb	mol2	ok	OC[C@H]1Oc(o)[C@H](NC(=O)C)[C@@H](O)[C@@H]1O	CC(=O)N[C@H]1[C]([O-])O[C@H](CO)[C@@H](O)[C@@H]1O
2xuz	mol2	ok	oc1OC[C@H](NC(=O)c2cccc(O)c2O)c(o)OC[C@H](NC(=O)c2cccc(O)c2O)c(o)OC[C@@H]1NC(=O)c1cccc(O)c1O	O=C(N[C@H]1CO[C]([O-])[C@@H](NC(=O)c2cccc(O)c2O)CO[C]([O-])[C@@H](NC(=O)c2cccc(O)c2O)CO[C]1[O-])c1cccc(O)c1O
2xx4	mol2	ok	Clc1c(O)cc(O)c2C(=O)NCC/C=C/CCC[C@H](c(o)OCC)C(=O)Cc12	CCO[C]([O-])[C@H]1CCC/C=C/CCNC(=O)c2c(O)cc(O)c(Cl)c2CC1=O
2xy9	mol2	ok	[P@](=O)(O)(C[C@H](CC1=CC(=NO1)c1ccccc1)C(=O)N[C@@H](Cc1ccc(O)cc1)C(=O)[O-])[C@@H](Nc(o)OCc1ccccc1)Cc1ccccc1	O=C(N[C@@H](Cc1ccc(O)cc1)C(=O)[O-])[C@@H](Cc1cc(-c2ccccc2)no1)C[P@](=O)(O)[C@H](Cc1ccccc1)N[C]([O-])OCc1ccccc1
2xyd	mol2	ok	p([o])(o)(C[C@H](CC1=CC(=NO1)c1ccccc1)C(=O)N[C@@H](Cc1ccc(O)cc1)C(=O)[O-])[C@@H](Nc(o)OCc1ccccc1)Cc1ccccc1	O=C(N[C@@H](Cc1ccc(O)cc1)C(=O)[O-])[C@@H](Cc1cc(-c2ccccc2)no1)C[P@](=O)([O-])[C@H](Cc1ccccc1)N[C]([O-])OCc1ccccc1
2xye	mol2	ok	oc(OC)N[C@H](C(=O)N[N@+](CCC[C@@](O)(Cc1ccccc1)C(=O)N[C@H](C(=O)NC)C(C)(C)C)Cc1ccc(cc1)c1ccccc1)C(C)(C)C	CNC(=O)[C@@H](NC(=O)[C@@](O)(CCC[N+](Cc1ccc(-c2ccccc2)cc1)NC(=O)[C@@H](N[C]([O-])OC)C(C)(C)C)Cc1ccccc1)C(C)(C)C
2xyf	mol2	ok	S1C=CC(=C1)c1ccc(C[N@+](NC(=O)[C@@H](Nc(o)OC)C(C)(C)C)CCC[C@@](O)(Cc2ccccc2)C(=O)N[C@H](C(=O)NC)C(C)(C)C)cc1	CNC(=O)[C@@H](NC(=O)[C@@](O)(CCC[N+](Cc1ccc(-c2ccsc2)cc1)NC(=O)[C@@H](N[C]([O-])OC)C(C)(C)C)Cc1ccccc1)C(C)(C)C
2xz5	mol2	ok	oc(OCC[N+](C)(C)C)C	C[C]([O-])OCC[N+](C)(C)C
2y1g	mol2	ok	Clc1ccc(cc1Cl)[C@@H](p([o])([o])o)CCN(O)C(=O)C	CC(=O)N(O)CC[C@@H](c1ccc(Cl)c(Cl)c1)P(=O)([O-])[O-]
2y3p	mol2	ok	N(C(=O)/C=C/C=C/C=C/C=C/c(O[C@@H]1C[C@H](c2c(O)c3[C@H](O)[C@]45[C@H](C[C@]6(O)CC(=CC(=O)[C@]6(O)[C@@]5(O4)C(=O)c3cc2)C)O)O[C@@H]([C@H]1Oc(o)C)C)o)C1=C(O)c2ccc(O)c(Cl)c2Oc1o	C[C]([O-])O[C@@H]1[C@@H](C)O[C@@H](c2ccc3c(c2O)[C@H](O)[C@]24O[C@@]2(C3=O)[C@@]2(O)C(=O)C=C(C)C[C@@]2(O)C[C@@H]4O)C[C@H]1O[C]([O-])/C=C/C=C/C=C/C=C/C(=O)NC1=C(O)c2ccc(O)c(Cl)c2O[C]1[O-]
2y54	mol2	ok	oc(O[C@@H]1C[C@H]2[NH2+][C@H](CC2)C1)c1ccccc1	[O-][C](O[C@H]1C[C@H]2CC[C@@H](C1)[NH2+]2)c1ccccc1
2y56	mol2	ok	oc(O[C@@H]1C[C@H]2[N@H+](C[C@H](O)c3ccccc3)[C@H](CC2)C1)c1ccccc1	[O-][C](O[C@H]1C[C@H]2CC[C@@H](C1)[N@@H+]2C[C@H](O)c1ccccc1)c1ccccc1
2y57	mol2	ok	oc(O[C@H]1C[C@@H]2[N@@H+](CCc3ccccc3)[C@@H](CC2)C1)c1ccccc1	[O-][C](O[C@H]1C[C@H]2CC[C@@H](C1)[N@@H+]2CCc1ccccc1)c1ccccc1
2y58	mol2	ok	oc(O[C@H]1C[C@@H]2[N@+](C)(C[C@H](O)c3ccccc3)[C@@H](CC2)C1)c1ccccc1	C[N@+]1(C[C@H](O)c2ccccc2)[C@@H]2CC[C@H]1C[C@@H](O[C]([O-])c1ccccc1)C2
2yay	mol2	ok	p([o])([o])(o)op([o])(o)Np([o])(o)OC[C@H]1O[C@@H](N2C=CC(=O)NC2=O)C[C@@H]1O	O=c1ccn([C@H]2C[C@H](O)[C@@H](CO[P@](=O)([O-])N[P@+](=O)([O-]):[O-]P(=O)([O-])[O-])O2)c(=O)[nH]1
2ycm	mol2	ok	Clc1c(c(n2[c](C(=CN2)C(=O)[O-])n1)O)Cc1ccccc1	O=C([O-])c1c[nH][n+]2c(O)c(Cc3ccccc3)c(Cl)nc12
2ydw	mol2	ok	oc(OCc1ccccc1)N[C@@H]1N=C(c2ccccc2)c2ccccc2N2C(=NN=C12)C	Cc1nnc2n1-c1ccccc1C(c1ccccc1)=N[C@H]2N[C]([O-])OCc1ccccc1
2yel	mol2	ok	oc(OCc1ccccc1)N[C@@H]1N=C(c2ccccc2)c2ccccc2N2C(=NN=C12)C	Cc1nnc2n1-c1ccccc1C(c1ccccc1)=N[C@H]2N[C]([O-])OCc1ccccc1
2yem	mol2	ok	oc(OCc1ccccc1)N[C@@H]1N=C(c2ccccc2)c2ccccc2N2C(=NN=C12)C	Cc1nnc2n1-c1ccccc1C(c1ccccc1)=N[C@H]2N[C]([O-])OCc1ccccc1
2yga	mol2	ok	oc(O[C@H]1/C(=C/[C@H](C)[C@@H](O)[C@@H](OC)C[C@@H](C)CC2=C(OC)C(=O)C=C(NC(=O)/C(=C/C=C\[C@@H]1OC)/C)C2=O)/C)N	COC1=C2C[C@H](C)C[C@H](OC)[C@H](O)[C@@H](C)/C=C(\C)[C@H](O[C](N)[O-])[C@@H](OC)/C=C\C=C(/C)C(=O)NC(=CC1=O)C2=O
2yge	mol2	ok	oc(O[C@H]1/C(=C/[C@H](C)[C@@H](O)[C@@H](OC)C[C@@H](C)CC2=C(OC)C(=O)C=C(NC(=O)/C(=C/C=C\[C@@H]1OC)/C)C2=O)/C)N	COC1=C2C[C@H](C)C[C@H](OC)[C@H](O)[C@@H](C)/C=C(\C)[C@H](O[C](N)[O-])[C@@H](OC)/C=C\C=C(/C)C(=O)NC(=CC1=O)C2=O
2ygf	mol2	ok	oc(O[C@H]1/C(=C/[C@H](C)[C@@H](O)[C@@H](OC)C[C@@H](C)CC2=C(OC)C(=O)C=C(NC(=O)/C(=C/C=C\[C@@H]1OC)/C)C2=O)/C)N	COC1=C2C[C@H](C)C[C@H](OC)[C@H](O)[C@@H](C)/C=C(\C)[C@H](O[C](N)[O-])[C@@H](OC)/C=C\C=C(/C)C(=O)NC(=CC1=O)C2=O
2ym3	mol2	ok	CCOc(c1cnc2NN=Cc2c1N1C[C@@H](OCC1)C[NH3+])o	CCO[C]([O-])c1cnc2[nH]ncc2c1N1CCO[C@@H](C[NH3+])C1
2ym4	mol2	ok	CCOc(o)c1cnc2NN=C(c3cccc(C#N)c3)c2c1N1CCO[C@H](C[NH3+])C1	CCO[C]([O-])c1cnc2[nH]nc(-c3cccc(C#N)c3)c2c1N1CCO[C@H](C[NH3+])C1
2yns	mol2	ok	[NH3+][C@H](C(=O)N[C@H](C(=O)N[C@H](C(=O)NCC(=O)N[C@H](C(=O)N[C@H](C(=O)N[C@H](C(=O)N[C@H](C(=O)N[C@H](C(=O)[O-])CC1=CN=CN1)CCC[nH][c]([nH2])[nH2])CCCC[NH3+])CCC[nH][c]([nH2])[nH2])CCCC[NH3+])CC(C)C)C(C)C)CO	CC(C)C[C@H](NC(=O)[C@@H](NC(=O)[C@@H]([NH3+])CO)C(C)C)C(=O)NCC(=O)N[C@@H](CCCC[NH3+])C(=O)N[C@@H](CCCNC(N)=[NH2+])C(=O)N[C@@H](CCCC[NH3+])C(=O)N[C@@H](CCCNC(N)=[NH2+])C(=O)N[C@@H](Cc1cnc[nH]1)C(=O)[O-]
2yq6	mol2	ok	[NH3+][C@H](C(=O)N[C@H](C(=O)N[C@H](C(=O)N[C@H](C(=O)N[C@H](C(=O)N[C@H](C(=O)N[C@H](C(=O)N[C@@]1(C(=O)N[C@H](C(=O)NCC(=O)N[C@H](C(=O)N[C@](C(=O)N[C@H](C(=O)N[C@H](C(=O)N[C@H](C(=O)N[C@H](C(=O)N[C@H](C(=O)N[C@H](C(=O)N)C)Cc2ccc(cc2)O)Cc2ccc(cc2)O)C)CC(=O)N)Cc2ccccc2)(CCCCCCCC1)C)CC(=O)[O-])[C@H](CC)C)C)CCC[nH][c]([nH2])[nH2])CC(C)C)CCC(=O)[O-])CCC(=O)N)C)[C@H](CC)C)C	CC[C@H](C)[C@H](NC(=O)[C@H](C)[NH3+])C(=O)N[C@@H](C)C(=O)N[C@@H](CCC(N)=O)C(=O)N[C@@H](CCC(=O)[O-])C(=O)N[C@@H](CC(C)C)C(=O)N[C@@H](CCCNC(N)=[NH2+])C(=O)N[C@@]1(C)CCCCCCCC[C@@](C)(C(=O)N[C@@H](Cc2ccccc2)C(=O)N[C@@H](CC(N)=O)C(=O)N[C@@H](C)C(=O)N[C@@H](Cc2ccc(O)cc2)C(=O)N[C@@H](Cc2ccc(O)cc2)C(=O)N[C@@H](C)C(N)=O)NC(=O)[C@H](CC(=O)[O-])NC(=O)CNC(=O)[C@H]([C@@H](C)CC)NC1=O
2z4o	mol2	ok	S(=O)(=O)(N(C[C@@H](O)[C@@H](Nc(o)O[C@H]1CO[C@H]2OCC[C@@H]12)Cc1ccccc1)CC(C)C)c1ccc2OCOc2c1	CC(C)CN(C[C@@H](O)[C@H](Cc1ccccc1)N[C]([O-])O[C@H]1CO[C@H]2OCC[C@H]21)S(=O)(=O)c1ccc2c(c1)OCO2
2z4y	mol2	ok	p([o])([o])(o)C(p([o])([o])o)(O)CCCCCCCC	CCCCCCCCC(O)(P(=O)([O-])[O-])P(=O)([O-])[O-]
2z4z	mol2	ok	p([o])([o])(o)C(p([o])([o])o)(C/C=C/CCCCC)C/C=C/CCCCC	CCCCC/C=C/CC(C/C=C/CCCCC)(P(=O)([O-])[O-])P(=O)([O-])[O-]
2z52	mol2	ok	p([o])([o])(o)C(p([o])([o])o)(O)CCCCCCCCCCC	CCCCCCCCCCCC(O)(P(=O)([O-])[O-])P(=O)([O-])[O-]
2za0	mol2	ok	oc(OC)c1c(O)cc(Oc2cc(C)cc(O)c2O)cc1C	CO[C]([O-])c1c(C)cc(Oc2cc(C)cc(O)c2O)cc1O
2zbk	mol2	ok	c1(-c2c(cc(c(c2CC(=O)/C=C/C=C\[C@@H]2[C@@H](C[C@@H](C)O1)O2)Cl)O)O)o	C[C@@H]1C[C@H]2O[C@@H]2/C=C\C=C\C(=O)Cc2c(Cl)c(O)cc(O)c2[C]([O-])O1
2zhd	mol2	ok	C(=O)(C[NH2+]C1CCCCCC1)N1[C@H](C(=O)NCc2ccc([c]([nH2])[nH2])cc2)CCC1	NC(=[NH2+])c1ccc(CNC(=O)[C@@H]2CCCN2C(=O)C[NH2+]C2CCCCCC2)cc1
2zir	mol2	ok	Clc1ccc(cc1)[C@@](O)(C1=Cc2cc(cc(c2O1)c1ccccc1)C(=O)N[N+]1CCOCC1)C1=C[NH]=CN1C	Cn1c[nH+]cc1[C@@](O)(c1ccc(Cl)cc1)c1cc2cc(C(=O)N[N+]3CCOCC3)cc(-c3ccccc3)c2o1
2zjw	mol2	ok	oc1-c2cc(O)c(O)c3Oc(-c4cc(O)c(O)c(O1)c4-c23)o	[O-][C]1Oc2c(O)c(O)cc3c2-c2c1cc(O)c(O)c2O[C]3[O-]
2zlg	mol2	ok	oc(OCC1c2ccccc2-c2ccccc12)N(C)[C@@H](C(=O)C[NH2+][C@@H](CC(C)C)C(=O)N[C@@H](CC(=O)[O-])C(=O)N[C@H](C(=O)N[C@@H](CC(=O)[O-])C(=O)N[C@@H](Cc1ccccc1)C(=O)[O-])C1CCCCC1)c1ccccc1	CC(C)C[C@H]([NH2+]CC(=O)[C@@H](c1ccccc1)N(C)[C]([O-])OCC1c2ccccc2-c2ccccc21)C(=O)N[C@@H](CC(=O)[O-])C(=O)N[C@H](C(=O)N[C@@H](CC(=O)[O-])C(=O)N[C@@H](Cc1ccccc1)C(=O)[O-])C1CCCCC1
2zu3	mol2	mismatch_inchikey	oc(OCc1ccccc1)N[C@@H](CNC(=O)C(C)(C)C)C(=O)N[C@@H](CC(C)C)C(=O)N[C@H](/C=C\C(=O)C)C[C@@H]1CCNC1=O	
2zu4	mol2	ok	oc(OCc1ccccc1)N[C@@H](CNC(=O)C(C)(C)C)C(=O)N[C@@H](CC(C)C)C(=O)N[C@H](/C=C/C(=O)C)C[C@@H]1CCNC1=O	CC(=O)/C=C/[C@H](C[C@@H]1CCNC1=O)NC(=O)[C@H](CC(C)C)NC(=O)[C@H](CNC(=O)C(C)(C)C)N[C]([O-])OCc1ccccc1
2zu5	mol2	ok	oc(OCc1ccccc1)N[C@H](C(=O)N[C@@H](CC(C)C)C(=O)N[C@H](/C=C/C(=O)C1CC1)C[C@@H]1CCNC1=O)[C@H](OC(C)(C)C)C	CC(C)C[C@H](NC(=O)[C@@H](N[C]([O-])OCc1ccccc1)[C@@H](C)OC(C)(C)C)C(=O)N[C@H](/C=C/C(=O)C1CC1)C[C@@H]1CCNC1=O
2zvj	mol2	ok	oc1Oc2c(O)c(O)ccc2C(=C1)c1ccccc1	[O-][C]1C=C(c2ccccc2)c2ccc(O)c(O)c2O1
2zy1	mol2	ok	p([o])([o])(o)CC(=O)NCCCc1cccc(Oc2ccccc2)c1	O=C(CP(=O)([O-])[O-])NCCCc1cccc(Oc2ccccc2)c1
2zz2	mol2	ok	[o]p([o])(o)OC[C@@H]1[C@@H](O)[C@@H](O)[C@@H](O1)N1[C@H](CC(=O)[N]C1=O)C#N	N#C[C@H]1CC(=O)[N-]C(=O)N1[C@@H]1O[C@H](COP(=O)([O-])[O-])[C@@H](O)[C@H]1O
3a3y	mol2	ok	OC[C@@]12[C@H](O)C[C@H](O[C@@H]3O[C@@H](C)[C@H](O)[C@@H](O)[C@H]3O)C[C@@]2(O)CC[C@@H]2[C@@H]1[C@H](O)C[C@]1(C)[C@H](CC[C@]21O)C1=Cc(o)OC1	C[C@@H]1O[C@@H](O[C@H]2C[C@@H](O)[C@]3(CO)[C@H]4[C@H](O)C[C@]5(C)[C@@H](C6=C[C]([O-])OC6)CC[C@]5(O)[C@@H]4CC[C@]3(O)C2)[C@H](O)[C@H](O)[C@H]1O
3a5y	mol2	ok	[NH3+]CCCC[C@H]([NH3+])C(=O)Ns([o])([o])OC[C@H]1O[C@H]([C@@H]([C@@H]1O)O)N1C=Nc2c1ncnc2N	Nc1ncnc2c1ncn2[C@@H]1O[C@H](CO[S@@+](=O)([O-])NC(=O)[C@@H]([NH3+])CCCC[NH3+])[C@@H](O)[C@H]1O
3abt	mol2	ok	p([o])(o)(Op([o])(o)OC[C@H]1O[C@@H](N2C=Nc3c(N)ncnc23)[C@H](O)[C@@H]1O)OC[C@@H](O)[C@@H](O)[C@@H](O)CN1[C]2NC(=O)NC(=O)[C@]32N([C@H](O)C[C@@H]3c2c(F)c(F)c(F)c(F)c2F)c2cc(C)c(C)cc12	Cc1cc2c(cc1C)N1[C@H](O)C[C@H](c3c(F)c(F)c(F)c(F)c3F)[C@@]13[C](NC(=O)NC3=O)N2C[C@H](O)[C@H](O)[C@H](O)CO[P@](=O)([O-])O[P@](=O)([O-])OC[C@H]1O[C@@H](n2cnc3c(N)ncnc32)[C@H](O)[C@@H]1O
3abu	mol2	ok	p([o])(o)(Op([o])(o)OC[C@H]1O[C@@H](N2C=Nc3c(N)ncnc23)[C@H](O)[C@@H]1O)OC[C@@H](O)[C@@H](O)[C@@H](O)CN1[C]2NC(=O)NC(=O)[C@]32N([C@H](O)C[C@@H]3c2cccc(F)c2OCc2ccccc2)c2cc(C)c(C)cc12	Cc1cc2c(cc1C)N1[C@H](O)C[C@H](c3cccc(F)c3OCc3ccccc3)[C@@]13[C](NC(=O)NC3=O)N2C[C@H](O)[C@H](O)[C@H](O)CO[P@](=O)([O-])O[P@](=O)([O-])OC[C@H]1O[C@@H](n2cnc3c(N)ncnc32)[C@H](O)[C@@H]1O
3ah8	mol2	ok	O=C(C)N[C@H](c(o)O[C@@H]([C@@H]1NC(=O)[C@@H](N(C)C(=O)[C@@H](NC(=O)C(=C)N(C(=O)[C@H](Oc(o)[C@@H](NC(=O)C)[C@H](Oc(o)[C@@H](N(C1=O)C)[C@H](OC)C)C)Cc1ccccc1)C)C)C)C(C)C)[C@H](O)C(C)C	C=C1C(=O)N[C@@H](C)C(=O)N(C)[C@@H](C)C(=O)N[C@@H]([C@H](O[C]([O-])[C@@H](NC(C)=O)[C@H](O)C(C)C)C(C)C)C(=O)N(C)[C@@H]([C@@H](C)OC)[C]([O-])O[C@H](C)[C@H](NC(C)=O)[C]([O-])O[C@H](Cc2ccccc2)C(=O)N1C
3aid	mol2	ok	C(C)(C)(C)Oc(o)N[C@@H](Cc1ccccc1)[C@@H](O)C[N@@+](C)(Cc1ccccc1)NC(=O)c1ccccc1	CC(C)(C)O[C]([O-])N[C@@H](Cc1ccccc1)[C@@H](O)C[N@@+](C)(Cc1ccccc1)NC(=O)c1ccccc1
3amb	mol2	ok	[N@@+]1(CCN(CC1)c1c[c]([nH]c(n1)Sc1ccc(cc1)NC(=O)C1CC1)NC1=NNC(=C1)C)C	Cc1cc(Nc2cc(N3CC[N+](C)CC3)nc(Sc3ccc(NC(=O)C4CC4)cc3)[nH+]2)n[nH]1
3amv	mol2	ok	Clc1ccccc1[C@@H]1C(=C(N(CC)C(=C1C(=O)[O-])C(=O)[O-])C)c(o)OC(C)C	CCN1C(C)=C([C]([O-])OC(C)C)[C@@H](c2ccccc2Cl)C(C(=O)[O-])=C1C(=O)[O-]
3aqa	mol2	ok	C[N]1=C([S])[NH](CCSC2=Nc3ccccc3N2)c2ccccc12	C[N+]1=C([S-])[N@H+](CCSc2nc3ccccc3[nH]2)c2ccccc21
3axk	mol2	ok	p([o])(o)(OC[C@H]1O[C@H]([C@@H]([C@@H]1O)Op([o])([o])o)N1C=Nc2c(N)ncnc12)Op([o])(o)OC[C@H]1O[C@H]([C@@H]([C@@H]1O)O)N1C=C(C(=O)N)CC=C1	NC(=O)C1=CN([C@@H]2O[C@H](CO[P@](=O)([O-])O[P@@](=O)([O-])OC[C@H]3O[C@@H](n4cnc5c(N)ncnc54)[C@H](OP(=O)([O-])[O-])[C@@H]3O)[C@@H](O)[C@H]2O)C=CC1
3b0w	mol2	ok	oc1OCC(=C1)[C@H]1CC[C@]2(O)[C@@H]3CC[C@@H]4C[C@@H](O[C@@H]5O[C@H](C)[C@@H](O[C@@H]6O[C@H](C)[C@@H](O[C@@H]7O[C@H](C)[C@@H](O)[C@@H](O)C7)[C@@H](O)C6)[C@@H](O)C5)CC[C@]4(C)[C@H]3C[C@@H](O)[C@]12C	C[C@H]1O[C@@H](O[C@H]2[C@@H](O)C[C@H](O[C@H]3[C@@H](O)C[C@H](O[C@H]4CC[C@@]5(C)[C@H](CC[C@@H]6[C@@H]5C[C@@H](O)[C@]5(C)[C@@H](C7=C[C]([O-])OC7)CC[C@]65O)C4)O[C@@H]3C)O[C@@H]2C)C[C@H](O)[C@@H]1O
3b5j	mol2	ok	p([o])([o])(o)Op([o])(o)OC[C@H]1O[C@H]([C@H]2[C@@H]1O[C@]1(O2)C(=CC(=C[C@H]1N(=O)=O)N(=O)=O)N(=O)=O)N1C=Nc2c(N)ncnc12	Nc1ncnc2c1ncn2[C@@H]1O[C@H](CO[P@](=O)([O-])OP(=O)([O-])[O-])[C@H]2O[C@]3(O[C@H]21)C([N+](=O)[O-])=CC([N+](=O)[O-])=C[C@H]3[N+](=O)[O-]
3bc4	mol2	ok	oc(OCC[NH3+])Cc1cccc2ccccc12	[NH3+]CCO[C]([O-])Cc1cccc2ccccc12
3bet	mol2	ok	s([o])([o])(Oc1cc2CC[C@@H]3[C@H](CC[C@]4(C)[C@@H](CC#N)CC[C@@H]34)c2cc1OC)N	COc1cc2c(cc1O[S@@+](N)(=O)[O-])CC[C@@H]1[C@@H]2CC[C@]2(C)[C@@H](CC#N)CC[C@@H]12
3bki	mol2	ok	O=[N]1ON=C2C=C3NC(=O)C(=O)N=C3C=C12	O=C1N=c2cc3c(cc2NC1=O)=NO[N+]3=O
3bv9	mol2	mismatch_inchikey	O=C([C@H]([NH3+])C/C=C\[nH]c([nH])[nH2])N1[C@H](C(=O)N2CCC[C@H]2C(=O)/N=C(/C)\C(=O)N[C@H](C(=O)N)Cc2ccc(C)cc2)C[C@@H]2CCCC[C@H]12	
3bvb	mol2	ok	S(=O)(=O)(N(C[C@@H](O)[C@@H](Nc(o)O[C@H]1CO[C@H]2OCC[C@@H]12)Cc1ccccc1)CC(C)C)c1ccc(N)cc1	CC(C)CN(C[C@@H](O)[C@H](Cc1ccccc1)N[C]([O-])O[C@H]1CO[C@H]2OCC[C@H]21)S(=O)(=O)c1ccc(N)cc1
3c14	mol2	ok	p([oH])([oH])(o)op([oH])([oH])o	O=P([O-])([O-])[O-]:[P+](=O)([O-])[O-]
3c72	mol2	ok	oc(OCc1ccccc1)N[C@@H](CC1=CN=CN1)C(=O)N(C)[C@@H](Cc1ccccc1)C(=O)N[C@@H](Cc1ccc(O)cc1)C(=O)[O-]	CN(C(=O)[C@H](Cc1cnc[nH]1)N[C]([O-])OCc1ccccc1)[C@@H](Cc1ccccc1)C(=O)N[C@@H](Cc1ccc(O)cc1)C(=O)[O-]
3c7p	mol2	ok	s([o])([o])(Oc1ccc2c(CC[C@@H]3[C@@H]2CC[C@]2(C)C(=O)N(Cc4cnccc4)C(=O)C[C@@H]32)c1)N	C[C@]12CC[C@@H]3c4ccc(O[S@+](N)(=O)[O-])cc4CC[C@H]3[C@@H]1CC(=O)N(Cc1cccnc1)C2=O
3cgy	mol2	ok	c1(-c2c(cc(c(c2CC(=O)/C=C/C=C\[C@@H]2[C@@H](C[C@@H](C)O1)O2)Cl)O)O)o	C[C@@H]1C[C@H]2O[C@@H]2/C=C\C=C\C(=O)Cc2c(Cl)c(O)cc(O)c2[C]([O-])O1
3cow	mol2	ok	c12c(c(ncn1)N)N=CN2[C@@H]1O[C@H](COs(NC(=O)[C@@H](C(C)(C)C)O)([o])[o])[C@@H](O)[C@H]1O	CC(C)(C)[C@@H](O)C(=O)N[S@@+](=O)([O-])OC[C@H]1O[C@@H](n2cnc3c(N)ncnc32)[C@H](O)[C@@H]1O
3coy	mol2	ok	C(=O)([C@@H](C(C)(C)C)[NH3+])Ns([o])([o])OC[C@@H]1[C@@H](O)[C@@H](O)[C@@H](O1)N1c2c(c(ncn2)N)N=C1	CC(C)(C)[C@@H]([NH3+])C(=O)N[S@@+](=O)([O-])OC[C@H]1O[C@@H](n2cnc3c(N)ncnc32)[C@H](O)[C@@H]1O
3coz	mol2	ok	c12c(c(ncn1)N)N=CN2[C@@H]1O[C@H](COs(NC(=O)[C@@H](C(C)C)[NH3+])([o])[o])[C@@H](O)[C@H]1O	CC(C)[C@@H]([NH3+])C(=O)N[S@@+](=O)([O-])OC[C@H]1O[C@@H](n2cnc3c(N)ncnc32)[C@H](O)[C@@H]1O
3ctr	mol2	ok	p([o])([o])(o)op([o])(o)op([o])(o)OC[C@H]1O[C@@H](N2C=[N](C)C3=C2N=C(N)NC3=O)[C@H](O)[C@@H]1O	C[n+]1cn([C@@H]2O[C@H](CO[P@+](=O)([O-]):[O-][P@+](=O)([O-]):[O-]P(=O)([O-])[O-])[C@@H](O)[C@H]2O)c2nc(N)[nH]c(=O)c21
3cx9	mol2	ok	p([o])(o)(OCC[NH3+])OC[C@@H](O)COc(o)CCCCCCCCCCCCCCC	CCCCCCCCCCCCCCC[C]([O-])OC[C@H](O)CO[P@@](=O)([O-])OCC[NH3+]
3cyw	mol2	ok	S(=O)(=O)(N(C[C@@H](O)[C@@H](Nc(o)O[C@H]1CO[C@H]2OCC[C@@H]12)Cc1ccccc1)CC(C)C)c1ccc(N)cc1	CC(C)CN(C[C@@H](O)[C@H](Cc1ccccc1)N[C]([O-])O[C@H]1CO[C@H]2OCC[C@H]21)S(=O)(=O)c1ccc(N)cc1
3d1z	mol2	ok	S(=O)(=O)(N(C[C@@H](O)[C@@H](Nc(o)O[C@H]1CO[C@H]2OCC[C@@H]12)Cc1ccccc1)CC(C)C)c1ccc(N)cc1	CC(C)CN(C[C@@H](O)[C@H](Cc1ccccc1)N[C]([O-])O[C@H]1CO[C@H]2OCC[C@H]21)S(=O)(=O)c1ccc(N)cc1
3d20	mol2	ok	S(=O)(=O)(N(C[C@@H](O)[C@@H](Nc(o)O[C@H]1CO[C@H]2OCC[C@@H]12)Cc1ccccc1)CC(C)C)c1ccc(N)cc1	CC(C)CN(C[C@@H](O)[C@H](Cc1ccccc1)N[C]([O-])O[C@H]1CO[C@H]2OCC[C@H]21)S(=O)(=O)c1ccc(N)cc1
3d45	mol2	ok	p([o])([o])OC[C@H]1O[C@@H](N2C=[N](C)C3=C2[nH][c]([nH2])[nH]C3=O)[C@H](O)[C@@H]1O	C[n+]1cn([C@@H]2O[C@H](CO[P+](=O)[O-])[C@@H](O)[C@H]2O)c2[nH]c(=[NH2+])[nH]c(=O)c21
3d52	mol2	ok	Clc1ccc(Nc(o)O/N=C/2\N[C@H](CO)[C@@H](O)[C@H](O)[C@H]2O)cc1	[O-][C](Nc1ccc(Cl)cc1)O/N=C1\N[C@H](CO)[C@@H](O)[C@H](O)[C@H]1O
3d62	mol2	ok	oc(OCc1ccccc1)NCC(=O)CBr	O=C(CBr)CN[C]([O-])OCc1ccccc1
3d94	mol2	ok	[nH2][c]1[nH]C=CN2C(=NC(=C12)c1ccc2ccc(nc2c1)c1ccccc1)[C@@H]1C[C@H]([N@@H+]2CC[N@@+](C)CC2)C1	C[N+]1CC[NH+]([C@H]2C[C@@H](c3nc(-c4ccc5ccc(-c6ccccc6)nc5c4)c4c(=[NH2+])[nH]ccn43)C2)CC1
3dd8	mol2	ok	s([o])([o])(Oc1ccc2C=C(S(=O)(=O)c2c1)CC1CCCCCC1)N	N[S@@+](=O)([O-])Oc1ccc2c(c1)S(=O)(=O)C(CC1CCCCCC1)=C2
3dei	mol2	ok	oc(O[C@H](C(=O)Nc1cccc2C(=O)NC(=O)C(=O)c12)c1ccccc1)C	C[C]([O-])O[C@H](C(=O)Nc1cccc2c1C(=O)C(=O)NC2=O)c1ccccc1
3dej	mol2	ok	Clc1cccc(c1)[C@H](Oc(o)C)C(=O)Nc1cccc2C(=O)NC(=O)C(=O)c12	C[C]([O-])O[C@H](C(=O)Nc1cccc2c1C(=O)C(=O)NC2=O)c1cccc(Cl)c1
3djk	mol2	ok	S(=O)(=O)(N(C[C@@H](O)[C@@H](Nc(o)O[C@H]1COCOCC1)Cc1ccccc1)CC(C)C)c1ccc(OC)cc1	COc1ccc(S(=O)(=O)N(CC(C)C)C[C@@H](O)[C@H](Cc2ccccc2)N[C]([O-])O[C@@H]2CCOCOC2)cc1
3dk1	mol2	ok	S(=O)(=O)(N(C[C@@H](O)[C@@H](Nc(o)O[C@H]1C[C@H]2OCCO[C@H]2C1)Cc1ccccc1)CC(C)C)c1ccc(OC)cc1	COc1ccc(S(=O)(=O)N(CC(C)C)C[C@@H](O)[C@H](Cc2ccccc2)N[C]([O-])O[C@@H]2C[C@@H]3OCCO[C@@H]3C2)cc1
3dog	mol2	ok	OC[C@H](N[C]1[nH]c([nH]Cc2ccccc2)[nH]2N=CC(=C2N1)C(C)C)CC	CC[C@H](CO)N[C]1NC2=C(C(C)C)C=N[N@H+]2/C(=[NH+]/Cc2ccccc2)N1
3dxh	mol2	ok	p([o])([o])(o)op([o])(o)OC[C@H]1O[C@@H](N2C=CC(=O)NC2=O)[C@H](O)[C@@H]1O	O=c1ccn([C@@H]2O[C@H](CO[P@@+](=O)([O-]):[O-]P(=O)([O-])[O-])[C@@H](O)[C@H]2O)c(=O)[nH]1
3dxj	mol2	ok	O1c(C(=C(C=C1[C@H](C)CC/C=C/Nc(OC)o)O)C(=O)/C(=C/C=C(\C)/CCC)/C)o	CCC/C(C)=C/C=C(\C)C(=O)C1=C(O)C=C([C@H](C)CC/C=C/N[C]([O-])OC)O[C]1[O-]
3e0p	mol2	ok	oc(OCc1ccccc1)N[C@H](CCc1ccccc1)C(=O)N1C[C@H](OCc2ccc(C)cc2)C[C@H]1C(=O)N[C@@H](CCCC[NH3+])C(=O)C1=Nc2ccccc2O1	Cc1ccc(CO[C@@H]2C[C@@H](C(=O)N[C@@H](CCCC[NH3+])C(=O)c3nc4ccccc4o3)N(C(=O)[C@@H](CCc3ccccc3)N[C]([O-])OCc3ccccc3)C2)cc1
3e16	mol2	ok	oc(OCc1ccccc1)N[C@@H](CCCC[NH3+])C(=O)N[C@@H](CCc1ccccc1)C(=O)N[C@@H](CCCC[NH3+])C(=O)C1=Nc2ccccc2O1	[NH3+]CCCC[C@H](N[C]([O-])OCc1ccccc1)C(=O)N[C@@H](CCc1ccccc1)C(=O)N[C@@H](CCCC[NH3+])C(=O)c1nc2ccccc2o1
3e37	mol2	ok	S(=O)(=O)(N(CCN(CC1=C[NH]=CN1C)c1ccc(C#N)cc1)CC1CCN(CC1)c(o)OC(C)(C)C)c1ccccc1C	Cc1ccccc1S(=O)(=O)N(CCN(Cc1c[nH+]cn1C)c1ccc(C#N)cc1)CC1CCN([C]([O-])OC(C)(C)C)CC1
3e3c	mol2	ok	p([o])([o])(o)OC[C@@H](O)COc(o)CCCCC	CCCCC[C]([O-])OC[C@H](O)COP(=O)([O-])[O-]
3e6v	mol2	ok	[NH3+][C@H](C(=O)[O-])CCCC[B]([O])([O])[O]	[NH3+][C@@H](CCCC[B-]([O-])([O-])[O-])C(=O)[O-]
3e6y	mol2	mismatch_inchikey	ocOCC[C@@]1(O[C@]23O[C@@H]1O[C@@H]3[C@@H](O)[C@H](O[C@H]2COC)O[C@H]1[C@H](O)[C@H](C)[C@@H]2CC[C@](O)(COC)C2=C[C@@]2(C)CCC(=C12)C(C)C)C	
3e7b	mol2	ok	oc(O[C@H](C(C)C)[C@@H](OC)[C@H](O)CC(=O)[C@@H](C)[C@@H](O)CC[C@@H](C)[C@@H]1O[C@@]2(O[C@@H](CC[C@H](C)C(=O)C)[C@H](C)CC2)CC[C@@H]1C)C[C@@H](O)/C(=C(\C)/C(=O)[O-])/C(=O)[O-]	CO[C@@H]([C@H](O)CC(=O)[C@@H](C)[C@@H](O)CC[C@@H](C)[C@@H]1O[C@]2(CC[C@@H](C)[C@H](CC[C@H](C)C(C)=O)O2)CC[C@@H]1C)[C@H](O[C]([O-])C[C@@H](O)/C(C(=O)[O-])=C(\C)C(=O)[O-])C(C)C
3e9h	mol2	ok	[NH3+]CCCC[C@H]([NH3+])C(=O)Ns([o])([o])OC[C@H]1O[C@H]([C@@H]([C@@H]1O)O)N1C=Nc2c1ncnc2N	Nc1ncnc2c1ncn2[C@@H]1O[C@H](CO[S@@+](=O)([O-])NC(=O)[C@@H]([NH3+])CCCC[NH3+])[C@@H](O)[C@H]1O
3ebl	mol2	ok	[O-]C(=O)[C@H]1[C@H]2[C@]3(Oc(o)[C@]2(C)[C@@H](O)CC3)[C@@H]2CC[C@@H]3C[C@]12CC3=C	C=C1C[C@]23C[C@H]1CC[C@H]2[C@@]12CC[C@H](O)[C@@](C)([C]([O-])O1)[C@H]2[C@@H]3C(=O)[O-]
3ee2	mol2	ok	S1C=CC=C1C(=O)c1ccc2-[nH]c(nc(o)OC)[nH]-c2c1	CO[C]([O-])/[N+]=c1/[nH]c2ccc(C(=O)c3cccs3)cc2[nH]1
3eeb	mol2	ok	p([o])([o])(o)O[C@@H]1[C@H](Op([o])([o])o)[C@H](Op([o])([o])o)[C@@H](Op([o])([o])o)[C@H](Op([o])([o])o)[C@H]1Op([o])([o])o	O=P([O-])([O-])O[C@H]1[C@H](OP(=O)([O-])[O-])[C@@H](OP(=O)([O-])[O-])[C@H](OP(=O)([O-])[O-])[C@@H](OP(=O)([O-])[O-])[C@H]1OP(=O)([O-])[O-]
3egk	mol2	ok	Clc1cccc(Cc(o)OC[C@H]2N(CCC2)C(=O)CNc(o)OC(C)(C)C)c1	CC(C)(C)O[C]([O-])NCC(=O)N1CCC[C@H]1CO[C]([O-])Cc1cccc(Cl)c1
3egt	mol2	ok	p([o])([o])(o)C(p([o])([o])o)Cn1[cH]ccc(OCCCCCCC)c1	CCCCCCCOc1ccc[n+](CC(P(=O)([O-])[O-])P(=O)([O-])[O-])c1
3ehw	mol2	ok	p([o])([o])(o)op([o])(o)Np([o])(o)OC[C@H]1O[C@@H](N2C=CC(=O)NC2=O)C[C@@H]1O	O=c1ccn([C@H]2C[C@H](O)[C@@H](CO[P@@](=O)([O-])N[P@@+](=O)([O-]):[O-]P(=O)([O-])[O-])O2)c(=O)[nH]1
3eka	mol2	ok	OC[C@H](O)[C@H]1Oc(o)C(=O)C1=O	O=C1[C]([O-])O[C@H]([C@@H](O)CO)C1=O
3ekp	mol2	ok	S(=O)(=O)(N(C[C@@H](O)[C@@H](Nc(o)O[C@@H]1COCC1)Cc1ccccc1)CC(C)C)c1ccc(N)cc1	CC(C)CN(C[C@@H](O)[C@H](Cc1ccccc1)N[C]([O-])O[C@H]1CCOC1)S(=O)(=O)c1ccc(N)cc1
3eks	mol2	ok	oc(O[C@@H]1/C=C/[C@](O)(C)C(=O)[C@@H](C)C/C=C/[C@H]2[C@H](O)C(=C)[C@@H](C)[C@H]3[C@@H](NC(=O)[C@@]123)Cc1ccccc1)C	C=C1[C@@H](C)[C@H]2[C@H](Cc3ccccc3)NC(=O)[C@]23[C@H](O[C](C)[O-])/C=C/[C@@](C)(O)C(=O)[C@@H](C)C/C=C/[C@H]3[C@@H]1O
3ekt	mol2	ok	S(=O)(=O)(N(C[C@@H](O)[C@@H](Nc(o)O[C@H]1CO[C@H]2OCC[C@@H]12)Cc1ccccc1)CC(C)C)c1ccc(N)cc1	CC(C)CN(C[C@@H](O)[C@H](Cc1ccccc1)N[C]([O-])O[C@H]1CO[C@H]2OCC[C@H]21)S(=O)(=O)c1ccc(N)cc1
3ekv	mol2	ok	S(=O)(=O)(N(C[C@@H](O)[C@@H](Nc(o)O[C@@H]1COCC1)Cc1ccccc1)CC(C)C)c1ccc(N)cc1	CC(C)CN(C[C@@H](O)[C@H](Cc1ccccc1)N[C]([O-])O[C@H]1CCOC1)S(=O)(=O)c1ccc(N)cc1
3ekw	mol2	ok	oc(OC)N[C@H](C(=O)N[N@+](C[C@H](O)[C@@H](NC(=O)[C@@H](Nc(o)OC)C(C)(C)C)Cc1ccccc1)Cc1ccc(cc1)c1ncccc1)C(C)(C)C	CO[C]([O-])N[C@H](C(=O)N[C@@H](Cc1ccccc1)[C@@H](O)C[N+](Cc1ccc(-c2ccccn2)cc1)NC(=O)[C@@H](N[C]([O-])OC)C(C)(C)C)C(C)(C)C
3eky	mol2	ok	oc(OC)N[C@H](C(=O)N[N@+](C[C@H](O)[C@@H](NC(=O)[C@@H](Nc(o)OC)C(C)(C)C)Cc1ccccc1)Cc1ccc(cc1)c1ncccc1)C(C)(C)C	CO[C]([O-])N[C@H](C(=O)N[C@@H](Cc1ccccc1)[C@@H](O)C[N+](Cc1ccc(-c2ccccn2)cc1)NC(=O)[C@@H](N[C]([O-])OC)C(C)(C)C)C(C)(C)C
3el1	mol2	mismatch_inchikey	oc(OC)N[C@H](C(=O)N[N@+](C[C@H](O)[C@@H](N/C(=C(\Nc(o)OC)/C(C)(C)C)/O)Cc1ccccc1)Cc1ccc(cc1)c1ncccc1)C(C)(C)C	
3el9	mol2	ok	oc(OC)N[C@H](C(=O)N[N@+](C[C@H](O)[C@@H](NC(=O)[C@@H](Nc(o)OC)C(C)(C)C)Cc1ccccc1)Cc1ccc(cc1)c1ncccc1)C(C)(C)C	CO[C]([O-])N[C@H](C(=O)N[C@@H](Cc1ccccc1)[C@@H](O)C[N+](Cc1ccc(-c2ccccn2)cc1)NC(=O)[C@@H](N[C]([O-])OC)C(C)(C)C)C(C)(C)C
3elm	mol2	ok	S1C(=CC=C1c1ccc(OCC)cc1)S(=O)(=O)N[C@@H](C(=O)[O-])C1CCN(CC1)c(o)OC(C)C	CCOc1ccc(-c2ccc(S(=O)(=O)N[C@@H](C(=O)[O-])C3CCN([C]([O-])OC(C)C)CC3)s2)cc1
3ens	mol2	ok	ClC1=CNc2c(N/C(=N/[C@H]3CCCCN(CC(=O)N4CCCC4)C3=O)/[C@@H](C#N)c(o)OC)cccc12	CO[C]([O-])[C@H](C#N)/C(=N\[C@H]1CCCCN(CC(=O)N2CCCC2)C1=O)Nc1cccc2c(Cl)c[nH]c12
3eql	mol2	ok	O1c(C(=C(C=C1CCC/C=C/Nc(OC)o)O)C(=O)/C(=C/C=C(/CCCC)\C)/C)o	CCCC/C(C)=C/C=C(\C)C(=O)C1=C(O)C=C(CCC/C=C/N[C]([O-])OC)O[C]1[O-]
3er3	mol2	ok	O=C[C@@H](NC(=O)[C@@H](C[C@H](O)[C@@H](NC(=O)[C@@H](NC(=O)[C@@H](Nc(o)OC(C)(C)C)Cc1ccccc1)CC1=CNC=[NH]1)CC1CCCCC1)CC(C)C)CCCC[NH3+]	CC(C)C[C@H](C[C@H](O)[C@H](CC1CCCCC1)NC(=O)[C@H](Cc1c[nH]c[nH+]1)NC(=O)[C@H](Cc1ccccc1)N[C]([O-])OC(C)(C)C)C(=O)N[C@H](C=O)CCCC[NH3+]
3ex2	mol2	ok	[o]p([o])(o)OC[C@@H]1[C@@H](O)[C@@H](O)[C@@H](O1)N1[C@H](CC(=O)[N]C1=O)C#N	N#C[C@H]1CC(=O)[N-]C(=O)N1[C@@H]1O[C@H](COP(=O)([O-])[O-])[C@@H](O)[C@H]1O
3eyd	mol2	ok	C(=O)(N[C@@H](C(C)(C)C)CN(C)S(=O)(=O)C)N[C@@H](C(C)(C)C)C(=O)N1C[C@H]2[C@@H]([C@H]1C(=O)N[C@H](B(O)[OH2])CC1CCC1)C2(C)C	CN(C[C@@H](NC(=O)N[C@H](C(=O)N1C[C@H]2[C@@H]([C@H]1C(=O)N[C@@H](CC1CCC1)B(O)[OH2+])C2(C)C)C(C)(C)C)C(C)(C)C)S(C)(=O)=O
3f69	mol2	ok	oc(OC)[C@@]1(O)C[C@H]2O[C@@]1(N1c3ccccc3-c3c1c1N2c2ccccc2-c1c1C(=O)NCc31)C	CO[C]([O-])[C@@]1(O)C[C@H]2O[C@]1(C)n1c3ccccc3c3c4c(c5c6ccccc6n2c5c31)C(=O)NC4
3fc8	mol2	ok	Fc1cc(F)ccc1c1cc(c(c(c1)I)[O-])C(=O)NCCc(o)OC	CO[C]([O-])CCNC(=O)c1cc(-c2ccc(F)cc2F)cc(I)c1[O-]
3fcq	mol2	ok	oc(Oc1c(C)cccc1C(=O)[O-])C	C[C]([O-])Oc1c(C)cccc1C(=O)[O-]
3fee	mol2	ok	C(=O)([C@H](CN1C(=O)[N]c(o)O1)[NH3+])[O-]	[NH3+][C@@H](CN1O[C]([O-])[N-]C1=O)C(=O)[O-]
3fmq	mol2	ok	oc(O[C@@H]1CC[C@@]2(OC2)[C@H]([C@@H]1OC)[C@]1(O[C@@H]1CC=C(C)C)C)C=C	C=C[C]([O-])O[C@@H]1CC[C@]2(CO2)[C@@H]([C@@]2(C)O[C@@H]2CC=C(C)C)[C@@H]1OC
3fmr	mol2	ok	oc(O[C@@H]1CC[C@@]2(OC2)[C@H]([C@@H]1OC)[C@]1(O[C@@H]1CC=C(C)C)C)NC	CN[C]([O-])O[C@@H]1CC[C@]2(CO2)[C@@H]([C@@]2(C)O[C@@H]2CC=C(C)C)[C@@H]1OC
3frz	mol2	ok	oc1C(=C(O)C[C@@](O1)(C1CCCC1)CCc1cc([nH][c](c1)CC)CC)CC1=NN2C(=N1)N=C(C=C2C)C	CCc1cc(CC[C@]2(C3CCCC3)CC(O)=C(Cc3nc4nc(C)cc(C)n4n3)[C]([O-])O2)cc(CC)[nH+]1
3fv7	mol2	ok	[sH]([o])([o])C(C)(C)[C@@H](NC1=C(C(=O)[O-])C=C2N1C=CC(=C2)Nc(o)OC)C(=O)[O-]	CO[C]([O-])Nc1ccn2c(N[C@@H](C(=O)[O-])C(C)(C)[S@@H+](=O)[O-])c(C(=O)[O-])cc2c1
3fxz	mol2	ok	Fc1cnc2c(c1)c1C(=O)NC(=O)c1c1-c3c([N]c21)ccc(c3)O.n1ccccc1[CH][N]c1ccccc1.[C]#[O].[Cl-].[Ru]	O=C1NC(=O)c2c1c1cc(F)cnc1c1[n-]c3ccc(O)cc3c21.[CH]([N-]c1ccccc1)c1ccccn1.[C]#[O+].[Cl-].[Ru+]
3fyz	mol2	ok	C1(=CC2=CC(=C(N2C=C1)N[C@@H](C(=O)[O-])[C@](C)(COc(N)o)[sH]([o])[o])CO)C(=O)N	C[C@](CO[C](N)[O-])([C@@H](Nc1c(CO)cc2cc(C(N)=O)ccn12)C(=O)[O-])[S@@H+](=O)[O-]
3fzc	mol2	ok	[sH]([o])([o])[C@@](C)(COc(o)NCC[NH3+])[C@@H](NC1=C(CO)C=C2N1C=CC=C2)C(=O)[O-]	C[C@](CO[C]([O-])NCC[NH3+])([C@@H](Nc1c(CO)cc2ccccn12)C(=O)[O-])[S@@H+](=O)[O-]
3fzy	mol2	ok	p([o])([o])(o)O[C@@H]1[C@H](Op([o])([o])o)[C@H](Op([o])([o])o)[C@@H](Op([o])([o])o)[C@H](Op([o])([o])o)[C@H]1Op([o])([o])o	O=P([O-])([O-])O[C@H]1[C@H](OP(=O)([O-])[O-])[C@@H](OP(=O)([O-])[O-])[C@H](OP(=O)([O-])[O-])[C@@H](OP(=O)([O-])[O-])[C@H]1OP(=O)([O-])[O-]
3ggu	mol2	ok	S(=O)(=O)(N(C[C@@H](O)[C@@H](Nc(o)O[C@H]1CO[C@H]2OCC[C@@H]12)Cc1ccccc1)CC(C)C)c1ccc(N)cc1	CC(C)CN(C[C@@H](O)[C@H](Cc1ccccc1)N[C]([O-])O[C@H]1CO[C@H]2OCC[C@H]21)S(=O)(=O)c1ccc(N)cc1
3ggv	mol2	ok	oc(OC)N[C@H](C(=O)N[C@@H](C[C@H](O)[C@@H](NC(=O)[C@@H](N1C=CN(Cc2nc(ccc2)C(O)(C)C)C1=O)C(C)(C)C)Cc1ccccc1)Cc1ccc(cc1)c1ncccc1)C(C)(C)C	CO[C]([O-])N[C@H](C(=O)N[C@H](Cc1ccc(-c2ccccn2)cc1)C[C@H](O)[C@H](Cc1ccccc1)NC(=O)[C@@H](n1ccn(Cc2cccc(C(C)(C)O)n2)c1=O)C(C)(C)C)C(C)(C)C
3gi4	mol2	ok	S(=O)(=O)(N(C[C@@H](O)[C@@H](NC(=O)[C@H]1Oc(o)N(C1)c1cccc(c1)C(F)(F)F)Cc1ccccc1)CC(C)C)c1ccc2OCOc2c1	CC(C)CN(C[C@@H](O)[C@H](Cc1ccccc1)NC(=O)[C@@H]1CN(c2cccc(C(F)(F)F)c2)[C]([O-])O1)S(=O)(=O)c1ccc2c(c1)OCO2
3gi5	mol2	ok	S(=O)(=O)(N(C[C@@H](O)[C@@H](NC(=O)[C@H]1Oc(o)N(C1)c1cccc(c1)C(=O)C)Cc1ccccc1)CC(C)C)c1ccc2OCOc2c1	CC(=O)c1cccc(N2C[C@@H](C(=O)N[C@@H](Cc3ccccc3)[C@H](O)CN(CC(C)C)S(=O)(=O)c3ccc4c(c3)OCO4)O[C]2[O-])c1
3gi6	mol2	ok	S(=O)(=O)(N(C[C@@H](O)[C@@H](NC(=O)[C@H]1Oc(o)N(C1)c1cccc(c1)C(F)(F)F)Cc1ccccc1)CC(C)C)c1ccc(OC)cc1	COc1ccc(S(=O)(=O)N(CC(C)C)C[C@@H](O)[C@H](Cc2ccccc2)NC(=O)[C@@H]2CN(c3cccc(C(F)(F)F)c3)[C]([O-])O2)cc1
3gk4	mol2	ok	S(C1=NC2=C(N=NN2c2ccccc12)c(o)OCC)[C@@H](c(o)OCC)C(=O)C	CCO[C]([O-])c1nnn2c1nc(S[C@@H]([C]([O-])OCC)C(C)=O)c1ccccc12
3gs6	mol2	ok	oc(Nc1ccccc1)O/N=C/1\O[C@H](CO)[C@@H](O)[C@H](O)[C@H]1NC(=O)CCC	CCCC(=O)N[C@H]1/C(=N/O[C]([O-])Nc2ccccc2)O[C@H](CO)[C@@H](O)[C@@H]1O
3gzn	mol2	ok	s([o])([o])(OC[C@@H]1C[C@@H](N2C=Cc3c(ncnc23)N[C@H]2CCc3ccccc23)C[C@@H]1O)N	N[S@@+](=O)([O-])OC[C@@H]1C[C@@H](n2ccc3c(N[C@H]4CCc5ccccc54)ncnc32)C[C@@H]1O
3h5b	mol2	ok	S(=O)(=O)(N(C[C@@H](O)[C@@H](Nc(o)O[C@H]1C[C@H]2OCC[C@H]2C1)Cc1ccccc1)C[C@@H]1NC(=O)CC1)c1ccc(OC)cc1	COc1ccc(S(=O)(=O)N(C[C@H]2CCC(=O)N2)C[C@@H](O)[C@H](Cc2ccccc2)N[C]([O-])O[C@@H]2C[C@@H]3CCO[C@@H]3C2)cc1
3h6z	mol2	ok	[NH3+][C@H](C(=O)N[C@H](C(=O)N[C@@H](CCCC[NH2+]C)C(=O)N[C@H](C(=O)N[C@H](C(=O)N[C@H](C(=O)[O-])CCC[nH][c]([nH2])[nH2])CC(C)C)C(C)C)CCC[nH][c]([nH2])[nH2])CC1=CN=CN1	C[NH2+]CCCC[C@H](NC(=O)[C@H](CCCNC(N)=[NH2+])NC(=O)[C@@H]([NH3+])Cc1cnc[nH]1)C(=O)N[C@H](C(=O)N[C@@H](CC(C)C)C(=O)N[C@@H](CCCNC(N)=[NH2+])C(=O)[O-])C(C)C
3h8c	mol2	ok	C(C(=O)N[C@H](C(=O)N[C@@H](CCC[nH][c]([nH2])[nH2])C(=O)N[C@H](C(=O)NCCc1ccccc1)Cc1ccccc1)CSC)c1ccc(cc1)c1ccccc1	CSC[C@H](NC(=O)Cc1ccc(-c2ccccc2)cc1)C(=O)N[C@@H](CCCNC(N)=[NH2+])C(=O)N[C@@H](Cc1ccccc1)C(=O)NCCc1ccccc1
3hhm	mol2	ok	oc(O[C@@H]1C[C@]2(C)C(=O)CC[C@H]2[C@@H]2C(=O)C(=O)C3=C(C)c(o)O[C@H](COC)[C@]3(C)[C@@H]12)C	COC[C@H]1O[C]([O-])C(C)=C2C(=O)C(=O)[C@@H]3[C@H]([C@H](O[C](C)[O-])C[C@]4(C)C(=O)CC[C@@H]34)[C@]21C
3hhu	mol2	ok	CCOc(o)NCc1ccc(cc1)N1C(=S)NN=C1c1cc(C(C)C)c(O)cc1O	CCO[C]([O-])NCc1ccc(-n2c(-c3cc(C(C)C)c(O)cc3O)n[nH]c2=S)cc1
3hio	mol2	ok	p1([o])(o)O[NH2+]OCCCCCCOp([o])(o)OC[C@H]2O[C@@H](N3C=NC4=C3[nH][c]([nH2])[nH]C4=O)[C@H](OC)[C@@H]2Op([o])(o)OC[C@H]2C[N@H+](C[C@@H]2Op([o])(o)OC[C@H]2O[C@@H](N3C=NC4=C3[nH][c]([nH2])[nH]C4=O)[C@H](OC)[C@@H]2Op([o])(o)OC[C@H]2O[C@@H](N3C=Nc4c(N)ncnc34)[C@H](OC)[C@@H]2O1)CC1=CNc2c(N)ncnc12	CO[C@@H]1[C@@H]2O[P@](=O)([O-])O[NH2+]OCCCCCCO[P@](=O)([O-])OC[C@H]3O[C@@H](n4cnc5c(=O)[nH]c(=[NH2+])[nH]c54)[C@H](OC)[C@@H]3O[P@](=O)([O-])OC[C@H]3C[N@@H+](Cc4c[nH]c5c(N)ncnc45)C[C@@H]3O[P@@](=O)([O-])OC[C@H]3O[C@@H](n4cnc5c(=O)[nH]c(=[NH2+])[nH]c54)[C@H](OC)[C@@H]3O[P@@](=O)([O-])OC[C@H]2O[C@H]1n1cnc2c(N)ncnc21
3hiw	mol2	ok	p1([o])(o)O[NH2+]OCCCCCCOp([o])(o)OC[C@H]2O[C@@H](N3C=NC4=C3[nH][c]([nH2])[nH]C4=O)[C@H](OC)[C@@H]2Op([o])(o)OC[C@H]2C[N@H+](C[C@@H]2Op([o])(o)OC[C@H]2O[C@@H](N3C=NC4=C3[nH][c]([nH2])[nH]C4=O)[C@H](OC)[C@@H]2Op([o])(o)OC[C@H]2O[C@@H](N3C=Nc4c(N)ncnc34)[C@H](OC)[C@@H]2O1)CC1=CNc2c(N)ncnc12	CO[C@@H]1[C@@H]2O[P@@](=O)([O-])O[NH2+]OCCCCCCO[P@@](=O)([O-])OC[C@H]3O[C@@H](n4cnc5c(=O)[nH]c(=[NH2+])[nH]c54)[C@H](OC)[C@@H]3O[P@@](=O)([O-])OC[C@H]3C[N@@H+](Cc4c[nH]c5c(N)ncnc45)C[C@@H]3O[P@@](=O)([O-])OC[C@H]3O[C@@H](n4cnc5c(=O)[nH]c(=[NH2+])[nH]c54)[C@H](OC)[C@@H]3O[P@@](=O)([O-])OC[C@H]2O[C@H]1n1cnc2c(N)ncnc21
3hk1	mol2	ok	S1C=CC=C1C1=CC(=C(S1)c(o)OC)NC(=O)CCC(=O)[O-]	CO[C]([O-])c1sc(-c2cccs2)cc1NC(=O)CCC(=O)[O-]
3hkn	mol2	ok	S(=O)(=O)(N)[C@@H]1O[C@H](COc(o)C)[C@@H](O[C@@H]2O[C@H](COc(o)C)[C@H](Oc(o)C)[C@H](Oc(o)C)[C@H]2Oc(o)C)[C@H](Oc(o)C)[C@H]1Oc(o)C	C[C]([O-])OC[C@H]1O[C@@H](O[C@H]2[C@H](O[C](C)[O-])[C@@H](O[C](C)[O-])[C@H](S(N)(=O)=O)O[C@@H]2CO[C](C)[O-])[C@H](O[C](C)[O-])[C@@H](O[C](C)[O-])[C@H]1O[C](C)[O-]
3hku	mol2	ok	s([o])([o])(OC[C@]12OC[C@H]3OC(O[C@H]3[C@@H]2OC(O1)(C)C)(C)C)N	CC1(C)O[C@@H]2[C@@H](CO[C@@]3(CO[S@+](N)(=O)[O-])OC(C)(C)O[C@@H]23)O1
3hlo	mol2	ok	C(=O)(C)N[C@H](C(=O)N[C@H](C(=O)N[C@H](C[NH2+][C@H](C(=O)N[C@H](C(=O)N[C@H](C(=O)N)CCC[nH][c]([nH2])[nH2])CCC(=O)N)CCCC)CCCC)[C@H](CC)C)[C@H](O)C	CCCC[C@@H](C[NH2+][C@@H](CCCC)C(=O)N[C@@H](CCC(N)=O)C(=O)N[C@@H](CCCNC(N)=[NH2+])C(N)=O)NC(=O)[C@@H](NC(=O)[C@@H](NC(C)=O)[C@@H](C)O)[C@@H](C)CC
3hu1	mol2	ok	p([o])(o)(S)Op([o])(o)Op([o])(o)OC[C@H]1O[C@H]([C@@H]([C@@H]1O)O)N1C=Nc2c(N)ncnc12	Nc1ncnc2c1ncn2[C@@H]1O[C@H](CO[P@](=O)([O-])O[P@@](=O)([O-])O[P@](=O)([O-])S)[C@@H](O)[C@H]1O
3hu2	mol2	ok	p([o])(o)(S)Op([o])(o)Op([o])(o)OC[C@H]1O[C@H]([C@@H]([C@@H]1O)O)N1C=Nc2c(N)ncnc12	Nc1ncnc2c1ncn2[C@@H]1O[C@H](CO[P@](=O)([O-])O[P@@](=O)([O-])O[P@](=O)([O-])S)[C@@H](O)[C@H]1O
3hu3	mol2	ok	p([o])(o)(S)Op([o])(o)Op([o])(o)OC[C@H]1O[C@H]([C@@H]([C@@H]1O)O)N1C=Nc2c(N)ncnc12	Nc1ncnc2c1ncn2[C@@H]1O[C@H](CO[P@](=O)([O-])O[P@@](=O)([O-])O[P@](=O)([O-])S)[C@@H](O)[C@H]1O
3hxb	mol2	ok	oc(OCc1ccccc1)N[C@H](Cc1ccc(O)cc1)C(=O)N[C@@H](Cc1ccccc1)C(=O)N[C@@H](Cc1ccc(O)cc1)C(=O)[O-]	O=C([O-])[C@H](Cc1ccc(O)cc1)NC(=O)[C@H](Cc1ccccc1)NC(=O)[C@@H](Cc1ccc(O)cc1)N[C]([O-])OCc1ccccc1
3hxc	mol2	ok	ONC(=O)[C@@H](NC(=O)[C@@H](N(C)C(=O)[C@@H](Nc(o)OCc1ccccc1)CC1=CN=CN1)Cc1ccccc1)CC1=CNc2ccccc12	CN(C(=O)[C@H](Cc1cnc[nH]1)N[C]([O-])OCc1ccccc1)[C@@H](Cc1ccccc1)C(=O)N[C@@H](Cc1c[nH]c2ccccc12)C(=O)NO
3hxd	mol2	ok	c1cc(O)ccc1C[C@@H](C(=O)NO)NC(=O)[C@H](Cc1ccccc1)N(C)C(=O)[C@H](CC1=CNC=[NH]1)Nc(o)OCc1ccccc1	CN(C(=O)[C@H](Cc1c[nH]c[nH+]1)N[C]([O-])OCc1ccccc1)[C@@H](Cc1ccccc1)C(=O)N[C@@H](Cc1ccc(O)cc1)C(=O)NO
3i3b	mol2	ok	OC[C@H]1Oc(o)[C@H](O)[C@@H](O)[C@H]1O	[O-][C]1O[C@H](CO)[C@H](O)[C@H](O)[C@H]1O
3i6o	mol2	ok	S1(=O)(=O)N(CCCC/C=C/CCOc2cc(OC)ccc12)C[C@@H](O)[C@@H](Nc(o)O[C@H]1CO[C@H]2OCC[C@@H]12)Cc1ccccc1	COc1ccc2c(c1)OCC/C=C/CCCCN(C[C@@H](O)[C@H](Cc1ccccc1)N[C]([O-])O[C@H]1CO[C@H]3OCC[C@H]31)S2(=O)=O
3i7e	mol2	ok	S(=O)(=O)(N(C[C@@H](O)[C@@H](Nc(o)O[C@H]1CO[C@H]2OCC[C@@H]12)Cc1ccccc1)CC(C)C)c1ccc(OC)cc1	COc1ccc(S(=O)(=O)N(CC(C)C)C[C@@H](O)[C@H](Cc2ccccc2)N[C]([O-])O[C@H]2CO[C@H]3OCC[C@H]32)cc1
3iaf	mol2	ok	S1C=[N](Cc2cnc(nc2N)C)C(=C1CCOp([o])(o)op([o])([o])o)C	Cc1ncc(C[n+]2csc(CCO[P@+](=O)([O-]):[O-]P(=O)([O-])[O-])c2C)c(N)n1
3ibi	mol2	ok	s([o])([o])(OCCCCCCCC)N	CCCCCCCCO[S@@+](N)(=O)[O-]
3ibl	mol2	ok	s([o])([o])(OCCCCCCCCOs([o])([o])N)N	N[S@+](=O)([O-])OCCCCCCCCO[S@@+](N)(=O)[O-]
3ibn	mol2	ok	s([o])([o])(OCCCCCCCCCCOs([o])([o])N)N	N[S@+](=O)([O-])OCCCCCCCCCCO[S@@+](N)(=O)[O-]
3ibu	mol2	ok	s([o])([o])(OCCCCCCCCCC)N	CCCCCCCCCCO[S@@+](N)(=O)[O-]
3ies	mol2	ok	p([o])(Oc(o)c1cccc(c1)C1=NOC(=N1)c1ccccc1F)(o)OC[C@@H]1[C@H]([C@H]([C@H](N2c3ncnc(c3N=C2)N)O1)O)O	Nc1ncnc2c1ncn2[C@@H]1O[C@H](CO[P@@](=O)([O-])O[C]([O-])c2cccc(-c3noc(-c4ccccc4F)n3)c2)[C@@H](O)[C@H]1O
3ihz	mol2	ok	oc1O[C@H](/C(=C/[C@@H]2CC[C@@H](O)[C@H](OC)C2)/C)[C@H](C)[C@@H](O)CC(=O)[C@H](CCC)/C=C(\C)/C[C@H](C)C[C@H](OC)[C@H]2O[C@@](O)(C(=O)C(=O)N3CCCC[C@@H]13)[C@H](C)C[C@@H]2OC	CCC[C@@H]1/C=C(\C)C[C@H](C)C[C@H](OC)[C@H]2O[C@@](O)(C(=O)C(=O)N3CCCC[C@H]3[C]([O-])O[C@H](/C(C)=C/[C@@H]3CC[C@@H](O)[C@H](OC)C3)[C@H](C)[C@@H](O)CC1=O)[C@H](C)C[C@@H]2OC
3ilq	mol2	ok	OC[C@H]1O[C@H](OC[C@H](Oc(o)CCCCCCCCCCCCCCC)COc(o)CCCCCCC/C=C\CCCCCCCC)[C@H](O)[C@@H](O)[C@H]1O	CCCCCCCC/C=C\CCCCCCC[C]([O-])OC[C@H](CO[C@H]1O[C@H](CO)[C@H](O)[C@H](O)[C@H]1O)O[C]([O-])CCCCCCCCCCCCCCC
3in3	mol2	ok	O=C1N(C)c([nH])[nH][C@]1(c1ccncc1)c1cccc(c1)c1cnccc1	[H]/[N+]=C1/N[C@](c2ccncc2)(c2cccc(-c3cccnc3)c2)C(=O)N1C
3irx	mol2	ok	S(C)C(=O)c1cc(cc(C)c1OC)/C(=C\CCCC1=NN=C(O1)C)/c1cc2N(C)c(o)Oc2c(C)c1	COc1c(C)cc(/C(=C\CCCc2nnc(C)o2)c2cc(C)c3c(c2)N(C)[C]([O-])O3)cc1C(=O)SC
3is9	mol2	ok	oc(OC)CCCC=C(c1cc(C#N)c(OC)c(c1)c(o)OC)c1cc(C#N)c(OC)c(c1)c(o)OC	CO[C]([O-])CCCC=C(c1cc(C#N)c(OC)c([C]([O-])OC)c1)c1cc(C#N)c(OC)c([C]([O-])OC)c1
3iss	mol2	ok	p([o])(o)(op([o])(o)O[C@H]1O[C@H](CO)[C@@H](O)[C@H](O[C@H](C)C(=O)[O-])[C@H]1NC(=O)C)OC[C@H]1O[C@@H](N2C=CC(=O)NC2=O)[C@H](O)[C@@H]1O	CC(=O)N[C@H]1[C@@H](O[P@@+](=O)([O-]):[O-][P@](=O)([O-])OC[C@H]2O[C@@H](n3ccc(=O)[nH]c3=O)[C@H](O)[C@@H]2O)O[C@H](CO)[C@@H](O)[C@@H]1O[C@H](C)C(=O)[O-]
3ivc	mol2	ok	[O-]C(=O)CN1C(=Cc2cc(OC)ccc12)c(o)OCC1=Cc2ccccc2O1	COc1ccc2c(c1)cc([C]([O-])OCc1cc3ccccc3o1)n2CC(=O)[O-]
3iw6	mol2	ok	oc(OCC)C1=C(C)C(=C(N1CC)C)C(=O)N1CC[N@@H+](CC1)Cc1ccccc1	CCO[C]([O-])c1c(C)c(C(=O)N2CC[NH+](Cc3ccccc3)CC2)c(C)n1CC
3jrx	mol2	ok	oc1O[C@@H](CCCC[C@H](OC)[C@H](OC)/C=C/[C@H](C)[C@@H]2O[C@@](O)([C@H](OC)[C@@H](O)[C@@H]2C)[C@@H]1C)c1ccccc1	CO[C@H]1CCCC[C@@H](c2ccccc2)O[C]([O-])[C@@H](C)[C@@]2(O)O[C@H]([C@@H](C)[C@H](O)[C@H]2OC)[C@@H](C)/C=C/[C@H]1OC
3jvr	mol2	ok	Clc1ccc(Nc(o)O[C@@H](C)C2=Nc3ccccc3N2)cc1Cl	C[C@H](O[C]([O-])Nc1ccc(Cl)c(Cl)c1)c1nc2ccccc2[nH]1
3k2f	mol2	ok	S1C(=CC2=C1S(=O)(=O)[C@@H](C)C[C@@H]2N(CC)c(o)OC[C@H](ON(=O)=O)CON(=O)=O)S(=O)(=O)N	CCN([C]([O-])OC[C@@H](CO[N+](=O)[O-])O[N+](=O)[O-])[C@H]1C[C@H](C)S(=O)(=O)c2sc(S(N)(=O)=O)cc21
3kdt	mol2	ok	Clc1ccc(cc1)C1=NC(=C(O1)C)COc1cccc(CN(CC(=O)[O-])c(o)OC)c1	CO[C]([O-])N(CC(=O)[O-])Cc1cccc(OCc2nc(-c3ccc(Cl)cc3)oc2C)c1
3kdu	mol2	ok	Clc1ccc(cc1)C1=NC(=C(O1)C)COc1cccc(CN(CC(=O)[O-])c(o)Oc2ccc(C)cc2)c1	Cc1ccc(O[C]([O-])N(CC(=O)[O-])Cc2cccc(OCc3nc(-c4ccc(Cl)cc4)oc3C)c2)cc1
3kfn	mol2	ok	oc(OCc1ccccc1)/N=C(\C)/C(=O)N[C@H](C(=O)N[C@@H](Cc1ccccc1)C(=O)[C@H](O)[C@@H](NC(=O)[C@@H](NC(=O)/C(=N/c(o)OCc1ccccc1)/C)C(C)C)Cc1ccccc1)C(C)C	C/C(=N\[C]([O-])OCc1ccccc1)C(=O)N[C@H](C(=O)N[C@@H](Cc1ccccc1)C(=O)[C@H](O)[C@H](Cc1ccccc1)NC(=O)[C@@H](NC(=O)/C(C)=N/[C]([O-])OCc1ccccc1)C(C)C)C(C)C
3kid	mol2	ok	S1[c]([nH2])[nH]-c2ccc(cc12)c(o)OCC	CCO[C]([O-])c1ccc2[nH]c(=[NH2+])sc2c1
3krw	mol2	ok	C(=O)(c1ccc(O)cc1)N[C@@H]1C[NH2+]CCC[C@H]1Oc(o)c1cc(O)c(c(O)c1)C(=O)c1c(O)cccc1C(=O)[O-]	O=C(N[C@@H]1C[NH2+]CCC[C@H]1O[C]([O-])c1cc(O)c(C(=O)c2c(O)cccc2C(=O)[O-])c(O)c1)c1ccc(O)cc1
3krx	mol2	ok	C(=O)(c1ccc(O)cc1)N[C@@H]1C[NH2+]CCC[C@H]1Oc(o)c1cc(O)c(c(O)c1)C(=O)c1c(O)cccc1C(=O)[O-]	O=C(N[C@@H]1C[NH2+]CCC[C@H]1O[C]([O-])c1cc(O)c(C(=O)c2c(O)cccc2C(=O)[O-])c(O)c1)c1ccc(O)cc1
3l4v	mol2	ok	[S@]1([CH][C@@H](O)[C@H](O)[C@H]1CO)C[C@@H](O)[C@@H](Os([o])([o])[o])[C@H](O)[C@H](O)[C@@H](O)CO	O=S(=O)([O-])O[C@@H]([C@H](O)[C@H](O)[C@@H](O)CO)[C@H](O)C[S@+]1[CH][C@@H](O)[C@H](O)[C@H]1CO
3lp0	mol2	ok	c1cnc2c(c1)C(=C(C(=O)N2O)c(o)OCC)O	CCO[C]([O-])c1c(O)c2cccnc2n(O)c1=O
3lp2	mol2	ok	c1c(cnc2c1C(=C(C(=O)N2O)c(o)OCC)O)Oc1ccc(cc1)N(CC)CC	CCO[C]([O-])c1c(O)c2cc(Oc3ccc(N(CC)CC)cc3)cnc2n(O)c1=O
3lxe	mol2	ok	s([o])([o])(OC[C@]12OC[C@H]3OC(O[C@H]3[C@@H]2OC(O1)(C)C)(C)C)N	CC1(C)O[C@@H]2[C@@H](CO[C@@]3(CO[S@+](N)(=O)[O-])OC(C)(C)O[C@@H]23)O1
3ly2	mol2	ok	Clc1cncc(Cl)c1NC1=Cc(o)Oc2c(OC3CCCC3)c(OC)ccc12	COc1ccc2c(c1OC1CCCC1)O[C]([O-])C=C2Nc1c(Cl)cncc1Cl
3lzs	mol2	ok	S(=O)(=O)(N(C[C@@H](O)[C@@H](Nc(o)O[C@H]1CO[C@H]2OCC[C@@H]12)Cc1ccccc1)CC(C)C)c1ccc(N)cc1	CC(C)CN(C[C@@H](O)[C@H](Cc1ccccc1)N[C]([O-])O[C@H]1CO[C@H]2OCC[C@H]21)S(=O)(=O)c1ccc(N)cc1
3lzu	mol2	ok	S(=O)(=O)(N(C[C@@H](O)[C@@H](Nc(o)O[C@H]1CO[C@H]2OCC[C@@H]12)Cc1ccccc1)CC(C)C)c1ccc(N)cc1	CC(C)CN(C[C@@H](O)[C@H](Cc1ccccc1)N[C]([O-])O[C@H]1CO[C@H]2OCC[C@H]21)S(=O)(=O)c1ccc(N)cc1
3lzv	mol2	ok	S(=O)(=O)(N(C[C@@H](O)[C@@H](Nc(o)O[C@H]1CO[C@H]2OCC[C@@H]12)Cc1ccccc1)CC(C)C)c1ccc(N)cc1	CC(C)CN(C[C@@H](O)[C@H](Cc1ccccc1)N[C]([O-])O[C@H]1CO[C@H]2OCC[C@H]21)S(=O)(=O)c1ccc(N)cc1
3m59	mol2	ok	C(=O)(C)N[C@H](C(=O)N[C@H](C(=O)N[C@H](C(=O)N[C@@H](CCCC[N+](C)C)C(=O)N[C@H](C(=O)N[C@H](C(=O)N[C@H](C(=O)N[C@H](C(=O)[O-])Cc1ccc(cc1)O)C)CCC[nH][c]([nH2])[nH2])CC(=O)[O-])CO)CCCC[NH3+])CO	CC(=O)N[C@@H](CO)C(=O)N[C@@H](CCCC[NH3+])C(=O)N[C@@H](CO)C(=O)N[C@@H](CCCC[N+](C)C)C(=O)N[C@@H](CC(=O)[O-])C(=O)N[C@@H](CCCNC(N)=[NH2+])C(=O)N[C@@H](C)C(=O)N[C@@H](Cc1ccc(O)cc1)C(=O)[O-]
3m89	mol2	ok	p(Op([o])(o)Op([o])(o)OC[C@H]1O[C@H]([C@@H]([C@@H]1O)O)N1C=NC2=C1[nH][c]([nH]C2=O)[nH2])(S)([o])o	[NH2+]=c1[nH]c(=O)c2ncn([C@@H]3O[C@H](CO[P@](=O)([O-])O[P@](=O)([O-])O[P@@](=O)([O-])S)[C@@H](O)[C@H]3O)c2[nH]1
3m9f	mol2	ok	S(=O)(=O)(N(CCC(C)C)[C@H](CO)CCC[C@@H](NC(=O)[C@@H](Nc(o)OC)C(c1ccccc1)c1ccccc1)C)c1ccc(N)cc1	CO[C]([O-])N[C@H](C(=O)N[C@@H](C)CCC[C@@H](CO)N(CCC(C)C)S(=O)(=O)c1ccc(N)cc1)C(c1ccccc1)c1ccccc1
3mag	mol2	ok	N1[c]2n(C)[cH][nH]c(N)c2[NH]=C1	C[n+]1c[nH+]c(N)c2[nH+]c[nH]c21
3mbz	mol2	ok	[sH]([o])([o])[C@@](C)(COc(o)N)[C@@H](NC1=C(C(=O)[O-])C=C2N1C=CC(=C2)C(=O)N)C(=O)[O-]	C[C@](CO[C](N)[O-])([C@@H](Nc1c(C(=O)[O-])cc2cc(C(N)=O)ccn12)C(=O)[O-])[S@@H+](=O)[O-]
3ml2	mol2	ok	S(=O)(=O)(N)c1ccc(NC(=O)CC2=Cc(o)Oc3cc(OC)ccc23)cc1	COc1ccc2c(c1)O[C]([O-])C=C2CC(=O)Nc1ccc(S(N)(=O)=O)cc1
3mmr	mol2	ok	[NH3+][C@H](C(=O)[O-])CCCC[B]([O])(O)O	[NH3+][C@@H](CCCC[B-]([O-])(O)O)C(=O)[O-]
3mna	mol2	ok	Clc1nc(nc(n1)Nc1ccc(S(=O)(=O)N)cc1)NCc(o)OC	CO[C]([O-])CNc1nc(Cl)nc(Nc2ccc(S(N)(=O)=O)cc2)n1
3ms9	mol2	ok	Clc1ccc(c(o)OC)c(N)c1	CO[C]([O-])c1ccc(Cl)cc1N
3mv0	mol2	ok	OC[C@H]1Oc(o)[C@H](O)[C@@H](O)[C@H]1O	[O-][C]1O[C@H](CO)[C@H](O)[C@H](O)[C@H]1O
3mxd	mol2	ok	S(=O)(=O)(N(C[C@@H](O)[C@@H](NC(=O)[C@H]1Oc(o)N(C1)c1ccccc1O)Cc1ccccc1)CC(C)C)c1ccc2OCOc2c1	CC(C)CN(C[C@@H](O)[C@H](Cc1ccccc1)NC(=O)[C@@H]1CN(c2ccccc2O)[C]([O-])O1)S(=O)(=O)c1ccc2c(c1)OCO2
3mxe	mol2	ok	S1C=Nc2ccc(S(=O)(=O)N(C[C@@H](O)[C@@H](NC(=O)[C@H]3Oc(o)N(C3)c3ccccc3C(F)(F)F)Cc3ccccc3)CC(C)C)cc12	CC(C)CN(C[C@@H](O)[C@H](Cc1ccccc1)NC(=O)[C@@H]1CN(c2ccccc2C(F)(F)F)[C]([O-])O1)S(=O)(=O)c1ccc2ncsc2c1
3mxf	mol2	ok	Clc1ccc(cc1)C1=N[C@@H](Cc(o)OC(C)(C)C)C2=NN=C(N2C2=C1C(=C(S2)C)C)C	Cc1sc2c(c1C)C(c1ccc(Cl)cc1)=N[C@@H](C[C]([O-])OC(C)(C)C)c1nnc(C)n1-2
3n23	mol2	ok	OC[C@@]12[C@H](O)C[C@H](O[C@@H]3O[C@@H](C)[C@H](O)[C@@H](O)[C@H]3O)C[C@@]2(O)CC[C@@H]2[C@@H]1[C@H](O)C[C@]1(C)[C@H](CC[C@]21O)C1=Cc(o)OC1	C[C@@H]1O[C@@H](O[C@H]2C[C@@H](O)[C@]3(CO)[C@H]4[C@H](O)C[C@]5(C)[C@@H](C6=C[C]([O-])OC6)CC[C@]5(O)[C@@H]4CC[C@]3(O)C2)[C@H](O)[C@H](O)[C@H]1O
3n46	mol2	ok	oc(OCc1ccccc1)N1[C@H](Cc2ccccc12)C(=O)[O-]	O=C([O-])[C@H]1Cc2ccccc2N1[C]([O-])OCc1ccccc1
3n5k	mol2	ok	oc(O[C@@]1(C)C[C@H](Oc(o)CCC)[C@@]2(O)[C@@H](O[C@@H](O)[C@]2(O)C)[C@@H]2[C@H](C)[C@H](Oc(o)[C@H](C)CC)[C@@H](Oc(o)CCCCCCC)[C@H]12)C	CCCCCCC[C]([O-])O[C@@H]1[C@@H](O[C]([O-])[C@H](C)CC)[C@@H](C)[C@@H]2[C@H]1[C@@](C)(O[C](C)[O-])C[C@H](O[C]([O-])CCC)[C@@]1(O)[C@H]2O[C@@H](O)[C@@]1(C)O
3n7s	mol2	ok	[NH3+]CCCC[C@H](NC(=O)[C@@H](Cc1cc(Br)c(O)c(Br)c1)NC(=O)N1CC[C@@H](CC1)N1Cc2ccccc2NC1=O)C(=O)N1CCN(CC1)c1c[cH][nH]cc1	[NH3+]CCCC[C@H](NC(=O)[C@@H](Cc1cc(Br)c(O)c(Br)c1)NC(=O)N1CCC(N2Cc3ccccc3NC2=O)CC1)C(=O)N1CCN(c2cc[nH+]cc2)CC1
3nal	mol2	ok	oc(O[C@@]1(C)C[C@H](Oc(o)CCCCCCCCCCC)[C@@]2(O)[C@@H](Oc(o)[C@]2(O)C)C2=C(C)[C@H](Oc(o)/C(=C\C)/C)C[C@H]12)C	C/C=C(/C)[C]([O-])O[C@@H]1C[C@H]2C(=C1C)[C@@H]1O[C]([O-])[C@@](C)(O)[C@@]1(O)[C@@H](O[C]([O-])CCCCCCCCCCC)C[C@]2(C)O[C](C)[O-]
3nam	mol2	ok	oc(O[C@@]1(C)C[C@H](Oc(o)CCC)[C@@]2(O)[C@@H](Oc(o)[C@]2(O)C)[C@@H]2[C@@H](C)[C@H](Oc(o)/C(=C\C)/C)C[C@H]12)C	C/C=C(/C)[C]([O-])O[C@@H]1C[C@H]2[C@@H]([C@H]1C)[C@@H]1O[C]([O-])[C@@](C)(O)[C@@]1(O)[C@@H](O[C]([O-])CCC)C[C@]2(C)O[C](C)[O-]
3nan	mol2	ok	oc(OC(C)(C)C)NCCCCCCc1cc(CCCc(o)O[C@H]2C[C@@](Oc(o)C)(C)[C@H]3[C@H](Oc(o)CCCCCCC)[C@@H](Oc(o)/C(=C\C)/C)C(=C3[C@@H]3Oc(o)[C@](O)(C)[C@@]23O)C)ccc1O	C/C=C(/C)[C]([O-])O[C@H]1C(C)=C2[C@H]([C@@H]1O[C]([O-])CCCCCCC)[C@@](C)(O[C](C)[O-])C[C@H](O[C]([O-])CCCc1ccc(O)c(CCCCCCN[C]([O-])OC(C)(C)C)c1)[C@@]1(O)[C@H]2O[C]([O-])[C@@]1(C)O
3ni5	mol2	ok	O=N(=O)OCCCCOc(o)c1cc(S(=O)(=O)NC2=NN=C(S2)S(=O)(=O)N)ccc1	NS(=O)(=O)c1nnc(NS(=O)(=O)c2cccc([C]([O-])OCCCCO[N+](=O)[O-])c2)s1
3nu3	mol2	ok	S(=O)(=O)(N(C[C@@H](O)[C@@H](Nc(o)O[C@@H]1COCC1)Cc1ccccc1)CC(C)C)c1ccc(N)cc1	CC(C)CN(C[C@@H](O)[C@H](Cc1ccccc1)N[C]([O-])O[C@H]1CCOC1)S(=O)(=O)c1ccc(N)cc1
3nu4	mol2	ok	S(=O)(=O)(N(C[C@@H](O)[C@@H](Nc(o)O[C@@H]1COCC1)Cc1ccccc1)CC(C)C)c1ccc(N)cc1	CC(C)CN(C[C@@H](O)[C@H](Cc1ccccc1)N[C]([O-])O[C@H]1CCOC1)S(=O)(=O)c1ccc(N)cc1
3nu5	mol2	ok	S(=O)(=O)(N(C[C@@H](O)[C@@H](Nc(o)O[C@@H]1COCC1)Cc1ccccc1)CC(C)C)c1ccc(N)cc1	CC(C)CN(C[C@@H](O)[C@H](Cc1ccccc1)N[C]([O-])O[C@H]1CCOC1)S(=O)(=O)c1ccc(N)cc1
3nu6	mol2	ok	S(=O)(=O)(N(C[C@@H](O)[C@@H](Nc(o)O[C@@H]1COCC1)Cc1ccccc1)CC(C)C)c1ccc(N)cc1	CC(C)CN(C[C@@H](O)[C@H](Cc1ccccc1)N[C]([O-])O[C@H]1CCOC1)S(=O)(=O)c1ccc(N)cc1
3nu9	mol2	ok	S(=O)(=O)(N(C[C@@H](O)[C@@H](Nc(o)O[C@@H]1COCC1)Cc1ccccc1)CC(C)C)c1ccc(N)cc1	CC(C)CN(C[C@@H](O)[C@H](Cc1ccccc1)N[C]([O-])O[C@H]1CCOC1)S(=O)(=O)c1ccc(N)cc1
3nuj	mol2	ok	S(=O)(=O)(N(C[C@@H](O)[C@@H](Nc(o)O[C@@H]1COCC1)Cc1ccccc1)CC(C)C)c1ccc(N)cc1	CC(C)CN(C[C@@H](O)[C@H](Cc1ccccc1)N[C]([O-])O[C@H]1CCOC1)S(=O)(=O)c1ccc(N)cc1
3nuo	mol2	ok	S(=O)(=O)(N(C[C@@H](O)[C@@H](Nc(o)O[C@@H]1COCC1)Cc1ccccc1)CC(C)C)c1ccc(N)cc1	CC(C)CN(C[C@@H](O)[C@H](Cc1ccccc1)N[C]([O-])O[C@H]1CCOC1)S(=O)(=O)c1ccc(N)cc1
3nzw	mol2	ok	oc(OC(C)(C)C)N[C@H](C(=O)N[C@@H](C)C(=O)N[C@H](C(=O)NCc1ccccc1)C[C@]1(O)C(=O)Nc2ccccc12)Cc1ccc(OCc2ccccc2)cc1	C[C@H](NC(=O)[C@H](Cc1ccc(OCc2ccccc2)cc1)N[C]([O-])OC(C)(C)C)C(=O)N[C@@H](C[C@]1(O)C(=O)Nc2ccccc21)C(=O)NCc1ccccc1
3nzx	mol2	ok	oc(OC(C)(C)C)N[C@H](C(=O)N[C@@H](C)C(=O)N[C@H](C(=O)NCc1ccccc1)C[C@@]1(O)C(=O)Nc2ccccc12)Cc1ccc(OCc2ccccc2)cc1	C[C@H](NC(=O)[C@H](Cc1ccc(OCc2ccccc2)cc1)N[C]([O-])OC(C)(C)C)C(=O)N[C@@H](C[C@@]1(O)C(=O)Nc2ccccc21)C(=O)NCc1ccccc1
3o4k	mol2	ok	OC[C@H]1O[C@H](OC[C@H](Oc(o)CCCCCCCCCCCCCC)COc(o)CCCCCC)[C@H](O)[C@@H](O[C@@H]2O[C@H](C)[C@H]([NH3+])[C@H](O)[C@H]2NC(=O)C)[C@@H]1O	CCCCCCCCCCCCCC[C]([O-])O[C@H](CO[C]([O-])CCCCCC)CO[C@H]1O[C@H](CO)[C@@H](O)[C@H](O[C@@H]2O[C@H](C)[C@H]([NH3+])[C@H](O)[C@H]2NC(C)=O)[C@H]1O
3o99	mol2	ok	S(=O)(=O)(N(C[C@@H](O)[C@@H](Nc(o)O[C@H]1CO[C@H]2OCC[C@@H]12)Cc1ccccc1)C[C@@H](C)CC)c1ccc(N)cc1	CC[C@H](C)CN(C[C@@H](O)[C@H](Cc1ccccc1)N[C]([O-])O[C@H]1CO[C@H]2OCC[C@H]21)S(=O)(=O)c1ccc(N)cc1
3o9a	mol2	ok	S(=O)(=O)(N(C[C@@H](O)[C@@H](Nc(o)O[C@H]1CO[C@H]2OCC[C@@H]12)Cc1ccccc1)C[C@@H](C)CC)c1ccc(OC)cc1	CC[C@H](C)CN(C[C@@H](O)[C@H](Cc1ccccc1)N[C]([O-])O[C@H]1CO[C@H]2OCC[C@H]21)S(=O)(=O)c1ccc(OC)cc1
3o9b	mol2	ok	S(=O)(=O)(N(C[C@@H](O)[C@@H](Nc(o)O[C@H]1CO[C@H]2OCC[C@@H]12)Cc1ccccc1)C[C@@H](C)CC)c1ccc(CO)cc1	CC[C@H](C)CN(C[C@@H](O)[C@H](Cc1ccccc1)N[C]([O-])O[C@H]1CO[C@H]2OCC[C@H]21)S(=O)(=O)c1ccc(CO)cc1
3o9c	mol2	ok	S(=O)(=O)(N(C[C@@H](O)[C@@H](Nc(o)O[C@H]1CO[C@H]2OCC[C@@H]12)Cc1ccccc1)C[C@@H](C)CC)c1ccc2OCOc2c1	CC[C@H](C)CN(C[C@@H](O)[C@H](Cc1ccccc1)N[C]([O-])O[C@H]1CO[C@H]2OCC[C@H]21)S(=O)(=O)c1ccc2c(c1)OCO2
3o9d	mol2	ok	S1C=Nc2ccc(S(=O)(=O)N(C[C@@H](O)[C@@H](Nc(o)O[C@H]3CO[C@H]4OCC[C@@H]34)Cc3ccccc3)C[C@@H](C)CC)cc12	CC[C@H](C)CN(C[C@@H](O)[C@H](Cc1ccccc1)N[C]([O-])O[C@H]1CO[C@H]2OCC[C@H]21)S(=O)(=O)c1ccc2ncsc2c1
3o9e	mol2	ok	S(=O)(=O)(N(C[C@@H](O)[C@@H](Nc(o)O[C@H]1CO[C@H]2OCC[C@@H]12)Cc1ccccc1)CC(CC)CC)c1ccc(N)cc1	CCC(CC)CN(C[C@@H](O)[C@H](Cc1ccccc1)N[C]([O-])O[C@H]1CO[C@H]2OCC[C@H]21)S(=O)(=O)c1ccc(N)cc1
3o9f	mol2	ok	S(=O)(=O)(N(C[C@@H](O)[C@@H](Nc(o)O[C@H]1CO[C@H]2OCC[C@@H]12)Cc1ccccc1)CC(CC)CC)c1ccc(OC)cc1	CCC(CC)CN(C[C@@H](O)[C@H](Cc1ccccc1)N[C]([O-])O[C@H]1CO[C@H]2OCC[C@H]21)S(=O)(=O)c1ccc(OC)cc1
3o9g	mol2	ok	S(=O)(=O)(N(C[C@@H](O)[C@@H](Nc(o)O[C@H]1CO[C@H]2OCC[C@@H]12)Cc1ccccc1)CC(CC)CC)c1ccc(CO)cc1	CCC(CC)CN(C[C@@H](O)[C@H](Cc1ccccc1)N[C]([O-])O[C@H]1CO[C@H]2OCC[C@H]21)S(=O)(=O)c1ccc(CO)cc1
3o9h	mol2	ok	S(=O)(=O)(N(C[C@@H](O)[C@@H](Nc(o)O[C@H]1CO[C@H]2OCC[C@@H]12)Cc1ccccc1)CC(CC)CC)c1ccc2OCOc2c1	CCC(CC)CN(C[C@@H](O)[C@H](Cc1ccccc1)N[C]([O-])O[C@H]1CO[C@H]2OCC[C@H]21)S(=O)(=O)c1ccc2c(c1)OCO2
3o9i	mol2	ok	S1C=Nc2ccc(S(=O)(=O)N(C[C@@H](O)[C@@H](Nc(o)O[C@H]3CO[C@H]4OCC[C@@H]34)Cc3ccccc3)CC(CC)CC)cc12	CCC(CC)CN(C[C@@H](O)[C@H](Cc1ccccc1)N[C]([O-])O[C@H]1CO[C@H]2OCC[C@H]21)S(=O)(=O)c1ccc2ncsc2c1
3ocz	mol2	ok	p([o])(S)(o)OC[C@H]1O[C@H]([C@@H]([C@@H]1O)O)N1C=Nc2c(N)ncnc12	Nc1ncnc2c1ncn2[C@@H]1O[C@H](CO[P@](=O)([O-])S)[C@@H](O)[C@H]1O
3oe8	mol2	ok	S(CC1=CSC2=[N]1CC(N2)(C)C)c([nH]C1CCCCC1)nC1CCCCC1	CC1(C)C[n+]2c(CS/C([N-]C3CCCCC3)=[NH+]/C3CCCCC3)csc2N1
3of8	mol2	ok	c(o)(OCc1ccccc1)N[C@H](C(=O)N[C@@H](Cc1ccc(OC(C)(C)C)cc1)C(=O)CO)Cc1ccccc1	CC(C)(C)Oc1ccc(C[C@H](NC(=O)[C@H](Cc2ccccc2)N[C]([O-])OCc2ccccc2)C(=O)CO)cc1
3ogp	mol2	ok	S(=O)(=O)(N(C[C@@H](O)[C@@H](Nc(o)O[C@H]1CO[C@H]2OCC[C@@H]12)Cc1ccccc1)CC(C)C)c1ccc(N)cc1	CC(C)CN(C[C@@H](O)[C@H](Cc1ccccc1)N[C]([O-])O[C@H]1CO[C@H]2OCC[C@H]21)S(=O)(=O)c1ccc(N)cc1
3ohi	mol2	ok	p([o])([o])(o)OCCC1=C(O)C(=O)N(Cp([o])([o])o)C=C1	O=c1c(O)c(CCOP(=O)([O-])[O-])ccn1CP(=O)([O-])[O-]
3oik	mol2	ok	s([o])([o])(Oc1cc2CC[C@@H]3[C@H](CC[C@]4(C)[C@@H](Os([o])([o])N)CC[C@@H]34)c2cc1CC)N	CCc1cc2c(cc1O[S@@+](N)(=O)[O-])CC[C@@H]1[C@@H]2CC[C@]2(C)[C@@H](O[S@@+](N)(=O)[O-])CC[C@@H]12
3oil	mol2	ok	s([o])([o])(Oc1cc2CC[C@@H]3[C@H](CC[C@]4(C)[C@@H](O)CC[C@@H]34)c2cc1CC)N	CCc1cc2c(cc1O[S@+](N)(=O)[O-])CC[C@@H]1[C@@H]2CC[C@]2(C)[C@@H](O)CC[C@@H]12
3oim	mol2	ok	s([o])([o])(Oc1cc2CC[C@@H]3[C@H](CC[C@]4(C)[C@@H](O)CC[C@@H]34)c2cc1CC)N	CCc1cc2c(cc1O[S@+](N)(=O)[O-])CC[C@@H]1[C@@H]2CC[C@]2(C)[C@@H](O)CC[C@@H]12
3ok9	mol2	ok	S(=O)(=O)(N(C[C@@H](O)[C@@H](Nc(o)O[C@H]1CO[C@H]2O[C@@H]3OCC[C@@H]3[C@@H]12)Cc1ccccc1)CC(C)C)c1ccc(OC)cc1	COc1ccc(S(=O)(=O)N(CC(C)C)C[C@@H](O)[C@H](Cc2ccccc2)N[C]([O-])O[C@H]2CO[C@H]3O[C@@H]4OCC[C@@H]4[C@H]32)cc1
3oku	mol2	ok	s([o])([o])(Oc1cc2CC[C@@H]3[C@H](CC[C@]4(C)C(=O)CC[C@@H]34)c2cc1CC)N	CCc1cc2c(cc1O[S@+](N)(=O)[O-])CC[C@@H]1[C@@H]2CC[C@]2(C)C(=O)CC[C@@H]12
3okv	mol2	ok	s([o])([o])(Oc1cc2CC[C@@H]3[C@H](CC[C@]4(C)C(=O)CC[C@@H]34)c2cc1CC)N	CCc1cc2c(cc1O[S@+](N)(=O)[O-])CC[C@@H]1[C@@H]2CC[C@]2(C)C(=O)CC[C@@H]12
3oli	mol2	ok	OCC1=C[C@@H]([NH2+][C@@H]2[C@H](O[C@@H]([C@H](O)[C@H]2O)O[C@H]2[C@H](O)[C@@H](O)[C@H](O[C@@H]2CO)O[C@H]2[C@H](O)[C@@H](O)/C(=N/[C@@H]3[C@H](O[C@@H]([C@H](O)[C@H]3O)O[C@H]3[C@H](O)[C@@H](O)[C@H](O[C@@H]3CO)O[C@H]3[C@H](O)[C@@H](O)c(o)O[C@@H]3CO)C)/C=C2CO)C)[C@H](O)[C@@H](O)[C@@H]1O	C[C@H]1O[C@H](O[C@H]2[C@H](O)[C@@H](O)[C@@H](O[C@H]3[C@H](O)[C@@H](O)[C]([O-])O[C@@H]3CO)O[C@@H]2CO)[C@H](O)[C@@H](O)[C@@H]1/N=C1\C=C(CO)[C@@H](O[C@H]2O[C@H](CO)[C@@H](O[C@H]3O[C@H](C)[C@@H]([NH2+][C@@H]4C=C(CO)[C@@H](O)[C@H](O)[C@H]4O)[C@H](O)[C@H]3O)[C@H](O)[C@H]2O)[C@H](O)[C@H]1O
3oob	mol2	ok	oc(O[C@@H]1Cc2c(O)cc(O)cc2O[C@@H]1c1cc(O)c(O)c(O)c1)c1cc(O)c(O)c(O)c1	[O-][C](O[C@@H]1Cc2c(O)cc(O)cc2O[C@@H]1c1cc(O)c(O)c(O)c1)c1cc(O)c(O)c(O)c1
3opp	mol2	ok	[sH]([o])([o])[C@@](C)(COc(o)CCCC(=O)[O-])[C@@H](N/C=C/C(=O)[O-])C(=O)[O-]	C[C@](CO[C]([O-])CCCC(=O)[O-])([C@@H](N/C=C/C(=O)[O-])C(=O)[O-])[S@H+](=O)[O-]
3opr	mol2	ok	[sH]([o])([o])[C@@](C)(COc(o)CCCC(=O)[O-])[C@@H](N/C=C/C(=O)[O-])C(=O)[O-]	C[C@](CO[C]([O-])CCCC(=O)[O-])([C@@H](N/C=C/C(=O)[O-])C(=O)[O-])[S@H+](=O)[O-]
3oxi	mol2	ok	S1C=CC=C1CC(=O)NC1=C(SC=C1)c(o)OC	CO[C]([O-])c1sccc1NC(=O)Cc1cccs1
3ozj	mol2	ok	oc(O[C@H]1[C@H]2[C@@H](Oc(o)C2=C)C[C@@H](C)[C@@H]2C=CC(=O)[C@@]12C)C	C=C1[C]([O-])O[C@H]2C[C@@H](C)[C@@H]3C=CC(=O)[C@@]3(C)[C@@H](O[C](C)[O-])[C@H]12
3ozp	mol2	ok	OC[C@H]1O/C(=N\Oc(o)Nc2ccccc2)/[C@H](NC(=O)C)[C@@H](O)[C@@H]1O	CC(=O)N[C@H]1/C(=N/O[C]([O-])Nc2ccccc2)O[C@H](CO)[C@@H](O)[C@@H]1O
3p4v	mol2	ok	Clc1cc(ccc1O)C[C@H](NC(=O)/C=C/c(o)OC)C(=O)[O-]	CO[C]([O-])/C=C/C(=O)N[C@@H](Cc1ccc(O)c(Cl)c1)C(=O)[O-]
3p7i	mol2	ok	p([o])([o])(o)CC[NH3+]	[NH3+]CCP(=O)([O-])[O-]
3p8n	mol2	ok	Brc1c(OC)ccc2c(O[C@H]3CN(C(=O)[C@@H](Nc(o)OC4CCCC4)C(C)(C)C)[C@@H](C3)C(=O)N[C@@]3(C[C@H]3C=C)C(=O)[O-])cc(nc12)C1=CSC(=N1)NC(=O)C(C)C	C=C[C@@H]1C[C@]1(NC(=O)[C@@H]1C[C@@H](Oc2cc(-c3csc(NC(=O)C(C)C)n3)nc3c(Br)c(OC)ccc23)CN1C(=O)[C@@H](N[C]([O-])OC1CCCC1)C(C)(C)C)C(=O)[O-]
3p8o	mol2	ok	S1C=C(N=C1NC(=O)C(C)C)c1nc2cc(OC)ccc2c(O[C@H]2CN(C(=O)[C@@H](Nc(o)OC3CCCC3)C(C)(C)C)[C@@H](C2)C(=O)N[C@@]2(C[C@H]2C=C)C(=O)[O-])c1	C=C[C@@H]1C[C@]1(NC(=O)[C@@H]1C[C@@H](Oc2cc(-c3csc(NC(=O)C(C)C)n3)nc3cc(OC)ccc23)CN1C(=O)[C@@H](N[C]([O-])OC1CCCC1)C(C)(C)C)C(=O)[O-]
3p9j	mol2	ok	C1(=O)N(N/C(=[NH]\C2=NNC(=C2)C)/c2c1cccc2)c1ccccc1	Cc1cc(/[NH+]=c2\[nH]n(-c3ccccc3)c(=O)c3ccccc23)n[nH]1
3pcu	mol2	ok	oc(OC(C)(C)[C@H]1Oc2cc3Oc(o)C(=Cc3cc2C1)C(C)(C)C=C)C	C=CC(C)(C)C1=Cc2cc3c(cc2O[C]1[O-])O[C@H](C(C)(C)O[C](C)[O-])C3
3pgl	mol2	ok	c1c2c(ccc1)N=C(N2)[S@@](C[c]1[nH]ccc(c1C)OCCCOC)O	COCCCOc1cc[nH+]c(C[S@@+](O)c2nc3ccccc3[nH]2)c1C
3phe	mol2	ok	Clc1ccc(COc(o)C2=CN(Cc3ccc(S(=O)(=O)C)cc3)c3cc(N4CC[N@@H+](C)CC4)c(F)cc3C2=O)cc1	C[NH+]1CCN(c2cc3c(cc2F)c(=O)c([C]([O-])OCc2ccc(Cl)cc2)cn3Cc2ccc(S(C)(=O)=O)cc2)CC1
3pn3	mol2	ok	ON(C=O)C[C@@H](Nc(o)OC(C)(C)C)Cc1ccccc1	CC(C)(C)O[C]([O-])N[C@@H](Cc1ccccc1)CN(O)C=O
3po1	mol2	ok	S1C(=[N](Cc(o)OCC)c2ccc(O)cc12)[nH][c]([nH2])[nH2]	CCO[C]([O-])C[n+]1c(NC(N)=[NH2+])sc2cc(O)ccc21
3ppj	mol2	ok	O/N=C/1\CCc2cc(NC3=C(Oc4cnccc34)c(o)OC)ccc12	CO[C]([O-])c1oc2cnccc2c1Nc1ccc2c(c1)CC/C2=N\O
3prs	mol2	ok	S1C=NC=C1COc(o)N[C@@H](Cc1ccccc1)[C@@H](O)C[C@@H](NC(=O)[C@@H](NC(=O)N(C)CC1=CSC(=N1)C(C)C)C(C)C)Cc1ccccc1	CC(C)c1nc(CN(C)C(=O)N[C@H](C(=O)N[C@@H](Cc2ccccc2)C[C@H](O)[C@H](Cc2ccccc2)N[C]([O-])OCc2cncs2)C(C)C)cs1
3psb	mol2	ok	S1c2cnccc2C(=C1c(o)OCC)Nc1ccc2C(=CCc2c1)NO	CCO[C]([O-])c1sc2cnccc2c1Nc1ccc2c(c1)CC=C2NO
3pup	mol2	ok	c12c(C(=O)NC1=O)c1c(c3c2-c2c(N3)cccc2)ncc(N)c1.[Ru].[Cl-].[C]#[O].[NH3+]Cc1ncccc1	Nc1cnc2c(c1)c1c(c3c4ccccc4[nH]c23)C(=O)NC1=O.[C]#[O+].[Cl-].[NH3+]Cc1ccccn1.[Ru+]
3pwd	mol2	ok	c1c(c(N(=O)=O)c2c(c1)cc1c(c2)Oc(C=C1C)o)O	CC1=C[C]([O-])Oc2cc3c([N+](=O)[O-])c(O)ccc3cc21
3pwm	mol2	ok	S(=O)(=O)(N(C[C@@H](O)[C@@H](Nc(o)O[C@H]1CO[C@H]2OCC[C@@H]12)Cc1ccccc1)CC(C)C)c1ccc(N)cc1	CC(C)CN(C[C@@H](O)[C@H](Cc1ccccc1)N[C]([O-])O[C@H]1CO[C@H]2OCC[C@H]21)S(=O)(=O)c1ccc(N)cc1
3pz3	mol2	ok	COc1ccc(cc1)S(=O)(=O)N1Cc2cc(ccc2N(CC2=C[NH]=CN2C)C[C@H]1Cc1ccc(cc1)Oc(o)NCc1ccccc1)C1=CC=C(CO)O1	COc1ccc(S(=O)(=O)N2Cc3cc(-c4ccc(CO)o4)ccc3N(Cc3c[nH+]cn3C)C[C@H]2Cc2ccc(O[C]([O-])NCc3ccccc3)cc2)cc1
3q4b	mol2	ok	Clc1cccc(c1)[C@H](OCCNc(o)OC)[C@H]1CN(CCC1)C(=O)NC[C@@H]([NH2+]C)C[C@@H]1COCCC1	C[NH2+][C@H](CNC(=O)N1CCC[C@@H]([C@@H](OCCN[C]([O-])OC)c2cccc(Cl)c2)C1)C[C@H]1CCCOC1
3q5h	mol2	ok	Clc1cccc(c1)[C@H](OCCNc(o)OC)[C@H]1CN(CCC1)C(=O)N[C@H](C[NH2+]C)C[C@@H]1COCCC1	C[NH2+]C[C@H](C[C@H]1CCCOC1)NC(=O)N1CCC[C@@H]([C@@H](OCCN[C]([O-])OC)c2cccc(Cl)c2)C1
3q77	mol2	ok	FC(F)(F)c1cccc(N2C(=O)N[C@H](c3ccc(C#N)cc3)C(=C2C)c(o)OCCO)c1	CC1=C([C]([O-])OCCO)[C@@H](c2ccc(C#N)cc2)NC(=O)N1c1cccc(C(F)(F)F)c1
3q7j	mol2	ok	ONC(=O)[C@@H](NC(=O)[C@@H]([NH3+])Cc1ccccc1)CCCCNc(o)OCc1ccccc1	[NH3+][C@@H](Cc1ccccc1)C(=O)N[C@@H](CCCCN[C]([O-])OCc1ccccc1)C(=O)NO
3qaa	mol2	ok	S(=O)(=O)(N(C[C@@H](O)[C@@H](Nc(o)O[C@H]1CO[C@H]2OC[C@H](OC)[C@@H]12)Cc1ccccc1)CC(C)C)c1ccc(OC)cc1	COc1ccc(S(=O)(=O)N(CC(C)C)C[C@@H](O)[C@H](Cc2ccccc2)N[C]([O-])O[C@H]2CO[C@H]3OC[C@H](OC)[C@H]32)cc1
3qbh	mol2	ok	S1(=O)(=O)C[C@H]([NH2+]Cc2cccc(c2)C(C)C)[C@@H](O)[C@@H](C1)Cc1ccc(O)c(C[C@@H]2N(CCC)c(o)OC2)c1	CCCN1[C]([O-])OC[C@@H]1Cc1cc(C[C@@H]2CS(=O)(=O)C[C@H]([NH2+]Cc3cccc(C(C)C)c3)[C@H]2O)ccc1O
3qd3	mol2	ok	oc(OC(C)(C)C)N[C@H]1CN(c2nc(N)nc(c2)c2ccc3-[c]([nH2])[nH]Nc3c2)[C@@H](C)CC1	C[C@H]1CC[C@@H](N[C]([O-])OC(C)(C)C)CN1c1cc(-c2ccc3c(=[NH2+])[nH][nH]c3c2)nc(N)n1
3qd4	mol2	ok	oc(OC(C)(C)C)N[C@H]1CN(C[C@H](C)C1)c1nc(N)nc(c1)c1ccc2-[c]([nH2])[nH]Nc2c1	C[C@@H]1C[C@@H](N[C]([O-])OC(C)(C)C)CN(c2cc(-c3ccc4c(=[NH2+])[nH][nH]c4c3)nc(N)n2)C1
3qn7	mol2	ok	[NH3+][C@H](C(=O)N[C@@H]1C(=O)N[C@H](C(=O)N[C@H](C(=O)N[C@H](C(=O)N[C@H](C(=O)N[C@H](C(=O)N[C@H](C(=O)N[C@@H]2C(=O)N[C@H](C(=O)NCC(=O)N[C@H](C(=O)NCC(=O)N[C@H](C(=O)N[C@H](C(=O)N[C@H](C(=O)[O-])CSCc3cc(cc(c3)CSC1)CSC2)C)CO)CCC[nH][c]([nH2])[nH2])CCC[nH][c]([nH2])[nH2])CC(=O)[O-])C(C)C)CCC(=O)[O-])Cc1ccc(cc1)O)CCC[nH][c]([nH2])[nH2])CO)C	CC(C)[C@@H]1NC(=O)[C@H](CCC(=O)[O-])NC(=O)[C@H](Cc2ccc(O)cc2)NC(=O)[C@H](CCCNC(N)=[NH2+])NC(=O)[C@H](CO)NC(=O)[C@@H](NC(=O)[C@H](C)[NH3+])CSCc2cc3cc(c2)CSC[C@H](NC(=O)[C@H](CC(=O)[O-])NC1=O)C(=O)N[C@@H](CCCNC(N)=[NH2+])C(=O)NCC(=O)N[C@@H](CCCNC(N)=[NH2+])C(=O)NCC(=O)N[C@@H](CO)C(=O)N[C@@H](C)C(=O)N[C@H](C(=O)[O-])CSC3
3qo9	mol2	ok	C1(=O)NC(=O)N(C=C1C)[C@@H]1O[C@@H]([C@@]2(Os([o])([o])C=C2N)[C@H]1O[Si](C(C)(C)C)(C)C)CO[Si](C(C)(C)C)(C)C	Cc1cn([C@@H]2O[C@H](CO[Si](C)(C)C(C)(C)C)[C@@]3(O[S@+](=O)([O-])C=C3N)[C@H]2O[Si](C)(C)C(C)(C)C)c(=O)[nH]c1=O
3qvv	mol2	ok	oc1Oc2cc(O)ccc2C=C1C#N	N#CC1=Cc2ccc(O)cc2O[C]1[O-]
3qzq	mol2	mismatch_inchikey	Fc1ccc(cc1)C[C@H](CC(=O)[C@@H](NC(=O)C1=NOC(=C1)C)C(C)C)C(=O)N[C@H](/C=C\c(o)OCC)C[C@@H]1CCNC1=O	
3rqw	mol2	ok	oc(OCC[N+](C)(C)C)C	C[C]([O-])OCC[N+](C)(C)C
3rsr	mol2	ok	p([o])([o])(o)op([o])(o)op([o])(o)OC[C@H]1O[C@@H](N2C=Cc3cc(N(=O)=O)ccc23)C[C@@H]1O	O=[N+]([O-])c1ccc2c(ccn2[C@H]2C[C@H](O)[C@@H](CO[P@@+](=O)([O-]):[O-][P@@+](=O)([O-]):[O-]P(=O)([O-])[O-])O2)c1
3rt4	mol2	ok	p([o])([o])(o)O[C@H]1O[C@H](CO)[C@@H](O)[C@H](Oc(o)C[C@H](O)CCCCCCCCCCC)[C@H]1NC(=O)C[C@H](O)CCCCCCCCCCC	CCCCCCCCCCC[C@@H](O)C[C]([O-])O[C@H]1[C@H](O)[C@@H](CO)O[C@H](OP(=O)([O-])[O-])[C@@H]1NC(=O)C[C@H](O)CCCCCCCCCCC
3rum	mol2	ok	O=C1[C@H]([NH3+])c2cc(c(O)cc2)Oc2cc(cc(O)c2C)[C@@H]2NC(=O)[C@H](N1)[C@H](O)c1ccc(Oc3cc4cc(c3O[C@@H]3O[C@H](CO[C@@H]5O[C@@H](C)[C@H](O)[C@@H](O)[C@H]5O)[C@@H](O)[C@H](O)[C@H]3O[C@H]3O[C@H](CO)[C@@H](O)[C@H](O)[C@@H]3O[C@H]3O[C@H](CO)[C@@H](O)[C@@H]3O)Oc3ccc(cc3)[C@@H](O[C@@H]3O[C@@H](C)[C@H](O)[C@H]([NH3+])C3)[C@@H]3NC(=O)[C@H](NC(=O)[C@@H]4NC2=O)c2cc(-c4c(O[C@H]5O[C@H](CO)[C@@H](O)[C@H](O)[C@@H]5O)cc(O)cc4[C@H](NC3=O)c(o)OC)c(O)cc2)cc1	CO[C]([O-])[C@H]1NC(=O)[C@H]2NC(=O)[C@H](NC(=O)[C@@H]3NC(=O)[C@H]4NC(=O)[C@H](NC(=O)[C@H]([NH3+])c5ccc(O)c(c5)Oc5cc4cc(O)c5C)[C@H](O)c4ccc(cc4)Oc4cc3cc(c4O[C@@H]3O[C@H](CO[C@@H]4O[C@@H](C)[C@H](O)[C@@H](O)[C@H]4O)[C@@H](O)[C@H](O)[C@H]3O[C@H]3O[C@H](CO)[C@@H](O)[C@H](O)[C@@H]3O[C@H]3O[C@H](CO)[C@@H](O)[C@@H]3O)Oc3ccc(cc3)[C@H]2O[C@H]2C[C@@H]([NH3+])[C@@H](O)[C@H](C)O2)c2ccc(O)c(c2)-c2c(O[C@H]3O[C@H](CO)[C@@H](O)[C@H](O)[C@@H]3O)cc(O)cc21
3s1y	mol2	ok	s([o])([o])([o])N[C@@H]1CCN(C(=O)N[C@@H]2CC[N@@+](CC[NH3+])CCC2)[C@@H]1C(=O)[O-]	[NH3+]CC[N+]1CCC[C@H](NC(=O)N2CC[C@@H](NS(=O)(=O)[O-])[C@H]2C(=O)[O-])CC1
3s43	mol2	ok	S(=O)(=O)(N(C[C@@H](O)[C@@H](Nc(o)O[C@@H]1COCC1)Cc1ccccc1)CC(C)C)c1ccc(N)cc1	CC(C)CN(C[C@@H](O)[C@H](Cc1ccccc1)N[C]([O-])O[C@H]1CCOC1)S(=O)(=O)c1ccc(N)cc1
3s45	mol2	ok	S(=O)(=O)(N(C[C@@H](O)[C@@H](Nc(o)O[C@@H]1COCC1)Cc1ccccc1)CC(C)C)c1ccc(N)cc1	CC(C)CN(C[C@@H](O)[C@H](Cc1ccccc1)N[C]([O-])O[C@H]1CCOC1)S(=O)(=O)c1ccc(N)cc1
3s53	mol2	ok	S(=O)(=O)(N(C[C@@H](O)[C@@H](Nc(o)O[C@H]1CO[C@H]2OCC[C@@H]12)Cc1ccccc1)CC(C)C)c1ccc(N)cc1	CC(C)CN(C[C@@H](O)[C@H](Cc1ccccc1)N[C]([O-])O[C@H]1CO[C@H]2OCC[C@H]21)S(=O)(=O)c1ccc(N)cc1
3s54	mol2	ok	S(=O)(=O)(N(C[C@@H](O)[C@@H](Nc(o)O[C@H]1CO[C@H]2OCC[C@@H]12)Cc1ccccc1)CC(C)C)c1ccc(N)cc1	CC(C)CN(C[C@@H](O)[C@H](Cc1ccccc1)N[C]([O-])O[C@H]1CO[C@H]2OCC[C@H]21)S(=O)(=O)c1ccc(N)cc1
3s6t	mol2	ok	OC[C@H]1O/C(=N\Oc(o)Nc2ccccc2)/[C@H](NC(=O)C)[C@@H](O)[C@@H]1O	CC(=O)N[C@H]1/C(=N/O[C]([O-])Nc2ccccc2)O[C@H](CO)[C@@H](O)[C@@H]1O
3sh1	mol2	ok	oc(OC[C@@]12C[N@H+](CC)[C@@H]3[C@]4(O)[C@@H](OC)[C@H]2[C@@]3([C@@H](OC)CC1)[C@@H]1C[C@@H]2[C@@H](OC)C[C@@]4(O)[C@H]1[C@H]2OC)c1ccccc1N1C(=O)C[C@H](C)C1=O	CC[N@H+]1C[C@]2(CO[C]([O-])c3ccccc3N3C(=O)C[C@H](C)C3=O)CC[C@H](OC)[C@@]34[C@@H]5C[C@H]6[C@H](OC)[C@@H]5[C@](O)(C[C@@H]6OC)[C@@](O)([C@@H](OC)[C@H]23)[C@@H]14
3sio	mol2	ok	oc(OC[C@@]12C[N@H+](CC)[C@@H]3[C@]4(O)[C@@H](OC)[C@H]2[C@@]3([C@@H](OC)CC1)[C@@H]1C[C@@H]2[C@@H](OC)C[C@@]4(O)[C@H]1[C@H]2OC)c1ccccc1N1C(=O)C[C@H](C)C1=O	CC[N@H+]1C[C@]2(CO[C]([O-])c3ccccc3N3C(=O)C[C@H](C)C3=O)CC[C@H](OC)[C@@]34[C@@H]5C[C@H]6[C@H](OC)[C@@H]5[C@](O)(C[C@@H]6OC)[C@@](O)([C@@H](OC)[C@H]23)[C@@H]14
3sji	mol2	mismatch_inchikey	Fc1ccc(cc1)C[C@H](CC(=O)[C@@H](NC(=O)C1=NOC(=C1)C)C(C)C)C(=O)N[C@H](/C=C\c(o)OCC)C[C@@H]1CCNC1=O	
3sjo	mol2	ok	C(=O)(C[C@@H](Cc1ccc(cc1)F)C(=O)N[C@@H](C[C@H]1[C@H]([NH2+]CC1)O)CCc(OCC)o)[C@@H](NC(=O)C1=NOC(=C1)C)C(C)C	CCO[C]([O-])CC[C@H](C[C@@H]1CC[NH2+][C@@H]1O)NC(=O)[C@@H](CC(=O)[C@@H](NC(=O)c1cc(C)on1)C(C)C)Cc1ccc(F)cc1
3sl4	mol2	ok	S1C(=C(c(o)OCC)C2=C1CN(CC2)C(=O)NCC)NC(=O)Cc1ccccc1	CCNC(=O)N1CCc2c(sc(NC(=O)Cc3ccccc3)c2[C]([O-])OCC)C1
3sl5	mol2	ok	S1C=CC=C1CC(=O)NC1=C(c(o)OCC)C2=C(S1)CN(CC2)c(o)OCC	CCO[C]([O-])c1c(NC(=O)Cc2cccs2)sc2c1CCN([C]([O-])OCC)C2
3sl8	mol2	ok	S1C=CC=C1CC(=O)NC1=C(c(o)OC2CCCC2)C2=C(S1)CN(CC2)c(o)OCC	CCO[C]([O-])N1CCc2c(sc(NC(=O)Cc3cccs3)c2[C]([O-])OC2CCCC2)C1
3slz	mol2	ok	oc(OCc1ccccc1)N[C@@H](C)C(=O)N[C@H](C(=O)N[C@@H](Cc1ccccc1)[C@@H](O)[C@H](O)[C@@H](NC(=O)[C@@H](NC(=O)[C@@H](Nc(o)OCc1ccccc1)C)C(C)C)Cc1ccccc1)C(C)C	CC(C)[C@H](NC(=O)[C@H](C)N[C]([O-])OCc1ccccc1)C(=O)N[C@@H](Cc1ccccc1)[C@@H](O)[C@H](O)[C@H](Cc1ccccc1)NC(=O)[C@@H](NC(=O)[C@H](C)N[C]([O-])OCc1ccccc1)C(C)C
3sm2	mol2	ok	S(=O)(=O)(N(C[C@@H](O)[C@@H](Nc(o)O[C@@H]1COCC1)Cc1ccccc1)CC(C)C)c1ccc(N)cc1	CC(C)CN(C[C@@H](O)[C@H](Cc1ccccc1)N[C]([O-])O[C@H]1CCOC1)S(=O)(=O)c1ccc(N)cc1
3so9	mol2	ok	S(=O)(=O)(N(C[C@@H](O)[C@@H](Nc(o)O[C@H]1CO[C@H]2OCC[C@@H]12)Cc1ccccc1)CC(C)C)c1ccc(N)cc1	CC(C)CN(C[C@@H](O)[C@H](Cc1ccccc1)N[C]([O-])O[C@H]1CO[C@H]2OCC[C@H]21)S(=O)(=O)c1ccc(N)cc1
3spk	mol2	ok	O1c(C(=C(C[C@@]1(CCC)CCc1ccccc1)O)[C@H](CC)c1cccc(NS(=O)(=O)c2ncc(cc2)C(F)(F)F)c1)o	CCC[C@@]1(CCc2ccccc2)CC(O)=C([C@H](CC)c2cccc(NS(=O)(=O)c3ccc(C(F)(F)F)cn3)c2)[C]([O-])O1
3src	mol2	ok	Brc1ccc2OCC3=NOc(o)N3c2c1	[O-][C]1ON=C2COc3ccc(Br)cc3N12
3st5	mol2	ok	S(=O)(=O)(N(C[C@@H](O)[C@@H](Nc(o)O[C@H]1C[C@H]2OC[C@H](O)[C@H]2C1)Cc1ccccc1)CC(C)C)c1ccc(OC)cc1	COc1ccc(S(=O)(=O)N(CC(C)C)C[C@@H](O)[C@H](Cc2ccccc2)N[C]([O-])O[C@@H]2C[C@@H]3[C@@H](O)CO[C@@H]3C2)cc1
3su0	mol2	ok	C1[C@]2(NC(=O)[C@H]3N(C(=O)[C@@H](Nc(OC(C)(C)C)o)CCCCC/C=C\[C@H]12)C[C@H](Oc(N1C=c2cccc(F)c2=C1)o)C3)C(=O)NS(=O)(=O)C1CC1	CC(C)(C)O[C]([O-])N[C@H]1CCCCC/C=C\[C@@H]2C[C@@]2(C(=O)NS(=O)(=O)C2CC2)NC(=O)[C@@H]2C[C@@H](O[C]([O-])n3cc4cccc(F)c4c3)CN2C1=O
3su1	mol2	ok	C1[C@]2(NC(=O)[C@H]3N(C(=O)[C@@H](Nc(OC(C)(C)C)o)CCCCC/C=C\[C@H]12)C[C@H](Oc(N1C=c2cccc(F)c2=C1)o)C3)C(=O)NS(=O)(=O)C1CC1	CC(C)(C)O[C]([O-])N[C@H]1CCCCC/C=C\[C@@H]2C[C@@]2(C(=O)NS(=O)(=O)C2CC2)NC(=O)[C@@H]2C[C@@H](O[C]([O-])n3cc4cccc(F)c4c3)CN2C1=O
3su2	mol2	ok	C1[C@]2(NC(=O)[C@H]3N(C(=O)[C@@H](Nc(OC(C)(C)C)o)CCCCC/C=C\[C@H]12)C[C@H](Oc(N1C=c2cccc(F)c2=C1)o)C3)C(=O)NS(=O)(=O)C1CC1	CC(C)(C)O[C]([O-])N[C@H]1CCCCC/C=C\[C@@H]2C[C@@]2(C(=O)NS(=O)(=O)C2CC2)NC(=O)[C@@H]2C[C@@H](O[C]([O-])n3cc4cccc(F)c4c3)CN2C1=O
3su3	mol2	ok	C(=O)([C@H]1N2C(=O)[C@@H](Nc(OCC(CCCCc3c4=CN(c(o)O[C@H](C1)C2)C=c4ccc3)(C)C)o)C(C)(C)C)N[C@@]1(C(=O)NS(=O)(=O)C2CC2)[C@H](CC)C1	CC[C@@H]1C[C@]1(NC(=O)[C@@H]1C[C@@H]2CN1C(=O)[C@H](C(C)(C)C)N[C]([O-])OCC(C)(C)CCCCc1cccc3cn(cc13)[C]([O-])O2)C(=O)NS(=O)(=O)C1CC1
3su4	mol2	ok	C(=O)([C@H]1N2C(=O)[C@@H](Nc(OCC(CCCCc3c4=CN(c(o)O[C@H](C1)C2)C=c4ccc3)(C)C)o)C(C)(C)C)N[C@@]1(C(=O)NS(=O)(=O)C2CC2)[C@H](CC)C1	CC[C@@H]1C[C@]1(NC(=O)[C@@H]1C[C@@H]2CN1C(=O)[C@H](C(C)(C)C)N[C]([O-])OCC(C)(C)CCCCc1cccc3cn(cc13)[C]([O-])O2)C(=O)NS(=O)(=O)C1CC1
3su5	mol2	ok	C(=O)([C@H]1N2C(=O)[C@@H](Nc(OCC(CCCCc3c4=CN(c(o)O[C@H](C1)C2)C=c4ccc3)(C)C)o)C(C)(C)C)N[C@@]1(C(=O)NS(=O)(=O)C2CC2)[C@H](CC)C1	CC[C@@H]1C[C@]1(NC(=O)[C@@H]1C[C@@H]2CN1C(=O)[C@H](C(C)(C)C)N[C]([O-])OCC(C)(C)CCCCc1cccc3cn(cc13)[C]([O-])O2)C(=O)NS(=O)(=O)C1CC1
3su6	mol2	ok	C(=O)([C@H]1N2C(=O)[C@@H](Nc(OCC(CCCCc3c4c(CN(c(o)O[C@H](C1)C2)C4)ccc3)(C)C)o)C(C)(C)C)N[C@@]1(C(=O)NS(=O)(=O)C2CC2)[C@H](CC)C1	CC[C@@H]1C[C@]1(NC(=O)[C@@H]1C[C@@H]2CN1C(=O)[C@H](C(C)(C)C)N[C]([O-])OCC(C)(C)CCCCc1cccc3c1CN(C3)[C]([O-])O2)C(=O)NS(=O)(=O)C1CC1
3sud	mol2	ok	C1(=O)[C@@H](Nc(o)O[C@@H]2C[C@H]2CCCCCc2c(nc3cc(ccc3n2)OC)O[C@@H]2C[C@@H](C(=O)N[C@]3([C@H](CC)C3)C(=O)NS(=O)(=O)C3CC3)N1C2)C(C)(C)C	CC[C@@H]1C[C@]1(NC(=O)[C@@H]1C[C@@H]2CN1C(=O)[C@H](C(C)(C)C)N[C]([O-])O[C@@H]1C[C@H]1CCCCCc1nc3ccc(OC)cc3nc1O2)C(=O)NS(=O)(=O)C1CC1
3sue	mol2	ok	C1(=O)[C@@H](Nc(o)O[C@@H]2C[C@H]2CCCCCc2c(nc3cc(ccc3n2)OC)O[C@@H]2C[C@@H](C(=O)N[C@]3([C@H](CC)C3)C(=O)NS(=O)(=O)C3CC3)N1C2)C(C)(C)C	CC[C@@H]1C[C@]1(NC(=O)[C@@H]1C[C@@H]2CN1C(=O)[C@H](C(C)(C)C)N[C]([O-])O[C@@H]1C[C@H]1CCCCCc1nc3ccc(OC)cc3nc1O2)C(=O)NS(=O)(=O)C1CC1
3suf	mol2	ok	C1(=O)[C@@H](Nc(o)O[C@@H]2C[C@H]2CCCCCc2c(nc3cc(ccc3n2)OC)O[C@@H]2C[C@@H](C(=O)N[C@]3([C@H](CC)C3)C(=O)NS(=O)(=O)C3CC3)N1C2)C(C)(C)C	CC[C@@H]1C[C@]1(NC(=O)[C@@H]1C[C@@H]2CN1C(=O)[C@H](C(C)(C)C)N[C]([O-])O[C@@H]1C[C@H]1CCCCCc1nc3ccc(OC)cc3nc1O2)C(=O)NS(=O)(=O)C1CC1
3sug	mol2	ok	C1(=O)[C@@H](Nc(o)O[C@@H]2C[C@H]2CCCCCc2c(nc3cc(ccc3n2)OC)O[C@@H]2C[C@@H](C(=O)N[C@]3([C@H](CC)C3)C(=O)NS(=O)(=O)C3CC3)N1C2)C(C)(C)C	CC[C@@H]1C[C@]1(NC(=O)[C@@H]1C[C@@H]2CN1C(=O)[C@H](C(C)(C)C)N[C]([O-])O[C@@H]1C[C@H]1CCCCCc1nc3ccc(OC)cc3nc1O2)C(=O)NS(=O)(=O)C1CC1
3sut	mol2	ok	OC[C@H]1O[C@H]([NH2+]Oc(o)Nc2ccccc2)[C@H](NC(=O)C)[C@@H](O)[C@@H]1O	CC(=O)N[C@@H]1[C@@H](O)[C@H](O)[C@@H](CO)O[C@@H]1[NH2+]O[C]([O-])Nc1ccccc1
3suu	mol2	ok	OC[C@H]1O[C@H]([NH2+]Oc(o)Nc2ccccc2)[C@H](NC(=O)C)[C@@H](O)[C@H]1O	CC(=O)N[C@@H]1[C@@H](O)[C@@H](O)[C@@H](CO)O[C@@H]1[NH2+]O[C]([O-])Nc1ccccc1
3t09	mol2	ok	OC[C@H]1Oc(o)[C@H](O)[C@@H](O)[C@H]1O	[O-][C]1O[C@H](CO)[C@H](O)[C@H](O)[C@H]1O
3t0d	mol2	ok	OC[C@H]1Oc(o)[C@H](O)[C@@H](O)[C@H]1O	[O-][C]1O[C@H](CO)[C@H](O)[C@H](O)[C@H]1O
3t0l	mol2	ok	p([o])([o])(o)c1ccccc1OCC(=O)Nc1ccccc1C(F)(F)F	O=C(COc1ccccc1P(=O)([O-])[O-])Nc1ccccc1C(F)(F)F
3t0m	mol2	ok	p([o])([o])(o)c1ccccc1OCC(=O)Nc1cc(OC)ccc1OC	COc1ccc(OC)c(NC(=O)COc2ccccc2P(=O)([O-])[O-])c1
3t1l	mol2	ok	OC[C@H]1O[C@@H](OC)[C@@H](Oc(o)C)[C@@H](Oc(o)c2ccc(C)cc2)[C@H]1O	CO[C@@H]1O[C@H](CO)[C@H](O)[C@H](O[C]([O-])c2ccc(C)cc2)[C@@H]1O[C](C)[O-]
3t1m	mol2	ok	OC[C@H]1O[C@@H](OC)[C@@H](Oc(o)c2ccc(C)cc2)[C@@H](NC(=O)c2ccc(C)cc2)[C@H]1O	CO[C@@H]1O[C@H](CO)[C@H](O)[C@H](NC(=O)c2ccc(C)cc2)[C@@H]1O[C]([O-])c1ccc(C)cc1
3t2q	mol2	ok	OC[C@H]1Oc(o)[C@H](O)[C@@H](O)[C@H]1O	[O-][C]1O[C@H](CO)[C@H](O)[C@H](O)[C@H]1O
3t3c	mol2	ok	S(=O)(=O)(N(C[C@@H](O)[C@@H](Nc(o)O[C@H]1CO[C@H]2OCC[C@@H]12)Cc1ccccc1)CC(C)C)c1ccc(N)cc1	CC(C)CN(C[C@@H](O)[C@H](Cc1ccccc1)N[C]([O-])O[C@H]1CO[C@H]2OCC[C@H]21)S(=O)(=O)c1ccc(N)cc1
3t6y	mol2	ok	N1(C(=O)NC(=O)C=C1)[C@H]1C[C@@H]([C@H](O1)C[NH2+][C@@H](c1ccccc1)C1=[NH]C=CN1C)O	Cn1cc[nH+]c1[C@@H]([NH2+]C[C@H]1O[C@@H](n2ccc(=O)[nH]c2=O)C[C@@H]1O)c1ccccc1
3t82	mol2	ok	s([o])([o])(OC[C@H]1O[C@H](O)[C@H](O)[C@@H](Oc(o)C)[C@@H]1Oc(o)C)N	C[C]([O-])O[C@@H]1[C@@H](O)[C@@H](O)O[C@H](CO[S@+](N)(=O)[O-])[C@H]1O[C](C)[O-]
3t83	mol2	ok	s([o])([o])(OC[C@H]1O[C@H](O)[C@H](Oc(o)CC)[C@@H](Oc(o)CC)[C@@H]1Oc(o)CC)N	CC[C]([O-])O[C@@H]1[C@@H](O[C]([O-])CC)[C@@H](O)O[C@H](CO[S@@+](N)(=O)[O-])[C@H]1O[C]([O-])CC
3t84	mol2	ok	s([o])([o])(OC[C@H]1O[C@H](O)[C@H](O)[C@@H](O)[C@H]1Oc(o)C)N	C[C]([O-])O[C@@H]1[C@H](O)[C@@H](O)[C@@H](O)O[C@@H]1CO[S@@+](N)(=O)[O-]
3t85	mol2	ok	s([o])([o])(OC[C@H]1O[C@H](O)[C@@H](O)[C@@H](Oc(o)C)[C@@H]1Oc(o)C)N	C[C]([O-])O[C@@H]1[C@H](O)[C@@H](O)O[C@H](CO[S@@+](N)(=O)[O-])[C@H]1O[C](C)[O-]
3tdc	mol2	ok	S1C(=C(C(=O)N2CC[C@H]([N@H+]3CCC[C@@]4(C3)CC(Oc4o)(C)C)CC2)c2ccccc12)NC(=O)NCC	CCNC(=O)Nc1sc2ccccc2c1C(=O)N1CCC([N@H+]2CCC[C@@]3(C2)CC(C)(C)O[C]3[O-])CC1
3te5	mol2	ok	p([o])(o)(OC[C@H]1O[C@H]([C@@H]([C@@H]1O)O)N1C=Nc2c(N)ncnc12)Op([o])(o)OC[C@H]1O[C@H]([C@@H]([C@@H]1O)O)n1[cH]c(C(=O)N)cc[c]1	NC(=O)c1cc[c][n+]([C@@H]2O[C@H](CO[P@@](=O)([O-])O[P@@](=O)([O-])OC[C@H]3O[C@@H](n4cnc5c(N)ncnc54)[C@H](O)[C@@H]3O)[C@@H](O)[C@H]2O)c1
3tg5	mol2	ok	O=C([C@@H]([NH2+])CC1=CNC=[NH]1)N[C@H](C(=O)N[C@H](C(=O)N[C@H](C(=O)N[C@H](C(=O)N[C@H](C(=O)NCC(=O)N[C@@H](CCC(=O)N)C(=O)[O-])CCCC[NH3+])CCCC[NH3+])CO)CCCC[NH3+])CC(C)C	CC(C)C[C@H](NC(=O)[C@@H]([NH2+])Cc1c[nH]c[nH+]1)C(=O)N[C@@H](CCCC[NH3+])C(=O)N[C@@H](CO)C(=O)N[C@@H](CCCC[NH3+])C(=O)N[C@@H](CCCC[NH3+])C(=O)NCC(=O)N[C@@H](CCC(N)=O)C(=O)[O-]
3th9	mol2	ok	S1(=O)(=O)N(C[C@@H](O)[C@@H](Nc(o)OC(C)(C)C)Cc2ccccc2)C[C@@H](C)Cc2cc(F)ccc12	C[C@H]1Cc2cc(F)ccc2S(=O)(=O)N(C[C@@H](O)[C@H](Cc2ccccc2)N[C]([O-])OC(C)(C)C)C1
3ti4	mol2	ok	[C@H]1(C[C@@H]([C@H]([C@@H](O1)[C@@H]([C@@H](COco)O)OC)NC(=O)C)[nH][c]([nH2])[nH2])C(=O)[O-]	CO[C@@H]([C@@H]1O[C@H](C(=O)[O-])C[C@H](NC(N)=[NH2+])[C@H]1NC(C)=O)[C@H](O)CO[CH][O-]
3tib	mol2	ok	ocOC[C@@H](O)[C@@H](OC)[C@@H]1O[C@H](C[C@H]([nH][c]([nH2])[nH2])[C@H]1NC(=O)C)C(=O)[O-]	CO[C@@H]([C@@H]1O[C@@H](C(=O)[O-])C[C@H](NC(N)=[NH2+])[C@H]1NC(C)=O)[C@H](O)CO[CH][O-]
3tkw	mol2	ok	S(=O)(=O)(N(C[C@@H](O)[C@@H](Nc(o)O[C@H]1CO[C@H]2OCC[C@@H]12)Cc1ccccc1)CC(C)C)c1ccc(N)cc1	CC(C)CN(C[C@@H](O)[C@H](Cc1ccccc1)N[C]([O-])O[C@H]1CO[C@H]2OCC[C@H]21)S(=O)(=O)c1ccc(N)cc1
3tlh	mol2	ok	OC[C@@H](NC(=O)[C@@H](NC(=O)[C@@H](Nc(o)OCc1ccccc1)C)C(C)C)Cc1ccccc1	CC(C)[C@H](NC(=O)[C@H](C)N[C]([O-])OCc1ccccc1)C(=O)N[C@H](CO)Cc1ccccc1
3tne	mol2	ok	S1C=NC=C1COc(o)N[C@@H](Cc1ccccc1)[C@@H](O)C[C@@H](NC(=O)[C@@H](NC(=O)N(C)CC1=CSC(=N1)C(C)C)C(C)C)Cc1ccccc1	CC(C)c1nc(CN(C)C(=O)N[C@H](C(=O)N[C@@H](Cc2ccccc2)C[C@H](O)[C@H](Cc2ccccc2)N[C]([O-])OCc2cncs2)C(C)C)cs1
3ttp	mol2	ok	S(=O)(=O)(N(C[C@@H](O)[C@@H](Nc(o)O[C@H]1CO[C@H]2OCC[C@@H]12)Cc1ccccc1)CC(C)C)c1ccc(N)cc1	CC(C)CN(C[C@@H](O)[C@H](Cc1ccccc1)N[C]([O-])O[C@H]1CO[C@H]2OCC[C@H]21)S(=O)(=O)c1ccc(N)cc1
3ty0	mol2	ok	c1ccc2c(c1)N(C1=NOc3cc(ccc13)OC)C(=O)N2Cc1cccc(c1)[C@@]1(C(=O)[N]c(o)O1)C	COc1ccc2c(-n3c(=O)n(Cc4cccc([C@@]5(C)O[C]([O-])[N-]C5=O)c4)c4ccccc43)noc2c1
3u0p	mol2	ok	p([o])(o)(OCC[N+](C)(C)C)OC[C@H](O)COc(o)CCCCCCC/C=C/CCCCCCCC	CCCCCCCC/C=C/CCCCCCC[C]([O-])OC[C@@H](O)CO[P@@](=O)([O-])OCC[N+](C)(C)C
3u2q	mol2	ok	c12C3=NC(=CS3)C(=O)N[C@H](C3=NC(=C(S3)C)C(=O)N[C@H](C3=NC(=C(S3)COC)C(=O)NCC(=O)N[C@H](C3=NC(=CS3)C3=NC(=CS3)c2nc(C2=NC(=CS2)N(c(o)O[C@H]2CC[C@@H](CC2)C(=O)[O-])CCCCC(=O)[O-])cc1)[C@@H](O)c1ccccc1)C(C)C)CC(=O)NC	CNC(=O)C[C@@H]1NC(=O)c2csc(n2)-c2ccc(-c3nc(N(CCCCC(=O)[O-])[C]([O-])O[C@H]4CC[C@H](C(=O)[O-])CC4)cs3)nc2-c2csc(n2)-c2csc(n2)[C@H]([C@@H](O)c2ccccc2)NC(=O)CNC(=O)c2nc(sc2COC)[C@H](C(C)C)NC(=O)c2nc1sc2C
3u7s	mol2	ok	S(=O)(=O)(N(C[C@@H](O)[C@@H](Nc(o)O[C@H]1CO[C@H]2OCC[C@@H]12)Cc1ccccc1)CC(C)C)c1ccc(N)cc1	CC(C)CN(C[C@@H](O)[C@H](Cc1ccccc1)N[C]([O-])O[C@H]1CO[C@H]2OCC[C@H]21)S(=O)(=O)c1ccc(N)cc1
3u8d	mol2	ok	p([o])([o])(o)CCCOc1ccc2N(Cc3ccccc3)C(=C(CC(=O)N)c2c1)CC	CCc1c(CC(N)=O)c2cc(OCCCP(=O)([O-])[O-])ccc2n1Cc1ccccc1
3ubd	mol2	ok	oc(O[C@H]1[C@@H](O[C@@H](OC2=C(Oc3cc(O)cc(O)c3C2=O)c2ccc(O)cc2)[C@H](O)[C@@H]1Oc(o)C)C)C	C[C]([O-])O[C@@H]1[C@@H](O[C](C)[O-])[C@@H](O)[C@H](Oc2c(-c3ccc(O)cc3)oc3cc(O)cc(O)c3c2=O)O[C@H]1C
3udj	mol2	ok	oc(OC)[C@@H]1[NH2+]C[C@@]2(C1)C(=O)Nc1ccccc21	CO[C]([O-])[C@H]1C[C@]2(C[NH2+]1)C(=O)Nc1ccccc12
3udk	mol2	ok	oc(OC1CCOCC1)[C@@H]1[NH2+]C[C@@]2(C1)C(=O)Nc1ccccc21	O=C1Nc2ccccc2[C@@]12C[NH2+][C@@H]([C]([O-])OC1CCOCC1)C2
3udm	mol2	ok	oc(OCc1ccccc1)[C@@H]1[NH2+]C[C@@]2(C1)C(=O)Nc1ccccc21	O=C1Nc2ccccc2[C@@]12C[NH2+][C@@H]([C]([O-])OCc1ccccc1)C2
3udn	mol2	ok	oc(OCc1ccc(C#N)cc1)[C@@H]1[NH2+]C[C@@]2(C1)C(=O)Nc1ccccc21	N#Cc1ccc(CO[C]([O-])[C@H]2C[C@]3(C[NH2+]2)C(=O)Nc2ccccc23)cc1
3udp	mol2	ok	Brc1ccc2SCC[C@H](Oc(o)[C@@H]3[NH2+]C[C@@]4(C3)C(=O)Nc3ccccc43)c2c1	O=C1Nc2ccccc2[C@@]12C[NH2+][C@@H]([C]([O-])O[C@H]1CCSc3ccc(Br)cc31)C2
3udq	mol2	ok	Brc1ccc2S(=O)(=O)CC[C@H](Oc(o)[C@@H]3[NH2+]C[C@@]4(C3)C(=O)Nc3ccccc43)c2c1	O=C1Nc2ccccc2[C@@]12C[NH2+][C@@H]([C]([O-])O[C@H]1CCS(=O)(=O)c3ccc(Br)cc31)C2
3udr	mol2	ok	oc(OC1(C#N)CCCCC1)[C@@H]1[NH2+]C[C@@]2(C1)C(=O)Nc1ccccc21	N#CC1(O[C]([O-])[C@H]2C[C@]3(C[NH2+]2)C(=O)Nc2ccccc23)CCCCC1
3upf	mol2	ok	s([o])([o])([o])c1cc(s([o])([o])[o])c2c(NC(=O)c3cccc(NC(=O)Nc4cccc(c4)[C@@]4(O)Os(-c5cc(s([o])([o])[o])cc6c(s([o])([o])[o])ccc(N4)c56)([o])[o])c3)ccc(s([o])([o])[o])c2c1	O=C(Nc1cccc(C(=O)Nc2ccc(S(=O)(=O)[O-])c3cc(S(=O)(=O)[O-])cc(S(=O)(=O)[O-])c23)c1)Nc1cccc([C@]2(O)Nc3ccc(S(=O)(=O)[O-])c4cc(S(=O)(=O)[O-])cc(c34)[S@+](=O)([O-])O2)c1
3uqp	mol2	ok	oc(OC(C)(C)C)N[C@H](C(=O)N(C)[C@H](C(=O)N[C@@H](Cc1ccccc1)[C@@H](O)CC(=O)N[C@H](C(=O)N[C@@H](C)C(=O)N(C)[C@@H](C(=O)N1CCC[C@@H]1c(o)OC)Cc1ccccc1)CC(C)C)CCC(=O)N)C(C)C	CO[C]([O-])[C@H]1CCCN1C(=O)[C@@H](Cc1ccccc1)N(C)C(=O)[C@H](C)NC(=O)[C@H](CC(C)C)NC(=O)C[C@H](O)[C@H](Cc1ccccc1)NC(=O)[C@H](CCC(N)=O)N(C)C(=O)[C@@H](N[C]([O-])OC(C)(C)C)C(C)C
3uqr	mol2	ok	N([C@H](C)c1ccccc1)C(=O)c1cc(N(S(=O)(=O)C)C)cc(C(=O)N[C@@H](Cc2ccccc2)[C@@H](O)CC(=O)N[C@H](C(=O)N[C@@H](C)C(=O)N(C)[C@@H](C(=O)N2CCC[C@H]2c(o)OC)Cc2ccccc2)CC(C)C)c1	CO[C]([O-])[C@@H]1CCCN1C(=O)[C@@H](Cc1ccccc1)N(C)C(=O)[C@H](C)NC(=O)[C@H](CC(C)C)NC(=O)C[C@H](O)[C@H](Cc1ccccc1)NC(=O)c1cc(C(=O)N[C@H](C)c2ccccc2)cc(N(C)S(C)(=O)=O)c1
3ur9	mol2	ok	OC[C@@H](NC(=O)[C@@H](Nc(o)OC)CC(C)C)C[C@@H]1CCNC1=O	CO[C]([O-])N[C@@H](CC(C)C)C(=O)N[C@H](CO)C[C@@H]1CCNC1=O
3v3q	mol2	ok	[o]/c(=C\c1c(OC)c(OC)c(OC)cc1C(=O)CCCCCCC)/OCC	CCCCCCCC(=O)c1cc(OC)c(OC)c(OC)c1/C=C(\[O-])OCC
3v7s	mol2	ok	S1C[C@@H]2NC(=O)N[C@@H]2[C@@H]1CCCCCC1=CN(N=N1)CCCCN1c(o)Oc2ccc(C)cc12	Cc1ccc2c(c1)N(CCCCn1cc(CCCCC[C@@H]3SC[C@@H]4NC(=O)N[C@@H]43)nn1)[C]([O-])O2
3vb4	mol2	ok	oc(OC(C)(C)C)N[C@@H](C)C(=O)N[C@H](C(=O)N[C@H](C(=O)N[C@H](C#N)CCC(=O)N)CC(C)C)C(C)C	CC(C)C[C@H](NC(=O)[C@@H](NC(=O)[C@H](C)N[C]([O-])OC(C)(C)C)C(C)C)C(=O)N[C@H](C#N)CCC(N)=O
3vb5	mol2	ok	oc(OCc1ccccc1)N[C@@H](C)C(=O)N[C@H](C(=O)N[C@H](C(=O)N[C@H](C#N)CCC(=O)N)CC(C)C)C(C)C	CC(C)C[C@H](NC(=O)[C@@H](NC(=O)[C@H](C)N[C]([O-])OCc1ccccc1)C(C)C)C(=O)N[C@H](C#N)CCC(N)=O
3vbx	mol2	ok	C1c(o)Oc2ccc(Br)cc2C1=O	O=C1C[C]([O-])Oc2ccc(Br)cc21
3vdb	mol2	ok	OC[C@H]1Oc(o)[C@H](O)[C@@H](O)[C@H]1O	[O-][C]1O[C@H](CO)[C@H](O)[C@H](O)[C@H]1O
3vf5	mol2	ok	S(=O)(=O)(N(C[C@@H](O)[C@@H](Nc(o)O[C@H]1C[C@H]2OCC[C@H]2C1)Cc1ccccc1)C[C@@H]1NC(=O)CC1)c1ccc(OC)cc1	COc1ccc(S(=O)(=O)N(C[C@H]2CCC(=O)N2)C[C@@H](O)[C@H](Cc2ccccc2)N[C]([O-])O[C@@H]2C[C@@H]3CCO[C@@H]3C2)cc1
3vf7	mol2	ok	S(=O)(=O)(N(C[C@@H](O)[C@@H](Nc(o)O[C@H]1C[C@H]2OCC[C@H]2C1)Cc1ccccc1)C[C@@H]1NC(=O)CC1)c1ccc(OC)cc1	COc1ccc(S(=O)(=O)N(C[C@H]2CCC(=O)N2)C[C@@H](O)[C@H](Cc2ccccc2)N[C]([O-])O[C@@H]2C[C@@H]3CCO[C@@H]3C2)cc1
3vfa	mol2	ok	S(=O)(=O)(N(C[C@@H](O)[C@@H](Nc(o)O[C@H]1C[C@H]2OCC[C@H]2C1)Cc1ccccc1)C[C@@H]1NC(=O)CC1)c1ccc(OC)cc1	COc1ccc(S(=O)(=O)N(C[C@H]2CCC(=O)N2)C[C@@H](O)[C@H](Cc2ccccc2)N[C]([O-])O[C@@H]2C[C@@H]3CCO[C@@H]3C2)cc1
3vfb	mol2	ok	S(=O)(=O)(N(C[C@@H](O)[C@@H](Nc(o)O[C@H]1C[C@H]2OCC[C@H]2C1)Cc1ccccc1)C[C@@H]1NC(=O)CC1)c1ccc(OC)cc1	COc1ccc(S(=O)(=O)N(C[C@H]2CCC(=O)N2)C[C@@H](O)[C@H](Cc2ccccc2)N[C]([O-])O[C@@H]2C[C@@H]3CCO[C@@H]3C2)cc1
3vhu	mol2	ok	S(C(=O)C)[C@@H]1CC2=CC(=O)CC[C@]2(C)[C@H]2CC[C@@]3(C)[C@@H](CC[C@@]43Oc(o)CC4)[C@H]12	CC(=O)S[C@@H]1CC2=CC(=O)CC[C@]2(C)[C@H]2CC[C@@]3(C)[C@@H](CC[C@@]34CC[C]([O-])O4)[C@H]12
3vjc	mol2	ok	oc(O[C@H](C(=C)CC[C@]12O[C@H](C(=O)[O-])[C@@](O)(C(=O)[O-])[C@@](O1)(C(=O)[O-])[C@H](Oc(o)/C=C/[C@@H](C)C[C@@H](C)CC)[C@H]2O)[C@H](C)Cc1ccccc1)C	C=C(CC[C@]12O[C@H](C(=O)[O-])[C@@](O)(C(=O)[O-])[C@](C(=O)[O-])(O1)[C@H](O[C]([O-])/C=C/[C@@H](C)C[C@@H](C)CC)[C@H]2O)[C@@H](O[C](C)[O-])[C@H](C)Cc1ccccc1
3vje	mol2	ok	oc(O[C@H](C(=C)CC[C@]12O[C@H](C(=O)[O-])[C@@](O)(C(=O)[O-])[C@@](O1)(C(=O)[O-])[C@H](Oc(o)/C=C/[C@@H](C)C[C@@H](C)CC)[C@H]2O)[C@H](C)Cc1ccccc1)C	C=C(CC[C@]12O[C@H](C(=O)[O-])[C@@](O)(C(=O)[O-])[C@](C(=O)[O-])(O1)[C@H](O[C]([O-])/C=C/[C@@H](C)C[C@@H](C)CC)[C@H]2O)[C@@H](O[C](C)[O-])[C@H](C)Cc1ccccc1
3vvz	mol2	ok	c12c(cc(c(c1)NCC)C)C(c1c(O2)cc(c(c1)C)NCC)c1ccccc1c(o)OCC	CCNc1cc2c(cc1C)C(c1ccccc1[C]([O-])OCC)c1cc(C)c(NCC)cc1O2
3vw7	mol2	ok	Fc1cccc(c1)c1cnc(cc1)CC[C@H]1[C@@H]2CC[C@@H](Nc(o)OCC)C[C@H]2C[C@H]2c(o)O[C@H](C)[C@@H]12	CCO[C]([O-])N[C@@H]1CC[C@@H]2[C@@H](C1)C[C@H]1[C]([O-])O[C@H](C)[C@H]1[C@H]2CCc1ccc(-c2cccc(F)c2)cn1
3w55	mol2	ok	oc1-c2c(O)cc(OC)cc2/C=C/CC(=O)[C@H](O)C(=O)CCC[C@@H](O1)C	COc1cc(O)c2c(c1)/C=C/CC(=O)[C@H](O)C(=O)CCC[C@H](C)O[C]2[O-]
3w5t	mol2	ok	[O-]C(=O)CC[C@@H](C)[C@H]1CC[C@H]2[C@@H]3CC[C@@H]4C[C@H](Oc(o)CC)CC[C@]4(C)[C@H]3CC[C@]12C	CC[C]([O-])O[C@@H]1CC[C@@]2(C)[C@H](CC[C@@H]3[C@@H]2CC[C@]2(C)[C@@H]([C@H](C)CCC(=O)[O-])CC[C@@H]32)C1
3wch	mol2	ok	p([o])([o])(o)C(p([o])([o])o)(O)CN1C=[N](C=C1)CCCCCCCCCC	CCCCCCCCCC[n+]1ccn(CC(O)(P(=O)([O-])[O-])P(=O)([O-])[O-])c1
3wci	mol2	ok	p([o])([o])(o)C(p([o])([o])o)(O)CN1C=[N](C=C1)CCCCCCCCCCCCCCC	CCCCCCCCCCCCCCC[n+]1ccn(CC(O)(P(=O)([O-])[O-])P(=O)([O-])[O-])c1
3wcl	mol2	ok	p([o])([o])(o)C(p([o])([o])o)CN1C=[N](C=C1)CCCCCCCCCCCCCCC	CCCCCCCCCCCCCCC[n+]1ccn(CC(P(=O)([O-])[O-])P(=O)([O-])[O-])c1
3wf8	mol2	ok	S(=O)(=O)(N)c1ccc(NC(=O)COc(o)c2c3CCCCCc3nc3ccccc23)cc1	NS(=O)(=O)c1ccc(NC(=O)CO[C]([O-])c2c3c(nc4ccccc24)CCCCC3)cc1
3wf9	mol2	ok	S(=O)(=O)(N)c1ccc(NC(=O)[C@@H](Oc(o)c2c3ccccc3nc3CC[C@H](C)Cc23)C)cc1	C[C@H]1CCc2nc3ccccc3c([C]([O-])O[C@@H](C)C(=O)Nc3ccc(S(N)(=O)=O)cc3)c2C1
3wff	mol2	ok	Fc1ccc(c(F)c1)C1=C(COc1o)c1ccc2OCC(=O)Nc2c1	O=C1COc2ccc(C3=C(c4ccc(F)cc4F)[C]([O-])OC3)cc2N1
3wfg	mol2	ok	Fc1ccc(cc1)C1=C([C@@H](Oc1o)C)c1ccc2OCC(=O)Nc2c1	C[C@@H]1O[C]([O-])C(c2ccc(F)cc2)=C1c1ccc2c(c1)NC(=O)CO2
3wgg	mol2	ok	p([o])(o)(OC[C@H]1O[C@H]([C@@H]([C@@H]1O)O)N1C=Nc2c(N)ncnc12)Op([o])(o)OC[C@H]1O[C@@H]([C@@H]([C@@H]1O)O)N1C=C(C(=O)N)CC=C1	NC(=O)C1=CN([C@H]2O[C@H](CO[P@@](=O)([O-])O[P@@](=O)([O-])OC[C@H]3O[C@@H](n4cnc5c(N)ncnc54)[C@H](O)[C@@H]3O)[C@@H](O)[C@H]2O)C=CC1
3wig	mol2	ok	S(=O)(=O)(NC)/N=C/1\NC=CC(=C1F)CC1=C(C)c2ccc(Oc3ncccn3)cc2Oc1o	CNS(=O)(=O)/N=c1\[nH]ccc(CC2=C(C)c3ccc(Oc4ncccn4)cc3O[C]2[O-])c1F
3wzk	mol2	ok	O=C(NC1CC1)c1ccc(cc1)C1=CNc2n1[cH]cnc2NCC1=CC=CS1	O=C(NC1CC1)c1ccc(-c2c[nH]c3c(NCc4cccs4)ncc[n+]23)cc1
3wzu	mol2	ok	oc1-c2c(O)cc(OC)cc2/C=C/C[C@H](O)[C@H](O)C(=O)/C=C/C[C@@H](O1)C	COc1cc(O)c2c(c1)/C=C/C[C@H](O)[C@H](O)C(=O)/C=C/C[C@H](C)O[C]2[O-]
3x00	mol2	ok	S1C[C@@H]2[nH][c]([nH2])[nH][C@@H]2[C@@H]1CCCCC(=O)NCCCCCC(=O)NCCNC(=O)CCCCCNC(=O)CCCC[C@@H]1SC[C@@H]2[nH][c]([nH2])[nH][C@H]12	[NH2+]=C1N[C@H]2[C@H](CS[C@H]2CCCCC(=O)NCCCCCC(=O)NCCNC(=O)CCCCCNC(=O)CCCC[C@@H]2SC[C@@H]3NC(=[NH2+])N[C@@H]32)N1
3zdg	mol2	ok	oc(OCC[C@H]([NH+](C)C)C)N(C)C	C[C@H](CCO[C]([O-])N(C)C)[NH+](C)C
3zeb	mol2	ok	[O-]C(=O)c1cc(N)ccc1Cc(o)OCCc1ccccc1	Nc1ccc(C[C]([O-])OCCc2ccccc2)c(C(=O)[O-])c1
3zls	mol2	ok	oc(OC)C1=CNc2ncccc12	CO[C]([O-])c1c[nH]c2ncccc12
3zmh	mol2	ok	[O-]C(=O)C[C@@H](Nc(o)OC1CCCC1)c1ccccc1	O=C([O-])C[C@@H](N[C]([O-])OC1CCCC1)c1ccccc1
3zmi	mol2	ok	[O-]C(=O)C[C@@H](Nc(o)Oc1ccccc1)c1ccccc1	O=C([O-])C[C@@H](N[C]([O-])Oc1ccccc1)c1ccccc1
3zmj	mol2	ok	[O-]C(=O)C[C@@H](Nc(o)OCC(C)C)c1ccccc1	CC(C)CO[C]([O-])N[C@H](CC(=O)[O-])c1ccccc1
3zot	mol2	ok	[O-]C(=O)C[C@@H](Nc(o)Oc1ccccc1)c1ccccc1	O=C([O-])C[C@@H](N[C]([O-])Oc1ccccc1)c1ccccc1
3zps	mol2	ok	Brc1ccc(C[N@+](NC(=O)[C@@H](Nc(o)OC)C(C)(C)C)CCC[C@@](O)(Cc2ccccc2)C(=O)N[C@H](C(=O)NCC=C)C(C)(C)C)cc1	C=CCNC(=O)[C@@H](NC(=O)[C@@](O)(CCC[N+](Cc1ccc(Br)cc1)NC(=O)[C@@H](N[C]([O-])OC)C(C)(C)C)Cc1ccccc1)C(C)(C)C
3zpt	mol2	ok	Brc1ccc(C[N@+](NC(=O)[C@@H](Nc(o)OC)C(C)(C)C)CCC[C@@]2(O)Cc3ccc(C/C=C\CNC(=O)[C@@H](NC2=O)C(C)C)cc3)cc1	CO[C]([O-])N[C@H](C(=O)N[N+](CCC[C@@]1(O)Cc2ccc(cc2)C/C=C\CNC(=O)[C@H](C(C)C)NC1=O)Cc1ccc(Br)cc1)C(C)(C)C
3zpu	mol2	ok	Brc1ccc(C[N@+](NC(=O)[C@@H](Nc(o)OC)C(C)(C)C)CCC[C@@]2(O)Cc3ccc(C/C=C\CNC(=O)[C@@H](NC2=O)C(C)(C)C)cc3)cc1	CO[C]([O-])N[C@H](C(=O)N[N+](CCC[C@@]1(O)Cc2ccc(cc2)C/C=C\CNC(=O)[C@H](C(C)(C)C)NC1=O)Cc1ccc(Br)cc1)C(C)(C)C
3ztd	mol2	ok	oc(OC)c1ccc(CNC(=O)[C@H]2N(C[C@H](O)C2)C(=O)CC2=CC(=NO2)C)cc1	CO[C]([O-])c1ccc(CNC(=O)[C@@H]2C[C@@H](O)CN2C(=O)Cc2cc(C)no2)cc1
3zy2	mol2	ok	p([o])([o])(o)Op([o])(o)OC[C@H]1O[C@H]([C@@H]([C@@H]1O)O)N1C=NC2=C1N=C(NC2=O)N	Nc1nc2c(ncn2[C@@H]2O[C@H](CO[P@](=O)([O-])OP(=O)([O-])[O-])[C@@H](O)[C@H]2O)c(=O)[nH]1
4a4q	mol2	ok	oc(OC)N[C@H](C(=O)N[N@+](CC[C@@]1(Cc2ccccc2)C(=O)N(C[C@H]1O)[C@@H]1[C@H](O)Cc2ccccc12)Cc1ccc(cc1)c1ccncc1)C(C)(C)C	CO[C]([O-])N[C@H](C(=O)N[N+](CC[C@@]1(Cc2ccccc2)C(=O)N([C@H]2c3ccccc3C[C@H]2O)C[C@H]1O)Cc1ccc(-c2ccncc2)cc1)C(C)(C)C
4a6b	mol2	ok	oc(OC)N[C@H](C(=O)N[N@+](CCC[C@@]1(Cc2ccccc2)C(=O)N(C[C@H]1O)[C@@H]1[C@H](O)Cc2ccccc12)Cc1ccc(cc1)c1ccccc1)C(C)(C)C	CO[C]([O-])N[C@H](C(=O)N[N+](CCC[C@@]1(Cc2ccccc2)C(=O)N([C@H]2c3ccccc3C[C@H]2O)C[C@H]1O)Cc1ccc(-c2ccccc2)cc1)C(C)(C)C
4a6c	mol2	ok	oc(OC)N[C@H](C(=O)N[N@+](CCC[C@@]1(Cc2ccccc2)C(=O)N(C[C@H]1O)[C@@H]1[C@H](O)Cc2ccccc12)Cc1ccc(cc1)c1ccncc1)C(C)(C)C	CO[C]([O-])N[C@H](C(=O)N[N+](CCC[C@@]1(Cc2ccccc2)C(=O)N([C@H]2c3ccccc3C[C@H]2O)C[C@H]1O)Cc1ccc(-c2ccncc2)cc1)C(C)(C)C
4aaw	mol2	ok	S(=O)(=O)(NCc1ccccc1N1CCC(COc(o)CCC(=O)[O-])CC1)c1cc(NC(=O)CCC(=O)[O-])c(OC)cc1OC	COc1cc(OC)c(S(=O)(=O)NCc2ccccc2N2CCC(CO[C]([O-])CCC(=O)[O-])CC2)cc1NC(=O)CCC(=O)[O-]
4af3	mol2	ok	[N@+]1(CCN(CC1)c1c[c]([nH]c(n1)Sc1ccc(cc1)NC(=O)C1CC1)NC1=NNC(=C1)C)C	Cc1cc(Nc2cc(N3CC[N+](C)CC3)nc(Sc3ccc(NC(=O)C4CC4)cc3)[nH+]2)n[nH]1
4ago	mol2	ok	Ic1cc(C#CCNc(o)OC(C)(C)C)cc(C[N@@+]2CC[C@@H]([NH+](CC)CC)CC2)c1O	CC[NH+](CC)C1CC[N+](Cc2cc(C#CCN[C]([O-])OC(C)(C)C)cc(I)c2O)CC1
4aml	mol2	ok	OC[C@H]1O[C@H](Oc(o)NCCC)[C@H](NC(=O)C)[C@@H](O)[C@@H]1O	CCCN[C]([O-])O[C@H]1O[C@H](CO)[C@@H](O)[C@H](O)[C@H]1NC(C)=O
4amx	mol2	ok	F[C@@]1(Oc(o)[C@H](O)[C@@H](O)[C@@H]1O)CO	[O-][C]1O[C@](F)(CO)[C@@H](O)[C@H](O)[C@H]1O
4aqh	mol2	ok	oc(OC(C)(C)C)N1CC([nH][c]2[nH]C(=O)c3cccnc3-[nH]2)C1	CC(C)(C)O[C]([O-])N1CC(Nc2[nH]c3ncccc3c(=O)[nH+]2)C1
4as9	mol2	mismatch_inchikey	oc(O[C@H]1[C@@H](OC)/C=C/C=C(/C)\C(=O)NC2=C(C)C(=O)C(=C(C[C@@H](C)C[C@H](OC)[C@H](O)[C@H](C)/C=C/1\C)C2=O)OC)N	
4avi	mol2	ok	OC[C@H]1O[C@H](OCCCCCCCCc(o)OC)[C@@H](O)[C@@H](O)[C@@H]1O	CO[C]([O-])CCCCCCCCO[C@H]1O[C@H](CO)[C@@H](O)[C@H](O)[C@@H]1O
4awm	mol2	ok	oc(O[C@@H]1Cc2c(O)cc(O)cc2O[C@@H]1c1cc(O)c(O)c(O)c1)c1cc(O)c(O)c(O)c1	[O-][C](O[C@@H]1Cc2c(O)cc(O)cc2O[C@@H]1c1cc(O)c(O)c(O)c1)c1cc(O)c(O)c(O)c1
4ay6	mol2	ok	S1[C@H](Op([o])(o)op([o])(o)OC[C@H]2O[C@@H](N3C=CC(=O)NC3=O)[C@H](O)[C@@H]2O)[C@H](NC(=O)C)[C@@H](O)[C@H](O)[C@H]1CO	CC(=O)N[C@@H]1[C@@H](O)[C@H](O)[C@@H](CO)S[C@@H]1O[P@+](=O)([O-]):[O-][P@@](=O)([O-])OC[C@H]1O[C@@H](n2ccc(=O)[nH]c2=O)[C@H](O)[C@@H]1O
4az6	mol2	ok	OC[C@H]1O/C(=N\Oc(o)Nc2ccccc2)/[C@H](NC(=O)C)[C@@H](O)[C@@H]1O	CC(=O)N[C@H]1/C(=N/O[C]([O-])Nc2ccccc2)O[C@H](CO)[C@@H](O)[C@@H]1O
4azb	mol2	ok	OC[C@H]1O/C(=N\Oc(o)Nc2ccccc2)/[C@H](NC(=O)C)[C@@H](O)[C@@H]1O	CC(=O)N[C@H]1/C(=N/O[C]([O-])Nc2ccccc2)O[C@H](CO)[C@@H](O)[C@@H]1O
4aze	mol2	ok	O=C1nc([nH]c2ccccc2)[nH]/C/1=C\c1ccc2OCOc2c1	O=C1[N+]=C(Nc2ccccc2)N/C1=C\c1ccc2c(c1)OCO2
4azf	mol2	ok	O=C1nc([nH]c2ccccc2)[nH]/C/1=C\c1ccc2OCOc2c1	O=C1[N+]=C(Nc2ccccc2)N/C1=C\c1ccc2c(c1)OCO2
4azg	mol2	ok	OC[C@H]1O/C(=N\Oc(o)Nc2ccccc2)/[C@H](NC(=O)C)[C@@H](O)[C@@H]1O	CC(=O)N[C@H]1/C(=N/O[C]([O-])Nc2ccccc2)O[C@H](CO)[C@@H](O)[C@@H]1O
4azi	mol2	ok	OC[C@H]1O/C(=N\Oc(o)Nc2ccccc2)/[C@H](NC(=O)C)[C@@H](O)[C@@H]1O	CC(=O)N[C@H]1/C(=N/O[C]([O-])Nc2ccccc2)O[C@H](CO)[C@@H](O)[C@@H]1O
4b14	mol2	ok	oc(OCc1cccc(OC)c1)C1=C(C)c2c(OC3CC[NH2+]CC3)cccc2O1	COc1cccc(CO[C]([O-])c2oc3cccc(OC4CC[NH2+]CC4)c3c2C)c1
4b2l	mol2	ok	oc(OC)[C@@H]([NH3+])CC1=CNc2ccccc12	CO[C]([O-])[C@@H]([NH3+])Cc1c[nH]c2ccccc12
4b35	mol2	ok	oc(OC)c1cccc2NC=Cc12	CO[C]([O-])c1cccc2[nH]ccc12
4b6u	mol2	ok	p([o])([o])(o)op([o])(o)OC[C@H]1O[C@@H](N2C=[N](C)C3=C2N=C(N)NC3=O)[C@H](O)[C@@H]1O	C[n+]1cn([C@@H]2O[C@H](CO[P@@+](=O)([O-]):[O-]P(=O)([O-])[O-])[C@@H](O)[C@H]2O)c2nc(N)[nH]c(=O)c21
4bbh	mol2	ok	S1c2ccccc2C(=C1c(o)OCc1cccc(OC)c1)OC1CC[NH2+]CC1	COc1cccc(CO[C]([O-])c2sc3ccccc3c2OC2CC[NH2+]CC2)c1
4bcc	mol2	ok	oc(OC(C)(C)C)NCC1=CN(N=N1)[C@@H]1CN(C(=O)CCCc2ccccc2)[C@@H](C1)C(=O)N1CCC[C@H]1C#N	CC(C)(C)O[C]([O-])NCc1cn([C@H]2C[C@@H](C(=O)N3CCC[C@H]3C#N)N(C(=O)CCCc3ccccc3)C2)nn1
4bgk	mol2	ok	p([o])([o])CCC[N+](C)(C)C	C[N+](C)(C)CCC[P+](=O)[O-]
4btm	mol2	ok	Brc1ccc(Nc2ncnc3NC=Cc23)cc1c(o)OC	CO[C]([O-])c1cc(Nc2ncnc3[nH]ccc23)ccc1Br
4btw	mol2	ok	C1CCCCC1/[NH]=C/1\C=C(O)N(c2ccccc2)N=C1C1=NNC=N1	Oc1c/c(=[NH+]\C2CCCCC2)c(-c2nc[nH]n2)nn1-c1ccccc1
4c4g	mol2	ok	oc(OC(C)(C)C)N1C(=Cc2c1c[c]([nH]c2)Nc1ccc(cc1Cl)C(=O)N(C)C)C1=CN(N=C1)C	CN(C)C(=O)c1ccc(Nc2cc3c(c[nH+]2)cc(-c2cnn(C)c2)n3[C]([O-])OC(C)(C)C)c(Cl)c1
4c4h	mol2	ok	oc(OC(C)(C)C)N1C(=Cc2c1c[c]([nH]c2)Nc1ccc(cc1Cl)C(=O)N(C)C)C1=CN(N=C1)C	CN(C)C(=O)c1ccc(Nc2cc3c(c[nH+]2)cc(-c2cnn(C)c2)n3[C]([O-])OC(C)(C)C)c(Cl)c1
4c4i	mol2	ok	c(N1c2c[c](Nc3ccc(C(=O)N(C)C)cc3Cl)[nH]cc2C=C1C1=CN=CO1)(o)OC(C)(C)C	CN(C)C(=O)c1ccc(Nc2cc3c(c[nH+]2)cc(-c2cnco2)n3[C]([O-])OC(C)(C)C)c(Cl)c1
4c4j	mol2	ok	CN1N=CC(=C1)C1=Cc2[cH][nH]c(Nc3c(Cl)cc(C4=CN=CN4C)cc3)cc2N1c(OC(C)(C)C)o	Cn1cc(-c2cc3c[nH+]c(Nc4ccc(-c5cncn5C)cc4Cl)cc3n2[C]([O-])OC(C)(C)C)cn1
4ca5	mol2	ok	p([o])(o)(C[C@@H](CC1=CC(=NO1)c1ccccc1)C(=O)N[C@@H](Cc1ccc(O)cc1)C(=O)[O-])[C@@H](Nc(o)OCc1ccccc1)Cc1ccccc1	O=C(N[C@@H](Cc1ccc(O)cc1)C(=O)[O-])[C@H](Cc1cc(-c2ccccc2)no1)C[P@](=O)([O-])[C@H](Cc1ccccc1)N[C]([O-])OCc1ccccc1
4ca6	mol2	ok	p([o])(o)(C[C@@H](CC1=CC(=NO1)c1ccccc1)C(=O)N[C@@H](Cc1ccc(O)cc1)C(=O)[O-])[C@@H](Nc(o)OCc1ccccc1)Cc1ccccc1	O=C(N[C@@H](Cc1ccc(O)cc1)C(=O)[O-])[C@H](Cc1cc(-c2ccccc2)no1)C[P@](=O)([O-])[C@H](Cc1ccccc1)N[C]([O-])OCc1ccccc1
4ca7	mol2	ok	p([o])(o)(C[C@@H](CC1=CC(=NO1)c1ccccc1)C(=O)N[C@@H](Cc1ccc(O)cc1)C(=O)[O-])[C@@H](Nc(o)OCc1ccccc1)Cc1ccccc1	O=C(N[C@@H](Cc1ccc(O)cc1)C(=O)[O-])[C@H](Cc1cc(-c2ccccc2)no1)C[P@](=O)([O-])[C@H](Cc1ccccc1)N[C]([O-])OCc1ccccc1
4ca8	mol2	ok	p([o])(o)(C[C@H](CC1=CC(=NO1)c1ccccc1)C(=O)N[C@@H](Cc1ccc(O)cc1)C(=O)[O-])[C@@H](Nc(o)OCc1ccccc1)Cc1ccccc1	O=C(N[C@@H](Cc1ccc(O)cc1)C(=O)[O-])[C@@H](Cc1cc(-c2ccccc2)no1)C[P@@](=O)([O-])[C@H](Cc1ccccc1)N[C]([O-])OCc1ccccc1
4cl6	mol2	ok	Clc1ccc(C[nH][c]2[nH][NH]=C([nH]2)C2=CC=CO2)cc1	Clc1ccc(CNc2[nH]c(-c3ccco3)[nH+][nH+]2)cc1
4cl9	mol2	ok	ONC(=O)CCCCCCC(=O)Nc1ccc(cc1)c1ccc2N(C(=O)C)[C@@H](C)C[C@@H](Nc(o)OC(C)C)c2c1	CC(=O)N1c2ccc(-c3ccc(NC(=O)CCCCCCC(=O)NO)cc3)cc2[C@H](N[C]([O-])OC(C)C)C[C@@H]1C
4clb	mol2	ok	oc(OC(C)C)N[C@@H]1C[C@@H](N(C(=O)C)c2ccc(cc12)c1ccc(C[NH2+]C)cc1)C	C[NH2+]Cc1ccc(-c2ccc3c(c2)[C@H](N[C]([O-])OC(C)C)C[C@H](C)N3C(C)=O)cc1
4cp5	mol2	ok	C[C@@H](OC[P@](=O)([S])Op([o])(o)Op([o])([o])o)CN1C=Nc2c1ncnc2N	C[C@H](Cn1cnc2c(N)ncnc21)OC[P@](=O)([S-])O[P@](=O)([O-])OP(=O)([O-])[O-]
4cp7	mol2	ok	oc(OC)N[C@H](C(=O)N[N@+](CCC[C@@](O)(Cc1ccc(CCC)cc1)C(=O)N[C@H](C(=O)NCCC)C(C)C)Cc1ccc(cc1)c1ccncc1)C(C)(C)C	CCCNC(=O)[C@@H](NC(=O)[C@@](O)(CCC[N+](Cc1ccc(-c2ccncc2)cc1)NC(=O)[C@@H](N[C]([O-])OC)C(C)(C)C)Cc1ccc(CCC)cc1)C(C)C
4cpq	mol2	ok	oc(OC)N[C@H](C(=O)N[N@+](CCC[C@@](O)(Cc1ccc(CC=C)cc1)C(=O)N[C@H](C(=O)NCC=C)C(C)C)Cc1ccc(cc1)c1cnccc1)C(C)(C)C	C=CCNC(=O)[C@@H](NC(=O)[C@@](O)(CCC[N+](Cc1ccc(-c2cccnc2)cc1)NC(=O)[C@@H](N[C]([O-])OC)C(C)(C)C)Cc1ccc(CC=C)cc1)C(C)C
4cpr	mol2	ok	S1C=CC=C1c1ccc(C[N@+](NC(=O)[C@@H](Nc(o)OC)C(C)(C)C)CCC[C@@](O)(Cc2ccc(CC=C)cc2)C(=O)N[C@H](C(=O)NCC=C)C(C)C)cc1	C=CCNC(=O)[C@@H](NC(=O)[C@@](O)(CCC[N+](Cc1ccc(-c2cccs2)cc1)NC(=O)[C@@H](N[C]([O-])OC)C(C)(C)C)Cc1ccc(CC=C)cc1)C(C)C
4cps	mol2	ok	oc(OC)N[C@H](C(=O)N[N@+](CCC[C@@]1(O)Cc2ccc(C/C=C\CNC(=O)[C@@H](NC1=O)C(C)C)cc2)Cc1ccc(cc1)c1ccncc1)C(C)(C)C	CO[C]([O-])N[C@H](C(=O)N[N+](CCC[C@@]1(O)Cc2ccc(cc2)C/C=C\CNC(=O)[C@H](C(C)C)NC1=O)Cc1ccc(-c2ccncc2)cc1)C(C)(C)C
4cpt	mol2	ok	oc(OC)N[C@H](C(=O)N[N@+](CCC[C@@]1(O)Cc2ccc(C/C=C\CNC(=O)[C@@H](NC1=O)C(C)C)cc2)Cc1ccc(cc1)c1cnccc1)C(C)(C)C	CO[C]([O-])N[C@H](C(=O)N[N+](CCC[C@@]1(O)Cc2ccc(cc2)C/C=C\CNC(=O)[C@H](C(C)C)NC1=O)Cc1ccc(-c2cccnc2)cc1)C(C)(C)C
4cpu	mol2	ok	S1C=CC(=C1)c1ccc(C[N@+](NC(=O)[C@@H](Nc(o)OC)C(C)(C)C)CCC[C@@]2(O)Cc3ccc(C/C=C\CNC(=O)[C@@H](NC2=O)C(C)C)cc3)cc1	CO[C]([O-])N[C@H](C(=O)N[N+](CCC[C@@]1(O)Cc2ccc(cc2)C/C=C\CNC(=O)[C@H](C(C)C)NC1=O)Cc1ccc(-c2ccsc2)cc1)C(C)(C)C
4cpw	mol2	ok	c1cc2C[C@](C(=O)N[C@H](C(=O)N/C=C\CCc1cc2)C(C)C)(O)CCC/[N](=C/c1ccc(cc1)C1=CSC=C1)/NC(=O)[C@H](C(C)(C)C)Nc(o)OC	CO[C]([O-])N[C@H](C(=O)N/[N+](=C\c1ccc(-c2ccsc2)cc1)CCC[C@@]1(O)Cc2ccc(cc2)CC/C=C\NC(=O)[C@H](C(C)C)NC1=O)C(C)(C)C
4cpx	mol2	ok	S1C=CC=C1c1ccc(C[N@+](NC(=O)[C@@H](Nc(o)OC)C(C)(C)C)CCC[C@@]2(O)Cc3ccc(C/C=C\CNC(=O)[C@@H](NC2=O)C(C)C)cc3)cc1	CO[C]([O-])N[C@H](C(=O)N[N+](CCC[C@@]1(O)Cc2ccc(cc2)C/C=C\CNC(=O)[C@H](C(C)C)NC1=O)Cc1ccc(-c2cccs2)cc1)C(C)(C)C
4crd	mol2	ok	ClC1=C(N=C(N1)CNC(=O)CCc1cc(Cl)ccc1N1N=NN=C1)c1ccc(Nc(o)OC)cc1	CO[C]([O-])Nc1ccc(-c2nc(CNC(=O)CCc3cc(Cl)ccc3-n3cnnn3)[nH]c2Cl)cc1
4cwp	mol2	ok	NC1=Nn2c(N1)c1[c](nc2Cc2ccc3c(c2)OCO3)cccc1	Nc1n[n+]2c(Cc3ccc4c(c3)OCO4)nc3ccccc3c2[nH]1
4d8a	mol2	ok	O=C1c2c(N=C(N)N1)nnc(c2O)[C@@H](Cc(o)OC)C	CO[C]([O-])C[C@@H](C)c1nnc2nc(N)[nH]c(=O)c2c1O
4dcd	mol2	ok	C(Oc(o)N[C@H](C(=O)N[C@H](CO)C[C@@H]1CCNC1=O)CC(C)C)c1ccccc1	CC(C)C[C@H](N[C]([O-])OCc1ccccc1)C(=O)N[C@H](CO)C[C@@H]1CCNC1=O
4dfg	mol2	ok	S(=O)(=O)(N(C[C@@H](O)[C@@H](Nc(o)O[C@H]1C[C@H]2OC[C@@H](Nc(o)OC)[C@H]2C1)Cc1ccccc1)CC(C)C)c1ccc(OC)cc1	CO[C]([O-])N[C@@H]1CO[C@@H]2C[C@H](O[C]([O-])N[C@@H](Cc3ccccc3)[C@H](O)CN(CC(C)C)S(=O)(=O)c3ccc(OC)cc3)C[C@H]12
4dhr	mol2	ok	Clc1ccccc1NC(=O)COc1ccccc1p([o])([o])o	O=C(COc1ccccc1P(=O)([O-])[O-])Nc1ccccc1Cl
4djo	mol2	ok	ClC(Cl)C(=O)NCCOc(o)N[C@@H](Cc1ccccc1)[C@H](O)CN(S(=O)(=O)c1ccc(OC)cc1)C[C@@H](C)CC	CC[C@H](C)CN(C[C@@H](O)[C@H](Cc1ccccc1)N[C]([O-])OCCNC(=O)C(Cl)Cl)S(=O)(=O)c1ccc(OC)cc1
4djp	mol2	ok	S(=O)(=O)(N(C[C@@H](O)[C@@H](Nc(o)OC[C@H](C)c(o)OC)Cc1ccccc1)C[C@@H](C)CC)c1ccc(OC)cc1	CC[C@H](C)CN(C[C@@H](O)[C@H](Cc1ccccc1)N[C]([O-])OC[C@H](C)[C]([O-])OC)S(=O)(=O)c1ccc(OC)cc1
4djq	mol2	ok	S(=O)(=O)(N(C[C@@H](O)[C@@H](Nc(o)OCCN1CCNC1=O)Cc1ccccc1)C[C@@H](C)CC)c1ccc(OC)cc1	CC[C@H](C)CN(C[C@@H](O)[C@H](Cc1ccccc1)N[C]([O-])OCCN1CCNC1=O)S(=O)(=O)c1ccc(OC)cc1
4djr	mol2	ok	S1C=Nc2ccc(S(=O)(=O)N(C[C@@H](O)[C@@H](Nc(o)OC[C@H]3NC(=O)CC3)Cc3ccccc3)C[C@@H](C)CC)cc12	CC[C@H](C)CN(C[C@@H](O)[C@H](Cc1ccccc1)N[C]([O-])OC[C@@H]1CCC(=O)N1)S(=O)(=O)c1ccc2ncsc2c1
4dpu	mol2	ok	p([o])([o])(o)op([o])(o)OCC[C@](O)(CF)CC(=O)[O-]	O=C([O-])C[C@@](O)(CF)CCO[P@@+](=O)([O-]):[O-]P(=O)([O-])[O-]
4drk	mol2	ok	[O-]C(=O)COc1cccc(c1)[C@H](Oc(o)[C@H]1N(CCCC1)C(=O)C(=O)C(C)(C)CC)CCc1ccc(OC)c(OC)c1	CCC(C)(C)C(=O)C(=O)N1CCCC[C@H]1[C]([O-])O[C@H](CCc1ccc(OC)c(OC)c1)c1cccc(OCC(=O)[O-])c1
4drm	mol2	ok	[O-]C(=O)COc1cccc(c1)[C@H](Oc(o)[C@H]1N(CCCC1)C(=O)C(=O)[C@]1(O)CCCC[C@H]1CC)CCc1ccc(OC)c(OC)c1	CC[C@@H]1CCCC[C@@]1(O)C(=O)C(=O)N1CCCC[C@H]1[C]([O-])O[C@H](CCc1ccc(OC)c(OC)c1)c1cccc(OCC(=O)[O-])c1
4drn	mol2	ok	[O-]C(=O)COc1cccc(c1)[C@H](Oc(o)[C@H]1N(CCCC1)C(=O)C(=O)[C@]1(O)CCCC[C@H]1CC)CCc1ccc(OC)c(OC)c1	CC[C@@H]1CCCC[C@@]1(O)C(=O)C(=O)N1CCCC[C@H]1[C]([O-])O[C@H](CCc1ccc(OC)c(OC)c1)c1cccc(OCC(=O)[O-])c1
4dro	mol2	ok	oc(O[C@H](CCc1ccc(OC)c(OC)c1)c1ccccc1)[C@H]1N(CCCC1)C(=O)C(=O)[C@@]1(O)CCCC[C@@H]1CC	CC[C@H]1CCCC[C@]1(O)C(=O)C(=O)N1CCCC[C@H]1[C]([O-])O[C@H](CCc1ccc(OC)c(OC)c1)c1ccccc1
4drp	mol2	ok	[O-]C(=O)COc1cccc(c1)[C@H](Oc(o)[C@H]1N(CCCC1)C(=O)C(=O)[C@@]1(O)CCCC[C@@H]1CC)CCc1ccc(OC)c(OC)c1	CC[C@H]1CCCC[C@]1(O)C(=O)C(=O)N1CCCC[C@H]1[C]([O-])O[C@H](CCc1ccc(OC)c(OC)c1)c1cccc(OCC(=O)[O-])c1
4dv9	mol2	ok	O=C([C@@H](O)C)N[C@H](C(=O)N(C)[C@H](C(=O)N[C@@H](Cc1ccccc1)[C@@H](O)CC(=O)N[C@H](C(=O)N[C@@H](C)C(=O)N(C)[C@@H](C(=O)N1CCC[C@H]1c(o)OC)Cc1ccccc1)CC(C)C)CCC(=O)N)C(C)C	CO[C]([O-])[C@@H]1CCCN1C(=O)[C@@H](Cc1ccccc1)N(C)C(=O)[C@H](C)NC(=O)[C@H](CC(C)C)NC(=O)C[C@H](O)[C@H](Cc1ccccc1)NC(=O)[C@H](CCC(N)=O)N(C)C(=O)[C@@H](NC(=O)[C@H](C)O)C(C)C
4dvf	mol2	ok	N([C@H](C)c1ccccc1)C(=O)c1cc(NS(=O)(=O)C)cc(C(=O)N[C@@H](Cc2ccccc2)[C@@H](O)CC(=O)N[C@H](C(=O)N[C@@H](C)C(=O)N(C)[C@@H](C(=O)N2CCC[C@H]2c(o)OC)Cc2ccccc2)CC(C)C)c1	CO[C]([O-])[C@@H]1CCCN1C(=O)[C@@H](Cc1ccccc1)N(C)C(=O)[C@H](C)NC(=O)[C@H](CC(C)C)NC(=O)C[C@H](O)[C@H](Cc1ccccc1)NC(=O)c1cc(NS(C)(=O)=O)cc(C(=O)N[C@H](C)c2ccccc2)c1
4dwb	mol2	ok	p([o])([o])(o)C(p([o])([o])o)C[NH2+]CCCCC	CCCCC[NH2+]CC(P(=O)([O-])[O-])P(=O)([O-])[O-]
4dwk	mol2	ok	[O-]C(=O)C[N@@H+](CCCc1ccccc1)CC(=O)N[C@@H](CC1=C[NH]=CN1)c(o)OC	CO[C]([O-])[C@H](Cc1c[nH+]c[nH]1)NC(=O)C[N@H+](CCCc1ccccc1)CC(=O)[O-]
4e4n	mol2	ok	oc(OC(C)(C)C)N[C@@H]1CC[C@@H](N2C=Nc3cnc4NC=Cc4c23)C1	CC(C)(C)O[C]([O-])N[C@@H]1CC[C@@H](n2cnc3cnc4[nH]ccc4c32)C1
4ear	mol2	ok	OC[C@H]1C[N@+](C[C@@H]1O)CC1=CNC2=C1[nH][c]([nH2])[nH]C2=O	[NH2+]=c1[nH]c(=O)c2[nH]cc(C[N+]3C[C@H](CO)[C@@H](O)C3)c2[nH]1
4egk	mol2	ok	c1(-c2c(cc(c(c2CC(=O)/C=C/C=C\[C@@H]2[C@@H](C[C@@H](C)O1)O2)Cl)O)O)o	C[C@@H]1C[C@H]2O[C@@H]2/C=C\C=C\C(=O)Cc2c(Cl)c(O)cc(O)c2[C]([O-])O1
4eh5	mol2	ok	oc(OCc1ccccc1)c1cnccc1	[O-][C](OCc1ccccc1)c1cccnc1
4ehm	mol2	ok	OCc1c(O)cc(C)c2-c(o)Oc3c(Oc12)c(cc(OC)c3C)C(=O)[O-]	COc1cc(C(=O)[O-])c2c(c1C)O[C]([O-])c1c(C)cc(O)c(CO)c1O2
4emf	mol2	ok	p([o])([o])(o)op([o])(o)OC[C@H]1O[C@@H](N2CN(C)C3=C2N=C(N)NC3=O)[C@H](O)[C@@H]1O	CN1CN([C@@H]2O[C@H](CO[P@@+](=O)([O-]):[O-]P(=O)([O-])[O-])[C@@H](O)[C@H]2O)c2nc(N)[nH]c(=O)c21
4eo4	mol2	ok	[NH3+][C@@H](CO)C(=O)Ns([o])([o])OC[C@H]1O[C@H]([C@@H]([C@@H]1O)O)N1C=Nc2c(N)ncnc12	Nc1ncnc2c1ncn2[C@@H]1O[C@H](CO[S@+](=O)([O-])NC(=O)[C@@H]([NH3+])CO)[C@@H](O)[C@H]1O
4ere	mol2	ok	Clc1ccc(cc1)[C@H]1N(C(=O)[C@@H](CC(=O)[O-])C[C@@H]1c1cccc(Cl)c1)[C@@H](CC)c(o)OC(C)(C)C	CC[C@@H]([C]([O-])OC(C)(C)C)N1C(=O)[C@@H](CC(=O)[O-])C[C@H](c2cccc(Cl)c2)[C@H]1c1ccc(Cl)cc1
4eyr	mol2	ok	S1C=NC=C1COc(o)N[C@@H](Cc1ccccc1)[C@@H](O)C[C@@H](NC(=O)[C@@H](NC(=O)N(C)CC1=CSC(=N1)C(C)C)C(C)C)Cc1ccccc1	CC(C)c1nc(CN(C)C(=O)N[C@H](C(=O)N[C@@H](Cc2ccccc2)C[C@H](O)[C@H](Cc2ccccc2)N[C]([O-])OCc2cncs2)C(C)C)cs1
4f3i	mol2	ok	Clc1ccc(cc1)C1=N[C@@H](Cc(o)OC)C2=NN=C(N2C2=C1C(=C(S2)C)C)C	CO[C]([O-])C[C@@H]1N=C(c2ccc(Cl)cc2)c2c(sc(C)c2C)-n2c(C)nnc21
4f49	mol2	ok	OC[C@@H](NC(=O)[C@@H](Nc(o)OCc1ccccc1)CC(C)C)C[C@@H]1CCNC1=O	CC(C)C[C@H](N[C]([O-])OCc1ccccc1)C(=O)N[C@H](CO)C[C@@H]1CCNC1=O
4f7l	mol2	ok	oc(OC(C)(C)C)NCCCNC(=O)NC1=CC(=NN1c1ccc(C)cc1)C(C)(C)C	Cc1ccc(-n2nc(C(C)(C)C)cc2NC(=O)NCCCN[C]([O-])OC(C)(C)C)cc1
4fe6	mol2	ok	S(=O)(=O)(N(C[C@@H](O)[C@@H](Nc(o)O[C@H]1CO[C@H]2OCC[C@@H]12)Cc1ccccc1)CC(C)C)c1ccc2NC(=O)/C(=C(\NC)/C)/c2c1	CN/C(C)=C1\C(=O)Nc2ccc(S(=O)(=O)N(CC(C)C)C[C@@H](O)[C@H](Cc3ccccc3)N[C]([O-])O[C@H]3CO[C@H]4OCC[C@H]43)cc21
4flp	mol2	ok	Clc1ccc(cc1)C1=N[C@@H](Cc(o)OC(C)(C)C)C2=NN=C(N2C2=C1C(=C(S2)C)C)C	Cc1sc2c(c1C)C(c1ccc(Cl)cc1)=N[C@@H](C[C]([O-])OC(C)(C)C)c1nnc(C)n1-2
4foc	mol2	ok	oc(OC)[C@@H]1CC[C@H](n2-c3cc(C[NH+]4CCCCC4)ccc3-[nH][c]2[nH]C(=O)c2ccccc2)CC1	CO[C]([O-])[C@H]1CC[C@@H](n2/c(=[NH+]/C(=O)c3ccccc3)[nH]c3ccc(C[NH+]4CCCCC4)cc32)CC1
4fz3	mol2	ok	O=C(C)N[C@H](C(=O)N[C@H](C(=O)N[C@H](C(=O)N[C@H](C(=O)Nc1ccc2c(Oc(o)C=C2C)c1)CCCCNC(=O)C)CCCC[NH3+])CC1=C[NH]=CN1)CCC[nH][c]([nH2])[nH2]	CC(=O)NCCCC[C@H](NC(=O)[C@H](CCCC[NH3+])NC(=O)[C@H](Cc1c[nH+]c[nH]1)NC(=O)[C@H](CCCNC(N)=[NH2+])NC(C)=O)C(=O)Nc1ccc2c(c1)O[C]([O-])C=C2C
4g0a	mol2	ok	P(O)(O)OC[C@H]1O[C@H]([C@@H]([C@@H]1Op([o])(o)OC[C@H]1O[C@H]([C@@H]([C@@H]1Op([o])[o])O)[N]1=CNC2=C1[nH][c]([nH]C2=O)[nH2])O)[N]1=CNC2=C1[nH][c]([nH]C2=O)[nH2]	[NH2+]=c1[nH]c(=O)c2[nH]c[n+]([C@@H]3O[C@H](CO[P@@](=O)([O-])O[C@H]4[C@@H](O)[C@H]([n+]5c[nH]c6c(=O)[nH]c(=[NH2+])[nH]c65)O[C@@H]4COP(O)O)[C@@H](O[P+](=O)[O-])[C@H]3O)c2[nH]1
4g8l	mol2	ok	[P](=O)(OC[C@H]1O[C@@H](N2C=Nc3c(N)ncnc23)[C@H](O)[C@@H]1O)O[C@@H]1[C@H](O)[C@H](O[C@H]1N1C=Nc2c(N)ncnc12)COp([o])(o)O[C@@H]1[C@H](O)[C@H](O[C@H]1N1C=Nc2c(N)ncnc12)COp([o])([o])o	Nc1ncnc2c1ncn2[C@@H]1O[C@H](CO[P+](=O)O[C@@H]2[C@H](O)[C@@H](CO[P@](=O)([O-])O[C@@H]3[C@H](O)[C@@H](COP(=O)([O-])[O-])O[C@H]3n3cnc4c(N)ncnc43)O[C@H]2n2cnc3c(N)ncnc32)[C@@H](O)[C@H]1O
4g8o	mol2	ok	FC(F)(F)c1cccc(Oc(o)NC[C@H](Oc(o)c2cc(O)c(O)c(O)c2)COc(o)c2cc(O)c(O)c(O)c2)c1	[O-][C](NC[C@@H](CO[C]([O-])c1cc(O)c(O)c(O)c1)O[C]([O-])c1cc(O)c(O)c(O)c1)Oc1cccc(C(F)(F)F)c1
4g8r	mol2	ok	FC(F)(F)c1cccc(Oc(o)NC[C@H](Oc(o)c2cc(O)c(O)c(O)c2)COc(o)c2cc(O)c(O)c(O)c2)c1	[O-][C](NC[C@@H](CO[C]([O-])c1cc(O)c(O)c(O)c1)O[C]([O-])c1cc(O)c(O)c(O)c1)Oc1cccc(C(F)(F)F)c1
4gd6	mol2	ok	[sH]([o])([o])[C@@](C)(COc(o)Cc1ccccc1)[C@@H](NC1=C(C(=O)[O-])C=C2N1C=CC=C2)C(=O)[O-]	C[C@](CO[C]([O-])Cc1ccccc1)([C@@H](Nc1c(C(=O)[O-])cc2ccccn12)C(=O)[O-])[S@@H+](=O)[O-]
4ge9	mol2	ok	N1(c2cc(OC)c(Cc3ccccc3)cc2C/C(=N\Cc2c(COp([o])([o])o)c[nH][c](C)c2O)/C1=O)O	COc1cc2c(cc1Cc1ccccc1)C/C(=N\Cc1c(COP(=O)([O-])[O-])c[nH+]c(C)c1O)C(=O)N2O
4ght	mol2	mismatch_inchikey	Fc1ccc(cc1)C[C@H](CC(=O)[C@@H](NC(=O)C1=NOC(=C1)C)C(C)C)C(=O)N[C@H](/C=C\c(o)OCC)C[C@@H]1CCNC1=O	
4gqq	mol2	ok	oc(OCC)CCc1ccc(O)c(O)c1	CCO[C]([O-])CCc1ccc(O)c(O)c1
4gs6	mol2	ok	oc1-c2c(O)cc(OC)cc2/C=C/C[C@H](O)[C@H](O)C(=O)/C=C\C[C@@H](O1)C	COc1cc(O)c2c(c1)/C=C/C[C@H](O)[C@H](O)C(=O)/C=C\C[C@H](C)O[C]2[O-]
4gtm	mol2	ok	S(=O)(=O)(N1Cc2cc(C#N)ccc2N(CC2=C[NH]=CN2C)C[C@H]1Cc1ccc(Oc(o)NCCCCCC)cc1)c1ccc(OC)cc1	CCCCCCN[C]([O-])Oc1ccc(C[C@@H]2CN(Cc3c[nH+]cn3C)c3ccc(C#N)cc3CN2S(=O)(=O)c2ccc(OC)cc2)cc1
4gtq	mol2	ok	COc1ccc(cc1)S(=O)(=O)N1Cc2cc(C#N)ccc2N(CC2=C[NH]=CN2C)C[C@H]1Cc1ccc(cc1)Oc(o)NCc1ccccc1	COc1ccc(S(=O)(=O)N2Cc3cc(C#N)ccc3N(Cc3c[nH+]cn3C)C[C@H]2Cc2ccc(O[C]([O-])NCc3ccccc3)cc2)cc1
4gtr	mol2	ok	S(=O)(=O)(N1Cc2cc(C#N)ccc2N(C[C@H]1Cc1ccc(Oc(o)N(CC)CC)cc1)CC1=C[NH]=CN1C)c1ccc(OC)cc1	CCN(CC)[C]([O-])Oc1ccc(C[C@@H]2CN(Cc3c[nH+]cn3C)c3ccc(C#N)cc3CN2S(=O)(=O)c2ccc(OC)cc2)cc1
4gtt	mol2	ok	S(=O)(=O)(N1Cc2cc(C#N)ccc2N(CC2=C[NH]=CN2C)C[C@H]1Cc1ccc(Oc(o)NCc2ccccc2)cc1)c1ccc(OC)cc1	COc1ccc(S(=O)(=O)N2Cc3cc(C#N)ccc3N(Cc3c[nH+]cn3C)C[C@H]2Cc2ccc(O[C]([O-])NCc3ccccc3)cc2)cc1
4gtv	mol2	ok	S(=O)(=O)(N1Cc2cc(C#N)ccc2N(C[C@H]1Cc1ccc(Oc(o)N(CC)CC)cc1)CC1=C[NH]=CN1C)c1ccc(OC)cc1	CCN(CC)[C]([O-])Oc1ccc(C[C@@H]2CN(Cc3c[nH+]cn3C)c3ccc(C#N)cc3CN2S(=O)(=O)c2ccc(OC)cc2)cc1
4gvu	mol2	ok	O=C(CCCCC)N[C@H](C(=O)N[C@@H]1C(=O)N/C(=C\C)/C(=O)N[C@H](C(=O)N[C@H](C(=O)N(C)[C@H](C(=O)N[C@H](c(O[C@@H]1C)o)C(C)C)Cc1ccc(O)cc1)Cc1ccccc1)CCCO)C/C=C(\O)/N	C/C=C1\NC(=O)[C@@H](NC(=O)[C@H](C/C=C(/N)O)NC(=O)CCCCC)[C@@H](C)O[C]([O-])[C@H](C(C)C)NC(=O)[C@H](Cc2ccc(O)cc2)N(C)C(=O)[C@H](Cc2ccccc2)NC(=O)[C@H](CCCO)NC1=O
4gw8	mol2	ok	O=C1nc([nH]c2ccccc2)[nH]/C/1=C\c1ccc2OCOc2c1	O=C1[N+]=C(Nc2ccccc2)N/C1=C\c1ccc2c(c1)OCO2
4h2j	mol2	ok	[NH]1=C(NCC1)c1ccc(cc1)NC(=O)c1c(cc(cc1)C(=O)Nc1ccc(cc1)C1=[NH]CCN1)N1OO1	O=C(Nc1ccc(C2=[NH+]CCN2)cc1)c1ccc(C(=O)Nc2ccc(C3=[NH+]CCN3)cc2)c(-n2oo2)c1
4h4d	mol2	ok	p([o])([o])(o)op([o])(o)OC/C=C(\C)/C[NH3+]	C/C(=C\CO[P@+](=O)([O-]):[O-]P(=O)([O-])[O-])C[NH3+]
4h4e	mol2	ok	SC/C(=C/COp([o])(o)op([o])([o])o)/C	C/C(=C\CO[P@@+](=O)([O-]):[O-]P(=O)([O-])[O-])CS
4hdb	mol2	ok	S(=O)(=O)(N(C[C@@H](O)[C@@H](Nc(o)O[C@H]1CO[C@H]2O[C@@H]3OCC[C@@H]3[C@@H]12)Cc1ccccc1)CC(C)C)c1ccc(OC)cc1	COc1ccc(S(=O)(=O)N(CC(C)C)C[C@@H](O)[C@H](Cc2ccccc2)N[C]([O-])O[C@H]2CO[C@H]3O[C@@H]4OCC[C@@H]4[C@H]32)cc1
4hdf	mol2	ok	S(=O)(=O)(N(C[C@@H](O)[C@@H](Nc(o)O[C@H]1CO[C@H]2O[C@@H]3OCC[C@@H]3[C@@H]12)Cc1ccccc1)CC(C)C)c1ccc(OC)cc1	COc1ccc(S(=O)(=O)N(CC(C)C)C[C@@H](O)[C@H](Cc2ccccc2)N[C]([O-])O[C@H]2CO[C@H]3O[C@@H]4OCC[C@@H]4[C@H]32)cc1
4hdp	mol2	ok	S(=O)(=O)(N(C[C@@H](O)[C@@H](Nc(o)O[C@H]1CO[C@H]2O[C@@H]3OCC[C@@H]3[C@@H]12)Cc1ccccc1)CC(C)C)c1ccc(OC)cc1	COc1ccc(S(=O)(=O)N(CC(C)C)C[C@@H](O)[C@H](Cc2ccccc2)N[C]([O-])O[C@H]2CO[C@H]3O[C@@H]4OCC[C@@H]4[C@H]32)cc1
4he9	mol2	ok	S(=O)(=O)(N(C[C@@H](O)[C@@H](Nc(o)O[C@H]1CO[C@H]2O[C@@H]3OCC[C@@H]3[C@@H]12)Cc1ccccc1)CC(C)C)c1ccc(OC)cc1	COc1ccc(S(=O)(=O)N(CC(C)C)C[C@@H](O)[C@H](Cc2ccccc2)N[C]([O-])O[C@H]2CO[C@H]3O[C@@H]4OCC[C@@H]4[C@H]32)cc1
4heg	mol2	ok	S(=O)(=O)(N(C[C@@H](O)[C@@H](Nc(o)O[C@H]1CO[C@H]2O[C@@H]3OCC[C@@H]3[C@@H]12)Cc1ccccc1)CC(C)C)c1ccc(OC)cc1	COc1ccc(S(=O)(=O)N(CC(C)C)C[C@@H](O)[C@H](Cc2ccccc2)N[C]([O-])O[C@H]2CO[C@H]3O[C@@H]4OCC[C@@H]4[C@H]32)cc1
4hla	mol2	ok	S(=O)(=O)(N(C[C@@H](O)[C@@H](Nc(o)O[C@H]1CO[C@H]2OCC[C@@H]12)Cc1ccccc1)CC(C)C)c1ccc(N)cc1	CC(C)CN(C[C@@H](O)[C@H](Cc1ccccc1)N[C]([O-])O[C@H]1CO[C@H]2OCC[C@H]21)S(=O)(=O)c1ccc(N)cc1
4hn2	mol2	ok	p([o])([o])(o)O[C@H]1[C@@H](Op([o])([o])o)[C@H](Op([o])([o])o)[C@@H](Oc(o)Cp([o])([o])o)[C@H](Op([o])([o])o)[C@H]1Op([o])([o])o	O=P([O-])([O-])C[C]([O-])O[C@@H]1[C@@H](OP(=O)([O-])[O-])[C@H](OP(=O)([O-])[O-])[C@H](OP(=O)([O-])[O-])[C@H](OP(=O)([O-])[O-])[C@H]1OP(=O)([O-])[O-]
4hww	mol2	ok	[O-]C(=O)[C@@]([NH3+])(CCCC[B](O)(O)[OH2])CC[NH+]1CCCCC1	[NH3+][C@](CCCC[B-](O)(O)[OH2+])(CC[NH+]1CCCCC1)C(=O)[O-]
4hxq	mol2	ok	[O-]C(=O)[C@@]([NH2+]C)(CCCC[B](O)([OH2])O)CC[NH+]1CCCCC1	C[NH2+][C@](CCCC[B-](O)(O)[OH2+])(CC[NH+]1CCCCC1)C(=O)[O-]
4hzt	mol2	ok	Clc1ccc2c(c1)CC([NH]=C2N[C@H](C1=Nc(o)ON1)Cc1ccccc1)(C)C	CC1(C)Cc2cc(Cl)ccc2C(N[C@@H](Cc2ccccc2)C2=N[C]([O-])ON2)=[NH+]1
4i06	mol2	ok	[O-]C(=O)[C@@]([NH2+]C)(CCCC[B](O)(O)O)CC[NH+]1CCCCC1	C[NH2+][C@](CCCC[B-](O)(O)O)(CC[NH+]1CCCCC1)C(=O)[O-]
4i1c	mol2	ok	Clc1ccc2C(=[NH]C(C)(C)Cc2c1)N[C@@H](CC1=C(SC=C1C1=CNN=C1)CCC)C(=O)[O-]	CCCc1scc(-c2cn[nH]c2)c1C[C@H](NC1=[NH+]C(C)(C)Cc2cc(Cl)ccc21)C(=O)[O-]
4i8w	mol2	ok	S(=O)(=O)(N(C[C@@H](O)[C@@H](Nc(o)O[C@H]1CO[C@H]2OCC[C@@H]12)Cc1ccccc1)CC(C)C)c1ccc(cc1)C(=O)[O-]	CC(C)CN(C[C@@H](O)[C@H](Cc1ccccc1)N[C]([O-])O[C@H]1CO[C@H]2OCC[C@H]21)S(=O)(=O)c1ccc(C(=O)[O-])cc1
4i8z	mol2	ok	S(=O)(=O)(N(C[C@@H](O)[C@@H](Nc(o)O[C@H]1CO[C@H]2OCC[C@@H]12)Cc1ccccc1)CC(C)C)c1ccc(cc1)C(=O)N	CC(C)CN(C[C@@H](O)[C@H](Cc1ccccc1)N[C]([O-])O[C@H]1CO[C@H]2OCC[C@H]21)S(=O)(=O)c1ccc(C(N)=O)cc1
4ie3	mol2	ok	[O-]C(=O)[C@@]([NH3+])(CCCC[B](O)([OH2])O)CC[N@@H+]1CC[C@@H](O)CC1	[NH3+][C@](CCCC[B-](O)(O)[OH2+])(CC[N@H+]1CC[C@H](O)CC1)C(=O)[O-]
4ii9	mol2	ok	N([C@H](C(=O)N[C@@H](C(=O)[O-])CCC(=O)N[C@H](C(=O)N[C@H](C)C(=O)N[C@H](C)C(=O)[O-])CSCCC1=CN([C@@H]2[C@@H]([C@@H](COp(O[C@@H]3[C@@H](COp(O[C@@H]4[C@@H](CO[pH]([o])o)O[C@H]([C@@H]4O)N4C(=O)NC(=N)C=C4)([o])o)O[C@H]([C@@H]3O)N3C(=O)NC(=N)C=C3)([o])o)O[C@H]2N2c3c(N=C2)c(ncn3)N)O)N=N1)C)C(=O)[C@@H](C)O[C@@H]1[C@H]([C@@H](Op(Op(OC[C@@H]2[C@H]([C@H]([C@H](N3C(=O)NC(=O)C=C3)O2)O)O)([o])o)([o])o)O[C@@H]([C@H]1O)CO)NC(=O)C	[H]/N=c1\ccn([C@@H]2O[C@H](CO[P@@](=O)([O-])O[C@H]3[C@@H](O)[C@H](n4cc/c(=N\[H])[nH]c4=O)O[C@@H]3CO[P@@H](=O)[O-])[C@@H](O[P@@](=O)([O-])OC[C@H]3O[C@@H](n4cnc5c(N)ncnc54)[C@H](n4cc(CCSC[C@H](NC(=O)CC[C@@H](NC(=O)[C@H](C)NC(=O)[C@@H](C)O[C@H]5[C@H](O)[C@@H](CO)O[C@H](O[P@@](=O)([O-])O[P@](=O)([O-])OC[C@H]6O[C@@H](n7ccc(=O)[nH]c7=O)[C@H](O)[C@@H]6O)[C@@H]5NC(C)=O)C(=O)[O-])C(=O)N[C@H](C)C(=O)N[C@H](C)C(=O)[O-])nn4)[C@@H]3O)[C@H]2O)c(=O)[nH]1
4imq	mol2	ok	c(o)(OCc1ccccc1)N[C@H](C(=O)N[C@H](C(=O)N[C@H](C=O)CNC(=O)C)Cc1ccccc1)CC(C)C	CC(=O)NC[C@@H](C=O)NC(=O)[C@H](Cc1ccccc1)NC(=O)[C@H](CC(C)C)N[C]([O-])OCc1ccccc1
4imz	mol2	ok	c(o)(OCc1ccccc1)N[C@H](C(=O)N[C@H](C(=O)N[C@H](C=O)CCC(=O)N(C)C)Cc1ccccc1)CC(C)C	CC(C)C[C@H](N[C]([O-])OCc1ccccc1)C(=O)N[C@@H](Cc1ccccc1)C(=O)N[C@H](C=O)CCC(=O)N(C)C
4inh	mol2	ok	oc(OCc1ccccc1)N[C@@H](C)C(=O)N[C@H](C(=O)N[C@@H](CCC(=O)N(C)C)C=O)CC(C)C	CC(C)C[C@H](NC(=O)[C@H](C)N[C]([O-])OCc1ccccc1)C(=O)N[C@H](C=O)CCC(=O)N(C)C
4ixu	mol2	ok	Clc1c(Cl)ccc(c1)C[N@H+]1[C@@H]2CC[C@H]1C[C@H](C2)[C@](C(=O)[O-])([NH3+])CCCC[B](O)(O)[OH2]	[NH3+][C@@](CCCC[B-](O)(O)[OH2+])(C(=O)[O-])[C@H]1C[C@H]2CC[C@@H](C1)[N@H+]2Cc1ccc(Cl)c(Cl)c1
4ixv	mol2	ok	Clc1ccc(cc1)C[N@@H+]1CC[C@@H](CC1)[C@](C(=O)[O-])([NH3+])CCCC[B](O)([OH2])O	[NH3+][C@@](CCCC[B-](O)(O)[OH2+])(C(=O)[O-])[C@H]1CC[N@@H+](Cc2ccc(Cl)cc2)CC1
4j2t	mol2	ok	oc(O[C@@]1(C)C[C@H](Oc(o)CCC)[C@@]2(Oc(o)CCC)[C@@H](O[C@@H](O)[C@]2(O)C)[C@H]2[C@H](C)[C@H](Oc(o)[C@@H](C)CC)[C@@H](Oc(o)CCCCCCC)[C@H]12)C	CCCCCCC[C]([O-])O[C@@H]1[C@@H](O[C]([O-])[C@@H](C)CC)[C@@H](C)[C@H]2[C@H]1[C@@](C)(O[C](C)[O-])C[C@H](O[C]([O-])CCC)[C@@]1(O[C]([O-])CCC)[C@H]2O[C@@H](O)[C@@]1(C)O
4j70	mol2	ok	[O-]C(=O)[C@H]([C@@H](O)C(=O)N[C@H]1C[C@H]1C[C@H](NC(=O)[C@@H](Nc(o)OCc1ccccc1)C)CCc1ccccc1)[C@@H](C)CC	CC[C@H](C)[C@H](C(=O)[O-])[C@@H](O)C(=O)N[C@H]1C[C@H]1C[C@@H](CCc1ccccc1)NC(=O)[C@H](C)N[C]([O-])OCc1ccccc1
4j8t	mol2	ok	oc1C=C(CO1)[C@H]1CC[C@]2([C@]1(C)[C@H](O)C[C@H]1[C@H]2CC[C@H]2[C@]1(C)CC[C@@H](C2)O)O	C[C@]12CC[C@H](O)C[C@H]1CC[C@@H]1[C@@H]2C[C@@H](O)[C@]2(C)[C@@H](C3=C[C]([O-])OC3)CC[C@]12O
4j9a	mol2	ok	oc1OCC(=C1)[C@H]1CC[C@]2(O)[C@@H]3CC[C@@H]4C[C@@H](O)CC[C@]4(C)[C@H]3C[C@@H](O)[C@]12C	C[C@]12CC[C@H](O)C[C@H]1CC[C@@H]1[C@@H]2C[C@@H](O)[C@]2(C)[C@@H](C3=C[C]([O-])OC3)CC[C@]12O
4jfm	mol2	ok	S1C(=O)Nc2ccc(S(=O)(=O)N3CCCC[C@H]3c(o)OCCOc3ccc(OC)c(OC)c3)cc12	COc1ccc(OCCO[C]([O-])[C@@H]2CCCCN2S(=O)(=O)c2ccc3[nH]c(=O)sc3c2)cc1OC
4jjf	mol2	ok	O(c1nc(CC=O)c(C)c(c1C)Op([o])(o)OC[C@H]1O[C@H]([C@H](O)[C@@H]1O)N1C2=C(C(=O)N[c]([nH]2)[nH2])N=C1)CNc1ccc2c(c1)cccc2.[C]#[O].[C]#[O].[Fe+2]	Cc1c(CC=O)nc(OCNc2ccc3ccccc3c2)c(C)c1O[P@@](=O)([O-])OC[C@H]1O[C@@H](n2cnc3c(=O)[nH]c(=[NH2+])[nH]c32)[C@H](O)[C@@H]1O.[C]#[O+].[C]#[O+].[Fe+]
4jjg	mol2	ok	O(c1nc(CC=O)c(C)c(c1C)Op([o])(o)OC[C@H]1O[C@H]([C@H](O)[C@@H]1O)N1C2=C(C(=O)NC(=N2)N)N=C1)CNCS(=O)(=O)Cc1ccc(C)cc1.[Fe+2].[C]#[O].[C]#[O]	Cc1ccc(CS(=O)(=O)CNCOc2nc(CC=O)c(C)c(O[P@@](=O)([O-])OC[C@H]3O[C@@H](n4cnc5c(=O)[nH]c(N)nc54)[C@H](O)[C@@H]3O)c2C)cc1.[C]#[O+].[C]#[O+].[Fe+]
4jk5	mol2	ok	[NH3+][C@H](C(=O)N[C@@H]1C(=O)N[C@H](C(=O)N[C@H](C(=O)N[C@H](C(=O)N[C@H](C(=O)N[C@H](C(=O)N[C@H](C(=O)N[C@@H]2C(=O)N[C@H](C(=O)NCC(=O)N[C@H](C(=O)N[C@@H](C(=O)N[C@H](C(=O)N[C@H](C(=O)N[C@H](C(=O)NCC(=O)N)CSCc3cc(cc(c3)CSC2)CSC1)C)CO)CO)CCC[nH][c]([nH2])[nH2])CCC[nH][c]([nH2])[nH2])CC(=O)[O-])C(C)C)CCC(=O)[O-])Cc1ccc(cc1)O)CCC[nH][c]([nH2])[nH2])CO)C	CC(C)[C@@H]1NC(=O)[C@H](CCC(=O)[O-])NC(=O)[C@H](Cc2ccc(O)cc2)NC(=O)[C@H](CCCNC(N)=[NH2+])NC(=O)[C@H](CO)NC(=O)[C@@H](NC(=O)[C@H](C)[NH3+])CSCc2cc3cc(c2)CSC[C@H](NC(=O)[C@H](CC(=O)[O-])NC1=O)C(=O)N[C@@H](CCCNC(N)=[NH2+])C(=O)NCC(=O)N[C@@H](CCCNC(N)=[NH2+])C(=O)N[C@H](CO)C(=O)N[C@@H](CO)C(=O)N[C@@H](C)C(=O)N[C@H](C(=O)NCC(N)=O)CSC3
4jk6	mol2	ok	[NH3+][C@H](C(=O)N[C@@H]1C(=O)N[C@H](C(=O)N[C@H](C(=O)N[C@H](C(=O)N[C@H](C(=O)N[C@H](C(=O)N[C@H](C(=O)N[C@@H]2C(=O)N[C@H](C(=O)NCC(=O)N[C@H](C(=O)N[C@@H](C(=O)N[C@H](C(=O)N[C@H](C(=O)N[C@H](C(=O)NCC(=O)N)CSCc3cc(cc(c3)CSC2)CSC1)C)CO)CC)CCC[nH][c]([nH2])[nH2])CCC[nH][c]([nH2])[nH2])CC(=O)[O-])C(C)C)CCC(=O)[O-])Cc1ccc(cc1)O)CCC[nH][c]([nH2])[nH2])CO)C	CC[C@H]1NC(=O)[C@H](CCCNC(N)=[NH2+])NC(=O)CNC(=O)[C@H](CCCNC(N)=[NH2+])NC(=O)[C@@H]2CSCc3cc(cc(c3)CSC[C@@H](C(=O)NCC(N)=O)NC(=O)[C@H](C)NC(=O)[C@H](CO)NC1=O)CSC[C@H](NC(=O)[C@H](C)[NH3+])C(=O)N[C@@H](CO)C(=O)N[C@@H](CCCNC(N)=[NH2+])C(=O)N[C@@H](Cc1ccc(O)cc1)C(=O)N[C@@H](CCC(=O)[O-])C(=O)N[C@@H](C(C)C)C(=O)N[C@@H](CC(=O)[O-])C(=O)N2
4jql	mol2	ok	oc(O[C@H]1CC/C=C(\C)/C(=O)Nc2cc(OC)cc(COC[C@H](OC)[C@H](OC)[C@@H](C)/C=C(\C)/[C@@H]1Oc(o)N)c2)N	COc1cc2cc(c1)NC(=O)/C(C)=C/CC[C@H](O[C](N)[O-])[C@@H](O[C](N)[O-])/C(C)=C/[C@H](C)[C@@H](OC)[C@@H](OC)COC2
4jym	mol2	ok	oc1OC2=COC=CC2=C1C	CC1=C2C=COC=C2O[C]1[O-]
4jzr	mol2	ok	O=C1N(CC[C@]21CC[N@@+](CC2)CC1=[NH]C=CN1C)c1ccc(cc1)c1ccccc1	Cn1cc[nH+]c1C[N+]1CCC2(CCN(c3ccc(-c4ccccc4)cc3)C2=O)CC1
4k42	mol2	ok	O=CN(C)/C=C/[C@@H](C)[C@@H](Oc(o)C)[C@@H](C)C(=O)CC[C@H](C)[C@@H](O)[C@H](C)[C@H](Oc(o)CC)CCOCc1ccccc1	CC[C]([O-])O[C@H](CCOCc1ccccc1)[C@@H](C)[C@H](O)[C@@H](C)CCC(=O)[C@H](C)[C@H](O[C](C)[O-])[C@H](C)/C=C/N(C)C=O
4k4f	mol2	ok	oc1OC(C)(C)[C@@H](N1c1ccc(cc1)C(=O)Nc1cccc2cccnc12)c1ccccc1	CC1(C)O[C]([O-])N(c2ccc(C(=O)Nc3cccc4cccnc34)cc2)[C@H]1c1ccccc1
4k55	mol2	ok	p([o])([o])(o)op([o])(o)OC/C=C(/C)\CO	C/C(=C/CO[P@@+](=O)([O-]):[O-]P(=O)([O-])[O-])CO
4kb9	mol2	ok	S(=O)(=O)(N(C[C@@H](O)[C@@H](Nc(o)O[C@H]1CCC[C@H]2O[C@@H]3OCC[C@@H]3[C@@H]12)Cc1ccccc1)CC(C)C)c1ccc(OC)cc1	COc1ccc(S(=O)(=O)N(CC(C)C)C[C@@H](O)[C@H](Cc2ccccc2)N[C]([O-])O[C@H]2CCC[C@H]3O[C@@H]4OCC[C@@H]4[C@@H]23)cc1
4keq	mol2	ok	C[c]1[nH]cc2-c(o)OCc2c1O	Cc1[nH+]cc2c(c1O)CO[C]2[O-]
4kiq	mol2	ok	oc(OCC)N1C=Cc2ccc(cc12)C(=O)Nc1cc(ccc1C)C(=O)NC1CC1	CCO[C]([O-])n1ccc2ccc(C(=O)Nc3cc(C(=O)NC4CC4)ccc3C)cc21
4kln	mol2	ok	p(S)([o])(o)Op([o])(o)Op([o])(o)OC[C@H]1O[C@H]([C@@H]([C@@H]1O)O)N1C=Nc2c(N)ncnc12	Nc1ncnc2c1ncn2[C@@H]1O[C@H](CO[P@](=O)([O-])O[P@@](=O)([O-])O[P@@](=O)([O-])S)[C@@H](O)[C@H]1O
4klv	mol2	ok	p([o])([o])(o)Oc1ccc2c(Oc(o)C=C2C)c1	CC1=C[C]([O-])Oc2cc(OP(=O)([O-])[O-])ccc21
4kmu	mol2	ok	c1(c2c(c(c3c4c(c(c(c13)O)C)O[C@](C4=O)(C)OCC[C@@H]([C@H]([C@H]([C@@H]([C@@H]([C@@H]([C@H]([C@H](CCC[C@H](C(=O)N2)C)C)O)C)O)C)Oc(C)o)C)OC)O)C[NH2+][N@@H+]1CC[N@@H+](C)CC1)O	CO[C@H]1CCO[C@@]2(C)Oc3c(C)c(O)c4c(O)c(c(C[NH2+][N@H+]5CC[N@H+](C)CC5)c(O)c4c3C2=O)NC(=O)[C@H](C)CCC[C@H](C)[C@H](O)[C@@H](C)[C@@H](O)[C@@H](C)[C@H](O[C](C)[O-])[C@@H]1C
4kn4	mol2	ok	oc(O[C@H]1[C@H](C)[C@H](O)[C@H](C)[C@@H](O)[C@@H](C)CCC[C@@H](C)C(=O)Nc2c(O)c3c(O)c(C)c4O[C@@](OCC[C@H](OC)[C@H]1C)(C)C(=O)c4c3c1Nc3c(OCC[NH+](CC)CC)cccc3Oc21)C	CC[NH+](CC)CCOc1cccc2c1Nc1c(c3c(O)c4c(O)c(C)c5c(c14)C(=O)[C@@](C)(OCC[C@H](OC)[C@@H](C)[C@@H](O[C](C)[O-])[C@H](C)[C@H](O)[C@H](C)[C@@H](O)[C@@H](C)CCC[C@@H](C)C(=O)N3)O5)O2
4kn7	mol2	mismatch_inchikey	oc(O[C@H]1[C@H](C)[C@H](O)[C@H](C)[C@@H](O)[C@@H](C)CCC=C(C)C(=O)Nc2c(O)c3c(O)c(C)c4O[C@@](O/C=C/[C@H](OC)[C@H]1C)(C)C(=O)c4c3c1Nc3c(OCCCC[N@@H+]4CC[N@@H+](CCN5C=NC=C5)CC4)cccc3Oc21)C	
4ko8	mol2	ok	p(S)([o])(o)Op([o])(o)Op([o])(o)OC[C@H]1O[C@H]([C@@H]([C@@H]1O)O)N1C=Nc2c(N)ncnc12	Nc1ncnc2c1ncn2[C@@H]1O[C@H](CO[P@](=O)([O-])O[P@@](=O)([O-])O[P@@](=O)([O-])S)[C@@H](O)[C@H]1O
4kot	mol2	ok	S1C=C([nH][c]1[nH2])/C(=N/OC)/C(=O)N[C@H]1[C@H]2SCC(=C(N2C1=O)C(=O)[O-])COc(o)C	CO/N=C(\C(=O)N[C@@H]1C(=O)N2C(C(=O)[O-])=C(CO[C](C)[O-])CS[C@H]12)c1csc(=[NH2+])[nH]1
4kov	mol2	ok	S1CC(=C(N2[C@H]1[C@H](NC(=O)/C(=N\OC)/C1=CC=CO1)C2=O)C(=O)[O-])COc(o)N	CO/N=C(\C(=O)N[C@@H]1C(=O)N2C(C(=O)[O-])=C(CO[C](N)[O-])CS[C@H]12)c1ccco1
4kow	mol2	ok	S1C=CC=C1CC(=O)N[C@@]1(OC)[C@H]2SCC(=C(N2C1=O)C(=O)[O-])COc(o)N	CO[C@@]1(NC(=O)Cc2cccs2)C(=O)N2C(C(=O)[O-])=C(CO[C](N)[O-])CS[C@@H]21
4kox	mol2	ok	S1C=CC=C1CC(=O)N[C@H]1[C@H]2SCC(=C(N2C1=O)C(=O)[O-])COc(o)C	C[C]([O-])OCC1=C(C(=O)[O-])N2C(=O)[C@@H](NC(=O)Cc3cccs3)[C@H]2SC1
4ktc	mol2	ok	c(o)(OC1CCCC1)N[C@@H]1C(=O)N2[C@H](C(=O)N[C@@]3(C[C@H]3CCCCCCC1)C(=O)NS(=O)(=O)C1CC1)C[C@H](C2)Oc(N1Cc2c(CC1)cccc2)o	O=C1N[C@]2(C(=O)NS(=O)(=O)C3CC3)C[C@H]2CCCCCCC[C@H](N[C]([O-])OC2CCCC2)C(=O)N2C[C@H](O[C]([O-])N3CCc4ccccc4C3)C[C@@H]12
4ktu	mol2	ok	C(=O)(C)N[C@H](C(=O)N[C@H](C(=O)N[C@@H]1C(=O)N[C@H](C(=O)N[C@@H]2C(=O)N[C@H](C(=O)N3[C@H](C(=O)N[C@@H]4C(=O)N[C@H](C(=O)N[C@H](C(=O)N[C@H](C(=O)N[C@H](C(=O)[O-])CCC(=O)NCCCC2)CCc(OC4)o)CC2=CNc4c2cccc4)Cc(O[C@@H]1C)o)CCC3)Cc1ccc(cc1)O)CCC[nH][c]([nH2])[nH2])CO)[C@H](CC)C	CC[C@H](C)[C@H](NC(C)=O)C(=O)N[C@@H](CO)C(=O)N[C@@H]1C(=O)N[C@@H](CCCNC(N)=[NH2+])C(=O)N[C@H]2CCCCNC(=O)CC[C@@H](C(=O)[O-])NC(=O)[C@@H]3CC[C]([O-])OC[C@H](NC(=O)[C@@H]4CCCN4C(=O)[C@H](Cc4ccc(O)cc4)NC2=O)C(=O)N[C@@H](C[C]([O-])O[C@@H]1C)C(=O)N[C@@H](Cc1c[nH]c2ccccc12)C(=O)N3
4kz0	mol2	ok	S1C(=Nc2ccc(cc12)c(o)OC)NC(=O)C	CO[C]([O-])c1ccc2nc(NC(C)=O)sc2c1
4kz7	mol2	ok	[O-]C(=O)[C@@]12Oc(o)[C@@](C)(CC1)C2(C)C	CC1(C)[C@@]2(C(=O)[O-])CC[C@]1(C)[C]([O-])O2
4l0i	mol2	ok	oc(OCC)c1ccc(cc1)C1=CC(=O)c2ccccc2O1	CCO[C]([O-])c1ccc(-c2cc(=O)c3ccccc3o2)cc1
4l0l	mol2	ok	S1C=C([nH][c]1[nH2])/C(=N/OC(C)(C)C(=O)[O-])/C(=O)N[C@H](C(=O)[O-])[C@H](Ns([o])([o])[o])CNC(=O)NCC1=CC(=O)C(=C[N]1=O)O	CC(C)(O/N=C(\C(=O)N[C@H](C(=O)[O-])[C@@H](CNC(=O)NCC1=CC(=O)C(O)=C[N+]1=O)NS(=O)(=O)[O-])c1csc(=[NH2+])[nH]1)C(=O)[O-]
4l31	mol2	ok	oc(OC)c1ccc(cc1)C1=CC(=O)c2ccccc2O1	CO[C]([O-])c1ccc(-c2cc(=O)c3ccccc3o2)cc1
4l33	mol2	ok	oc(OCC#N)c1ccc(cc1)C1=CC(=O)c2ccccc2O1	N#CCO[C]([O-])c1ccc(-c2cc(=O)c3ccccc3o2)cc1
4l7u	mol2	ok	oc(OC)[C@@H](NC(=O)CCC1=Nc2ccccc2C(=O)N1)Cc1ccccc1	CO[C]([O-])[C@H](Cc1ccccc1)NC(=O)CCc1nc2ccccc2c(=O)[nH]1
4ll3	mol2	ok	S(=O)(=O)(N(C[C@@H](O)[C@@H](Nc(o)O[C@H]1CO[C@H]2OCC[C@@H]12)Cc1ccccc1)CC(C)C)c1ccc(N)cc1	CC(C)CN(C[C@@H](O)[C@H](Cc1ccccc1)N[C]([O-])O[C@H]1CO[C@H]2OCC[C@H]21)S(=O)(=O)c1ccc(N)cc1
4lnb	mol2	ok	S(=O)(=O)(N(CCN(CC1=C[NH]=CN1C)c1ccc(C#N)cc1)CC1CCN(CC1)c(o)OC(C)(C)C)c1ccccc1C	Cc1ccccc1S(=O)(=O)N(CCN(Cc1c[nH+]cn1C)c1ccc(C#N)cc1)CC1CCN([C]([O-])OC(C)(C)C)CC1
4lpb	mol2	ok	S1C=C(N=C1c1cc(ncc1c1cncc(c1)C1=NNc(o)O1)NC(=O)NCC)C(F)(F)F	CCNC(=O)Nc1cc(-c2nc(C(F)(F)F)cs2)c(-c2cncc(C3=NN[C]([O-])O3)c2)cn1
4lpg	mol2	ok	S1c2ncnc(NC(p([o])([o])o)p([o])([o])o)c2C=C1c1ccc(C)cc1	Cc1ccc(-c2cc3c(NC(P(=O)([O-])[O-])P(=O)([O-])[O-])ncnc3s2)cc1
4lrr	mol2	ok	O=N(=O)c1ccc(cc1)c(o)Oc1ccc2Oc(-c3cccc1c23)o	O=[N+]([O-])c1ccc([C]([O-])Oc2ccc3c4c(cccc24)[C]([O-])O3)cc1
4m0f	mol2	ok	oc1OC(=CC2=C1C[C@@]1(O)[C@@](O2)(C)CC[C@@]2(O)C(C)(C)C=CC(=O)[C@]12C)c1cc(OC)c(OC)c(OC)c1	COc1cc(C2=CC3=C(C[C@]4(O)[C@@]5(C)C(=O)C=CC(C)(C)[C@]5(O)CC[C@@]4(C)O3)[C]([O-])O2)cc(OC)c1OC
4m8x	mol2	ok	S(=O)(=O)(N(C[C@@H](O)[C@@H](Nc(o)O[C@H]1CO[C@H]2OCC[C@@H]12)Cc1ccc(OCp(o)(OCC)OCC)cc1)CC(C)C)c1ccc(OC)cc1	CCOP(=O)(COc1ccc(C[C@H](N[C]([O-])O[C@H]2CO[C@H]3OCC[C@H]32)[C@H](O)CN(CC(C)C)S(=O)(=O)c2ccc(OC)cc2)cc1)OCC
4m8y	mol2	ok	S(=O)(=O)(N(C[C@@H](O)[C@@H](Nc(o)O[C@H]1CO[C@H]2OCC[C@@H]12)Cc1ccc(OCp(o)(OCC)OCC)cc1)CC(C)C)c1ccc(OC)cc1	CCOP(=O)(COc1ccc(C[C@H](N[C]([O-])O[C@H]2CO[C@H]3OCC[C@H]32)[C@H](O)CN(CC(C)C)S(=O)(=O)c2ccc(OC)cc2)cc1)OCC
4mbf	mol2	ok	[sH]([o])([o])[C@@](C)(COc(o)CCCCC(=O)[O-])[C@@H](N/C=C/C(=O)[O-])C(=O)[O-]	C[C@](CO[C]([O-])CCCCC(=O)[O-])([C@@H](N/C=C/C(=O)[O-])C(=O)[O-])[S@@H+](=O)[O-]
4mbi	mol2	ok	[NH+](C)(C)CCN[c]1ccn2[c]([nH]1)C(=CN2)C1=CNN=C1	C[NH+](C)CCNc1cc[n+]2[nH]cc(-c3cn[nH]c3)c2[nH+]1
4mc1	mol2	ok	S1(=O)(=O)N(C[C@@H](O)[C@@H](Nc(o)O[C@@H]2COCC2)Cc2ccccc2)C[C@@H](Cc2cc(F)ccc12)C(C)(C)C	CC(C)(C)[C@@H]1Cc2cc(F)ccc2S(=O)(=O)N(C[C@@H](O)[C@H](Cc2ccccc2)N[C]([O-])O[C@H]2CCOC2)C1
4mc2	mol2	ok	S1(=O)(=O)N(C[C@@H](O)[C@@H](Nc(o)O[C@@H]2COCC2)Cc2ccccc2)C[C@H](Cc2cc(F)ccc12)C(C)(C)C	CC(C)(C)[C@H]1Cc2cc(F)ccc2S(=O)(=O)N(C[C@@H](O)[C@H](Cc2ccccc2)N[C]([O-])O[C@H]2CCOC2)C1
4mc9	mol2	ok	S1(=O)(=O)N(C[C@@H](O)[C@@H](Nc(o)O[C@@H]2COCC2)Cc2ccccc2)C[C@H](Cc2cc(F)ccc12)C(C)C	CC(C)[C@H]1Cc2cc(F)ccc2S(=O)(=O)N(C[C@@H](O)[C@H](Cc2ccccc2)N[C]([O-])O[C@H]2CCOC2)C1
4mdt	mol2	ok	p([o])(o)(Op([o])(o)O[C@H]1O[C@H](CO)[C@@H](O)[C@H](Oc(o)C[C@H](O)CCCCCCCCCCC)[C@H]1[NH3+])OC[C@H]1O[C@@H](N2C=CC(=O)NC2=O)[C@H](O)[C@@H]1O	CCCCCCCCCCC[C@@H](O)C[C]([O-])O[C@@H]1[C@@H]([NH3+])[C@@H](O[P@](=O)([O-])O[P@](=O)([O-])OC[C@H]2O[C@@H](n3ccc(=O)[nH]c3=O)[C@H](O)[C@@H]2O)O[C@H](CO)[C@H]1O
4mex	mol2	ok	O=C([C@H](C)[C@H](O)C(C)C)N[C@@H]1C(=O)N[C@@H](C(=O)N[C@@H]2C(=O)N(C)[C@H](C(=O)N[C@@H](C(=O)N[C@H](c(O[C@@H]1C)o)COc(o)CNC(=O)/C=C/[C@@]1(OC1)[C@H](Oc1ccc2cc1)C)[C@H](O)C)Cc1ccccc1)[C@@H](C)CC	CC[C@H](C)[C@H]1NC(=O)[C@@H](NC(=O)[C@H](C)[C@H](O)C(C)C)[C@@H](C)O[C]([O-])[C@@H]2CO[C]([O-])CNC(=O)/C=C/[C@]3(CO3)[C@@H](C)Oc3ccc(cc3)[C@H](NC1=O)C(=O)N(C)[C@@H](Cc1ccccc1)C(=O)N[C@H]([C@@H](C)O)C(=O)N2
4mg6	mol2	ok	oc(OCCCC)c1ccccc1c(o)OCc1ccccc1	CCCCO[C]([O-])c1ccccc1[C]([O-])OCc1ccccc1
4mg7	mol2	ok	oc(O[C@H]1CC(=CC[C@@]2(C)CC[C@@](O)(C(C)C)[C@H]12)C)c1ccc(O)cc1	CC1=CC[C@@]2(C)CC[C@@](O)(C(C)C)[C@@H]2[C@@H](O[C]([O-])c2ccc(O)cc2)C1
4mg8	mol2	ok	oc1-c2c(O)cc(O)cc2CCCCC[C@@H](O)CCC[C@@H](O1)C	C[C@H]1CCC[C@H](O)CCCCCc2cc(O)cc(O)c2[C]([O-])O1
4mg9	mol2	ok	oc(OCCCC)c1ccc(O)cc1	CCCCO[C]([O-])c1ccc(O)cc1
4mka	mol2	ok	S(=O)(=O)(Nc1ccc2C=C(Oc(-c2c1)o)c1cc(cc(c1OC)C(C)(C)C)C1=CC=CNC1=O)C	COc1c(C2=Cc3ccc(NS(C)(=O)=O)cc3[C]([O-])O2)cc(-c2ccc[nH]c2=O)cc1C(C)(C)C
4mq2	mol2	ok	Clc1ccc(cc1NC(=O)C1=Cc2cnc(OC)nc2NC1=O)c(o)OC	CO[C]([O-])c1ccc(Cl)c(NC(=O)c2cc3cnc(OC)nc3[nH]c2=O)c1
4mqp	mol2	ok	[o]p([o])(o)OCc1[cH][nH]c(C)c(O)c1C/N=N/C1=Nc2ccccc2S1	Cc1[nH+]cc(COP(=O)([O-])[O-])c(C/N=N/c2nc3ccccc3s2)c1O
4msl	mol2	ok	[O-]C(=O)[C@@H]([NH2+]Cc1c(O)ccc2c1Oc(o)C=C2C)CC(C)C	CC1=C[C]([O-])Oc2c1ccc(O)c2C[NH2+][C@@H](CC(C)C)C(=O)[O-]
4n4t	mol2	ok	oc1OC(C)(C)[C@@H](N1c1ccc(cc1)c1cnc(N)c(c1)c1ncccn1)c1ccccc1	CC1(C)O[C]([O-])N(c2ccc(-c3cnc(N)c(-c4ncccn4)c3)cc2)[C@H]1c1ccccc1
4n4v	mol2	ok	oc1OC(C)(C)[C@@H](N1[C@H]1CC[C@@H](CC1)c1cnc(N)c(c1)c1ncccn1)c1ccccc1	CC1(C)O[C]([O-])N([C@H]2CC[C@H](c3cnc(N)c(-c4ncccn4)c3)CC2)[C@H]1c1ccccc1
4nj3	mol2	ok	Clc1cccc(c1)c1ccc2nc(cc(C(=O)[O-])c2c1)C(=O)N[C@@H](Cc1ccc(O)cc1)c(o)OC	CO[C]([O-])[C@H](Cc1ccc(O)cc1)NC(=O)c1cc(C(=O)[O-])c2cc(-c3cccc(Cl)c3)ccc2n1
4nnn	mol2	ok	c(o)(OCc1ccccc1)N[C@H](C(=O)N[C@H](C(=O)N[C@H](CO)CC(C)C)CC(C)C)CC(C)C	CC(C)C[C@@H](CO)NC(=O)[C@H](CC(C)C)NC(=O)[C@H](CC(C)C)N[C]([O-])OCc1ccccc1
4nnr	mol2	mismatch_inchikey	oc1O[C@H](/C(=C/[C@@H]2CC[C@@H](O)[C@H](OC)C2)/C)[C@H](C)[C@@H](O)CC(=O)[C@H](CCC)/C=C(\C)/C[C@H](C)C[C@H](OC)[C@H]2O[C@@](O)(C(=C(O)N3CCCC[C@@H]13)O)[C@H](C)C[C@@H]2OC	
4nnw	mol2	ok	oc(OCc1ccccc1)N[C@@H](CC(C)C)C(=O)N[C@@H](CC(C)C)C(=O)N[C@@H](CC(C)C)C(=O)C=O	CC(C)C[C@H](NC(=O)[C@H](CC(C)C)NC(=O)[C@H](CC(C)C)N[C]([O-])OCc1ccccc1)C(=O)C=O
4no1	mol2	ok	c1ccccc1COc(o)N[C@H](C(=O)N[C@H](C(=O)N[C@@H](CC(C)C)B(O)O)CC(C)C)CC(C)C	CC(C)C[C@H](NC(=O)[C@H](CC(C)C)NC(=O)[C@H](CC(C)C)N[C]([O-])OCc1ccccc1)B(O)O
4no6	mol2	ok	S(=O)(=O)(C)/C=C/[C@@H](NC(=O)[C@@H](NC(=O)[C@@H](Nc(o)OCc1ccccc1)CC(C)C)CC(C)C)CC(C)C	CC(C)C[C@@H](/C=C/S(C)(=O)=O)NC(=O)[C@H](CC(C)C)NC(=O)[C@H](CC(C)C)N[C]([O-])OCc1ccccc1
4no8	mol2	ok	oc(OCc1ccccc1)N[C@@H](CC(C)C)C(=O)N[C@@H](CC(C)C)C(=O)N[C@@H](CC(C)C)C(=O)C(=O)Nc1ccccc1	CC(C)C[C@H](N[C]([O-])OCc1ccccc1)C(=O)N[C@@H](CC(C)C)C(=O)N[C@@H](CC(C)C)C(=O)C(=O)Nc1ccccc1
4no9	mol2	mismatch_inchikey	O1C[C@@]1(C)C(=O)[C@@H](NC(=O)[C@@H](NC(=O)[C@@H](Nc(o)OCc1ccccc1)CC(C)C)CC(C)C)CC(C)C	
4ntj	mol2	ok	CCOc(o)c1cc(C#N)c(nc1C)N1CCC(CC1)C(=O)NS(=O)(=O)Cc1ccccc1	CCO[C]([O-])c1cc(C#N)c(N2CCC(C(=O)NS(=O)(=O)Cc3ccccc3)CC2)nc1C
4nwc	mol2	ok	[O-]C(=O)[C@@H]([NH3+])C[C@@H](CCc(o)OC)C(=O)[O-]	CO[C]([O-])CC[C@H](C[C@H]([NH3+])C(=O)[O-])C(=O)[O-]
4nwk	mol2	ok	[C@H]1(C[C@H](CN1C(=O)[C@H](C(C)(C)C)Nc(o)OC(C)(C)C)Oc1c2c(ccn1)cc(cc2)OC)C(=O)N[C@@]1(C(=O)NS(=O)(=O)C2CC2)[C@H](C=C)C1	C=C[C@@H]1C[C@]1(NC(=O)[C@@H]1C[C@@H](Oc2nccc3cc(OC)ccc23)CN1C(=O)[C@@H](N[C]([O-])OC(C)(C)C)C(C)(C)C)C(=O)NS(=O)(=O)C1CC1
4o7c	mol2	ok	C1C[NH2+]CCC1C1=[NH]C(=C(c2ccncc2)N1)c1ccc2[C@@H](CCc2c1)N=O	O=N[C@@H]1CCc2cc(-c3[nH+]c(C4CC[NH2+]CC4)[nH]c3-c3ccncc3)ccc21
4oar	mol2	ok	oc(O[C@@]1(CC[C@H]2[C@@H]3CCC4=CC(=O)CCC4=C3[C@H](C[C@]12C)c1ccc(N(C)C)cc1)C(=O)C)C	C[C]([O-])O[C@]1(C(C)=O)CC[C@H]2[C@@H]3CCC4=CC(=O)CCC4=C3[C@@H](c3ccc(N(C)C)cc3)C[C@@]21C
4ob0	mol2	ok	B([OH2])(O)c1ccccc1	OB([OH2+])c1ccccc1
4ob2	mol2	ok	CCCCB(O)[OH2]	CCCCB(O)[OH2+]
4oo9	mol2	ok	oc(OC)N1CC[C@@H]2[C@H]1CCC[C@@]2(O)C#Cc1cccc(C)c1	CO[C]([O-])N1CC[C@@H]2[C@H]1CCC[C@@]2(O)C#Cc1cccc(C)c1
4oon	mol2	ok	S1C=C([nH][c]1[nH2])/C(=N/OC(C)(C)C(=O)[O-])/C(=O)N[C@H](C(=O)[O-])CO[N][C@@H](C[C@H](N1C(=O)c2cc(O)c(O)cc2C1=O)C(=O)[O-])C(=O)[O-]	CC(C)(O/N=C(\C(=O)N[C@@H](CO[N-][C@@H](C[C@@H](C(=O)[O-])N1C(=O)c2cc(O)c(O)cc2C1=O)C(=O)[O-])C(=O)[O-])c1csc(=[NH2+])[nH]1)C(=O)[O-]
4or4	mol2	ok	p([o])([o])(o)op([o])(o)OC[C@H]1O[C@@H](N2CN(C)C3=C2N=C(N)NC3=O)[C@H](O)[C@@H]1O	CN1CN([C@@H]2O[C@H](CO[P@@+](=O)([O-]):[O-]P(=O)([O-])[O-])[C@@H](O)[C@H]2O)c2nc(N)[nH]c(=O)c21
4oyb	mol2	ok	oc(OCC)COc1cccc(c1)C(=O)C1=NO[nH][c]1[nH2]	CCO[C]([O-])COc1cccc(C(=O)c2no[nH]c2=[NH2+])c1
4p6g	mol2	ok	Fc1ccc(cc1)C(=O)N[C@@H]1[C@@H](Oc(o)NC)COc2ccc(N3CC[N@@H+](CC3)C3COC3)cc12	CN[C]([O-])O[C@H]1COc2ccc(N3CC[NH+](C4COC4)CC3)cc2[C@@H]1NC(=O)c1ccc(F)cc1
4p6w	mol2	ok	ClCC(=O)[C@@]1(Oc(o)C2=CC=CO2)[C@H](C)C[C@H]2[C@@H]3CCC4=CC(=O)C=C[C@]4(C)[C@@]3(Cl)[C@@H](O)C[C@]12C	C[C@@H]1C[C@H]2[C@@H]3CCC4=CC(=O)C=C[C@]4(C)[C@@]3(Cl)[C@@H](O)C[C@]2(C)[C@@]1(O[C]([O-])c1ccco1)C(=O)CCl
4p7e	mol2	ok	S1(=O)(=O)CC[N+](CC1)Cc1ccc(cc1)C1=CC=CC2=[nH]c([nH]N12)[nH]C(=O)C1CC1	O=C(Nc1[nH+]c2cccc(-c3ccc(C[N+]4CCS(=O)(=O)CC4)cc3)n2[nH+]1)C1CC1
4pft	mol2	ok	OC[C@H]1O[C@@H](O[C@H]2[C@H](O)[C@H](O)c(o)O[C@@H]2CO)[C@@H](O)[C@@H](O)[C@@H]1O	[O-][C]1O[C@H](CO)[C@@H](O[C@@H]2O[C@H](CO)[C@@H](O)[C@H](O)[C@@H]2O)[C@H](O)[C@@H]1O
4pg3	mol2	ok	oc1-c2c(O)cc(O)cc2C[C@@H](O1)C[C@@H]1O[C@@H](C)CCC1	C[C@H]1CCC[C@H](C[C@H]2Cc3cc(O)cc(O)c3[C]([O-])O2)O1
4pl3	mol2	ok	oc1Oc2c(C=O)c(O)c(OC)cc2C(=C1CCOCCOC)C	COCCOCCC1=C(C)c2cc(OC)c(O)c(C=O)c2O[C]1[O-]
4psb	mol2	ok	[O-]C(=O)[C@H]1[C@H]2[C@]3(Oc(o)[C@]2(C)[C@@H](O)C=C3)[C@@H]2CC[C@]3(O)C[C@]12CC3=C	C=C1C[C@]23C[C@@]1(O)CC[C@H]2[C@@]12C=C[C@H](O)[C@@](C)([C]([O-])O1)[C@H]2[C@@H]3C(=O)[O-]
4pyv	mol2	ok	Clc1cccc(CN(C(=O)[C@H]2C[NH2+]C[C@@H](Nc(o)OC(C)(C)C)C2)C2CC2)c1Cl	CC(C)(C)O[C]([O-])N[C@@H]1C[NH2+]C[C@H](C(=O)N(Cc2cccc(Cl)c2Cl)C2CC2)C1
4q0k	mol2	ok	[O-]C(=O)[C@H]1[C@H]2[C@]3(Oc(o)[C@]2(C)[C@@H](O)C=C3)[C@@H]2CC[C@]3(O)C[C@]12CC3=C	C=C1C[C@]23C[C@@]1(O)CC[C@H]2[C@@]12C=C[C@H](O)[C@@](C)([C]([O-])O1)[C@H]2[C@@H]3C(=O)[O-]
4q1w	mol2	ok	S(=O)(=O)(N(C[C@@H](O)[C@@H](Nc(o)O[C@H]1CO[C@H]2OCC[C@@H]12)Cc1ccccc1)CC(C)C)c1ccc(N)cc1	CC(C)CN(C[C@@H](O)[C@H](Cc1ccccc1)N[C]([O-])O[C@H]1CO[C@H]2OCC[C@H]21)S(=O)(=O)c1ccc(N)cc1
4q1x	mol2	ok	S(=O)(=O)(N(C[C@@H](O)[C@@H](Nc(o)O[C@H]1CO[C@H]2OCC[C@@H]12)Cc1ccccc1)CC(C)C)c1ccc(N)cc1	CC(C)CN(C[C@@H](O)[C@H](Cc1ccccc1)N[C]([O-])O[C@H]1CO[C@H]2OCC[C@H]21)S(=O)(=O)c1ccc(N)cc1
4q1y	mol2	ok	S(=O)(=O)(N(C[C@@H](O)[C@@H](Nc(o)O[C@H]1CO[C@H]2OCC[C@@H]12)Cc1ccccc1)CC(C)C)c1ccc(N)cc1	CC(C)CN(C[C@@H](O)[C@H](Cc1ccccc1)N[C]([O-])O[C@H]1CO[C@H]2OCC[C@H]21)S(=O)(=O)c1ccc(N)cc1
4qag	mol2	ok	[O-]C(=O)CC1=Cc(o)Oc2c(O)c(O)ccc12	O=C([O-])CC1=C[C]([O-])Oc2c1ccc(O)c2O
4qev	mol2	ok	Clc1ccc(cc1)C1=N[C@H](C2=NN=C(N2c2ccc(OC)cc12)C)[C@@H](C)c(o)OC	CO[C]([O-])[C@H](C)[C@@H]1N=C(c2ccc(Cl)cc2)c2cc(OC)ccc2-n2c(C)nnc21
4qew	mol2	ok	COc(o)[C@H](CC)[C@@H]1N=C(c2c(N3C1=NN=C3C)ccc(OC)c2)c1ccc(Cl)cc1	CC[C@@H]([C]([O-])OC)[C@@H]1N=C(c2ccc(Cl)cc2)c2cc(OC)ccc2-n2c(C)nnc21
4qjr	mol2	ok	p([o])([o])(o)O[C@H]1[C@@H](O)[C@@H](Op([o])(o)OC[C@@H](Oc(o)CCCCCCCCCCCCCCC)COc(o)CCCCCCCCCCCCCCC)[C@H](O)[C@@H](Op([o])([o])o)[C@@H]1Op([o])([o])o	CCCCCCCCCCCCCCC[C]([O-])OC[C@@H](CO[P@@](=O)([O-])O[C@H]1[C@H](O)[C@@H](OP(=O)([O-])[O-])[C@H](OP(=O)([O-])[O-])[C@@H](OP(=O)([O-])[O-])[C@H]1O)O[C]([O-])CCCCCCCCCCCCCCC
4qk4	mol2	ok	p([o])([o])(o)O[C@@H]1[C@@H](O)[C@@H](O)[C@@H](Op([o])(o)OC[C@@H](Oc(o)CCCCCCCCCCCCCCC)COc(o)CCCCCCCCCCCCCCC)[C@H](O)[C@H]1Op([o])([o])o	CCCCCCCCCCCCCCC[C]([O-])OC[C@@H](CO[P@@](=O)([O-])O[C@@H]1[C@H](O)[C@H](O)[C@@H](OP(=O)([O-])[O-])[C@H](OP(=O)([O-])[O-])[C@H]1O)O[C]([O-])CCCCCCCCCCCCCCC
4qsk	mol2	ok	p([o])([o])OC[C@H]1O[C@@H](N2C=Nc3c(N)ncnc23)[C@H](O)[C@@H]1O	Nc1ncnc2c1ncn2[C@@H]1O[C@H](CO[P+](=O)[O-])[C@@H](O)[C@H]1O
4qt2	mol2	ok	oc1O[C@@H](CC(=O)[C@H](C)C[C@@H](C)[C@@H](O)[C@@H](OC)C(=O)[C@H](C)C[C@H](C)/C=C/C=C/C[C@@H](C)[C@@H](OC)C[C@H]2O[C@@](O)(C(=O)C(=O)N3CCCC[C@@H]13)[C@H](C)CC2)[C@H](C)C[C@@H]1CC[C@@H](O)[C@H](OC)C1	CO[C@H]1C[C@@H]2CC[C@@H](C)[C@@](O)(O2)C(=O)C(=O)N2CCCC[C@H]2[C]([O-])O[C@H]([C@H](C)C[C@@H]2CC[C@@H](O)[C@H](OC)C2)CC(=O)[C@H](C)C[C@@H](C)[C@@H](O)[C@@H](OC)C(=O)[C@H](C)C[C@H](C)/C=C/C=C/C[C@H]1C
4qzs	mol2	ok	Clc1ccc(cc1)C1=N[C@@H](Cc(o)OC(C)(C)C)C2=NN=C(N2C2=C1C(=C(S2)C)C)C	Cc1sc2c(c1C)C(c1ccc(Cl)cc1)=N[C@@H](C[C]([O-])OC(C)(C)C)c1nnc(C)n1-2
4r02	mol2	ok	oc(OCc1ccccc1)N[C@@H](CC(C)C)C(=O)N[C@@H](CC(C)C)C(=O)N[C@@H](CC(C)C)C(=O)C(=O)Nc1ccc(C)cc1C	Cc1ccc(NC(=O)C(=O)[C@H](CC(C)C)NC(=O)[C@H](CC(C)C)NC(=O)[C@H](CC(C)C)N[C]([O-])OCc2ccccc2)c(C)c1
4r1y	mol2	ok	S1CC(=NN(Cc2cccc(Nc(o)OCCC[NH+](CC)CC)c2)C1=O)c1ccc(OC)c(OC)c1	CC[NH+](CC)CCCO[C]([O-])Nc1cccc(CN2N=C(c3ccc(OC)c(OC)c3)CSC2=O)c1
4r3b	mol2	ok	[sH]([o])([o])C(C)(C)[C@@H](N/C=C(/C(=O)[O-])\CO)C(=O)[O-]	CC(C)([C@@H](N/C=C(\CO)C(=O)[O-])C(=O)[O-])[S@@H+](=O)[O-]
4r59	mol2	ok	s([o])([o])(O[C@@H]1CCN(S(=O)(=O)[C@H]2O[C@H](CO)[C@H](O)[C@H](O)[C@H]2O)CC1)N	N[S@@+](=O)([O-])OC1CCN(S(=O)(=O)[C@H]2O[C@H](CO)[C@H](O)[C@H](O)[C@H]2O)CC1
4r5a	mol2	ok	s([o])([o])(O[C@H]1CN(S(=O)(=O)[C@@H]2O[C@@H](CO)[C@@H](O)[C@H](O)[C@@H]2O)CC1)N	N[S@+](=O)([O-])O[C@@H]1CCN(S(=O)(=O)[C@@H]2O[C@@H](CO)[C@@H](O)[C@H](O)[C@@H]2O)C1
4r5b	mol2	ok	s([o])([o])(O[C@H]1CN(S(=O)(=O)[C@@H]2O[C@@H](CO)[C@@H](O)[C@H](O)[C@@H]2O)CC1)N	N[S@+](=O)([O-])O[C@@H]1CCN(S(=O)(=O)[C@@H]2O[C@@H](CO)[C@@H](O)[C@H](O)[C@@H]2O)C1
4r5t	mol2	ok	ONC(=O)[C@@H](Nc(o)OC(C)(C)C)c1ccc(N2N=CC=C2)cc1	CC(C)(C)O[C]([O-])N[C@H](C(=O)NO)c1ccc(-n2cccn2)cc1
4r6t	mol2	ok	ONC(=O)[C@@H](Nc(o)OC(C)(C)C)c1ccc(N2N=CC=C2)cc1	CC(C)(C)O[C]([O-])N[C@H](C(=O)NO)c1ccc(-n2cccn2)cc1
4res	mol2	ok	oc1OC=C(C=C1)[C@H]1CC[C@]2(O)[C@@H]3CC[C@@H]4C[C@@H](O)CC[C@]4(C)[C@H]3CC[C@]12C	C[C@]12CC[C@H](O)C[C@H]1CC[C@@H]1[C@@H]2CC[C@]2(C)[C@@H](C3=CO[C]([O-])C=C3)CC[C@]12O
4ret	mol2	ok	oc1OCC(=C1)[C@H]1CC[C@]2(O)[C@@H]3CC[C@@H]4C[C@@H](O[C@@H]5O[C@H](C)[C@@H](O[C@@H]6O[C@H](C)[C@@H](O[C@@H]7O[C@H](C)[C@@H](O)[C@@H](O)C7)[C@@H](O)C6)[C@@H](O)C5)CC[C@]4(C)[C@H]3C[C@@H](O)[C@]12C	C[C@H]1O[C@@H](O[C@H]2[C@@H](O)C[C@H](O[C@H]3[C@@H](O)C[C@H](O[C@H]4CC[C@@]5(C)[C@H](CC[C@@H]6[C@@H]5C[C@@H](O)[C@]5(C)[C@@H](C7=C[C]([O-])OC7)CC[C@]65O)C4)O[C@@H]3C)O[C@@H]2C)C[C@H](O)[C@@H]1O
4rfc	mol2	ok	S(=O)(=O)(N)c1ccc(OCCCCNc(o)OC(C)(C)C)cc1	CC(C)(C)O[C]([O-])NCCCCOc1ccc(S(N)(=O)=O)cc1
4rj4	mol2	ok	C1=NNC=C1C1=Cc2c(c[c]([nH]c2)Nc2ccnc(n2)N2CC[C@@H](CC2)OC)N1C(C)C	COC1CCN(c2nccc(Nc3cc4c(c[nH+]3)cc(-c3cn[nH]c3)n4C(C)C)n2)CC1
4rj5	mol2	ok	C1CN(CC[C@H]1OC)c1nccc(n1)N[c]1cc2c(C=C(N2)C2=CNN=C2)c[nH]1	COC1CCN(c2nccc(Nc3cc4[nH]c(-c5cn[nH]c5)cc4c[nH+]3)n2)CC1
4rkx	mol2	ok	oc(OCc1ccccc1)NCC#N	N#CCN[C]([O-])OCc1ccccc1
4rro	mol2	ok	Fc1ncccc1c1ccc2O[C@]3(C)CCCO[C@H]3[C@@]3([nH]c([nH])N(C)C3=O)c2c1	[H]/[N+]=C1/N[C@@]2(C(=O)N1C)c1cc(-c3cccnc3F)ccc1O[C@]1(C)CCCO[C@H]12
4rsp	mol2	mismatch_inchikey	oc(OC(C)(C)C)N[C@H](C(=O)N[C@H](C(=O)N[C@H](C(=O)N[C@H](/C=C\c(o)OCC)C[C@@H]1CCNC1=O)CC(C)C)C(C)C)CO	
4rxd	mol2	ok	p([o])([o])(o)C(p([o])([o])o)(O)Cc1cnccc1	O=P([O-])([O-])C(O)(Cc1cccnc1)P(=O)([O-])[O-]
4rz1	mol2	ok	oc(O[C@@H]1C[NH2+]C[C@H]1CN(C(=O)c1ccc(OC)c(OCCCOC)c1)C(C)C)NCc1ccccc1	COCCCOc1cc(C(=O)N(C[C@@H]2C[NH2+]C[C@H]2O[C]([O-])NCc2ccccc2)C(C)C)ccc1OC
4tmn	mol2	ok	p([o])(o)(N[C@@H](CC(C)C)C(=O)N[C@@H](C)C(=O)[O-])[C@@H](Nc(o)OCc1ccccc1)Cc1ccccc1	CC(C)C[C@H](N[P@](=O)([O-])[C@H](Cc1ccccc1)N[C]([O-])OCc1ccccc1)C(=O)N[C@@H](C)C(=O)[O-]
4tmr	mol2	ok	oc(OC)C1=CC=C(S1)c1cc(C#N)cc(c1)[C@@]1(C(C)C)C(=C(N)OC2=C1C(=NN2)C)C#N	CO[C]([O-])c1ccc(-c2cc(C#N)cc([C@@]3(C(C)C)C(C#N)=C(N)Oc4[nH]nc(C)c43)c2)s1
4tq3	mol2	ok	p([o])([o])(o)op([o])(o)OC/C=C(\C)/CCC=C(C)C	CC(C)=CCC/C(C)=C/CO[P@@+](=O)([O-]):[O-]P(=O)([O-])[O-]
4tte	mol2	ok	oc(OC)c1cc(N)cc(c1)C1=C(ON=C1C)C	CO[C]([O-])c1cc(N)cc(-c2c(C)noc2C)c1
4ttv	mol2	ok	[O-]C(=O)[C@@H]1CC[C@H]1[C@H]1Oc(o)C[C@H](O)[C@@H](C)C[C@@H](C)C[C@@H](C)C[C@H](C)[C@@H](O)/C(=C/C=C/C1)/C#N	C[C@@H]1C[C@H](C)C[C@H](C)[C@@H](O)C[C]([O-])O[C@H]([C@@H]2CC[C@H]2C(=O)[O-])C/C=C/C=C(\C#N)[C@H](O)[C@@H](C)C1
4tw6	mol2	ok	[O-]C(=O)COc1cccc(c1)[C@H](Oc(o)[C@H]1N(CCCC1)C(=O)[C@@H](CC=C)c1cc(OC)c(OC)c(OC)c1)CCc1ccc(OC)c(OC)c1	C=CC[C@H](C(=O)N1CCCC[C@H]1[C]([O-])O[C@H](CCc1ccc(OC)c(OC)c1)c1cccc(OCC(=O)[O-])c1)c1cc(OC)c(OC)c(OC)c1
4tw8	mol2	ok	oc(O[C@H](CCc1ccc(OC)c(OC)c1)c1cccc(OCC(=O)NCC2=C3Oc4cc(O)ccc4C=C3C=CC2=O)c1)[C@H]1N(CCCC1)C(=O)[C@@H]([C@H]1CCCC=C1)c1cc(OC)c(OC)c(OC)c1	COc1ccc(CC[C@@H](O[C]([O-])[C@@H]2CCCCN2C(=O)[C@H](c2cc(OC)c(OC)c(OC)c2)[C@@H]2C=CCCC2)c2cccc(OCC(=O)NCc3c4oc5cc(O)ccc5cc-4ccc3=O)c2)cc1OC
4ty8	mol2	ok	oc1Oc2ccc(C)cc2C=C1	Cc1ccc2c(c1)C=C[C]([O-])O2
4u0g	mol2	ok	O=C(/C=C/C[C@@H](C)CC)N[C@H](C(=O)N[C@@H]1C(=O)N2CCC[C@H]2C(=O)N2CC[C@H](C)C[C@H]2C(=O)N[C@@H](C)C(=O)N2CCC[C@H]2c(O[C@@H]1C)o)Cc1cc(F)cc(F)c1	CC[C@H](C)C/C=C/C(=O)N[C@@H](Cc1cc(F)cc(F)c1)C(=O)N[C@@H]1C(=O)N2CCC[C@H]2C(=O)N2CC[C@H](C)C[C@H]2C(=O)N[C@@H](C)C(=O)N2CCC[C@H]2[C]([O-])O[C@@H]1C
4u0x	mol2	ok	B(O)([OH2])[C@H](CN1N=NC(=C1)C(=O)[O-])NC(=O)CC1=CC=CS1	O=C(Cc1cccs1)N[C@@H](Cn1cc(C(=O)[O-])nn1)B(O)[OH2+]
4u3f	mol2	ok	S(Cc1ccccc1/C(=C\OC)/c(o)OC)C1=Nc2cc(OC)ccc2S1	CO/C=C(/[C]([O-])OC)c1ccccc1CSc1nc2cc(OC)ccc2s1
4u45	mol2	ok	[cH]1cc(cc[nH]1)NC1=NC=NN2C1=CC(=C2)C1=CNN=C1	c1nc(Nc2cc[nH+]cc2)c2cc(-c3cn[nH]c3)cn2n1
4u7q	mol2	ok	S1C=NC=C1COc(o)N[C@@H](Cc1ccccc1)[C@@H](O)C[C@@H](NC(=O)[C@@H](Nc(o)OCC1=Cc(o)Oc2cc(N(CC)CC)ccc12)C(C)C)Cc1ccccc1	CCN(CC)c1ccc2c(c1)O[C]([O-])C=C2CO[C]([O-])N[C@H](C(=O)N[C@@H](Cc1ccccc1)C[C@H](O)[C@H](Cc1ccccc1)N[C]([O-])OCc1cncs1)C(C)C
4u7v	mol2	ok	S1C=NC=C1COc(o)N[C@@H](Cc1ccccc1)[C@@H](O)C[C@@H](NC(=O)[C@@H]([NH3+])C(C)C)Cc1ccccc1	CC(C)[C@H]([NH3+])C(=O)N[C@@H](Cc1ccccc1)C[C@H](O)[C@H](Cc1ccccc1)N[C]([O-])OCc1cncs1
4u8w	mol2	ok	S(=O)(=O)(N(C[C@@H](O)[C@@H](Nc(o)O[C@H]1CO[C@H]2OCC(F)(F)[C@@H]12)Cc1ccccc1)CC(C)C)c1ccc(N)cc1	CC(C)CN(C[C@@H](O)[C@H](Cc1ccccc1)N[C]([O-])O[C@H]1CO[C@H]2OCC(F)(F)[C@H]21)S(=O)(=O)c1ccc(N)cc1
4ui4	mol2	ok	oc(OCc1ccccc1)NCc1ccc(cc1)C1=Nc2ccccc2C(=O)N1	O=c1[nH]c(-c2ccc(CN[C]([O-])OCc3ccccc3)cc2)nc2ccccc12
4umj	mol2	ok	p([o])([o])(o)C(p([o])([o])o)(O)CC[N@H+](C)CCCCC	CCCCC[N@@H+](C)CCC(O)(P(=O)([O-])[O-])P(=O)([O-])[O-]
4url	mol2	ok	[C@H]1([C@H](C)O[C@@H](N2C(=O)/C(=C(\[C@@H]3[C@H]4C(=C)CC[C@@H](O[C@H]5C[C@]([C@@H](NC(=O)C6=C(Cl)C(=C(C)N6)Cl)C)(O)[C@H](O)[C@@H](C)O5)[C@@H]4C=C[C@@H]3C)/O)/C(=O)[C@@H]2C(C)C)[C@@H]([C@@H]1Oc(o)C)OC)Oc(o)N	C=C1CC[C@@H](O[C@H]2C[C@@](O)([C@H](C)NC(=O)c3[nH]c(C)c(Cl)c3Cl)[C@H](O)[C@@H](C)O2)[C@@H]2C=C[C@H](C)[C@H](/C(O)=C3/C(=O)[C@H](C(C)C)N([C@@H]4O[C@@H](C)[C@@H](O[C](N)[O-])[C@@H](O[C](C)[O-])[C@H]4OC)C3=O)[C@@H]12
4urm	mol2	ok	[C@H]1([C@H](C)O[C@@H](N2C(=O)/C(=C(\[C@@H]3[C@H]4C(=C)CC[C@@H](O[C@H]5C[C@]([C@@H](NC(=O)C6=C(Cl)C(=C(C)N6)Cl)C)(O)[C@H](O)[C@@H](C)O5)[C@@H]4C=C[C@@H]3C)/O)/C(=O)[C@@H]2C(C)C)[C@@H]([C@@H]1Oc(o)C)OC)Oc(o)N	C=C1CC[C@@H](O[C@H]2C[C@@](O)([C@H](C)NC(=O)c3[nH]c(C)c(Cl)c3Cl)[C@H](O)[C@@H](C)O2)[C@@H]2C=C[C@H](C)[C@H](/C(O)=C3/C(=O)[C@H](C(C)C)N([C@@H]4O[C@@H](C)[C@@H](O[C](N)[O-])[C@@H](O[C](C)[O-])[C@H]4OC)C3=O)[C@@H]12
4urn	mol2	ok	CO[C@@H]1[C@@H](Oc(N)o)[C@@H](O)[C@@H](OC1(C)C)Oc1c(C)c2c(cc1)C(=C(c(O2)o)NC(=O)c1cc(c(O)cc1)CC=C(C)C)O	CO[C@@H]1[C@@H](O[C](N)[O-])[C@@H](O)[C@H](Oc2ccc3c(c2C)O[C]([O-])C(NC(=O)c2ccc(O)c(CC=C(C)C)c2)=C3O)OC1(C)C
4uro	mol2	ok	CO[C@@H]1[C@@H](Oc(N)o)[C@@H](O)[C@@H](OC1(C)C)Oc1c(C)c2c(cc1)C(=C(c(O2)o)NC(=O)c1cc(c(O)cc1)CC=C(C)C)O	CO[C@@H]1[C@@H](O[C](N)[O-])[C@@H](O)[C@H](Oc2ccc3c(c2C)O[C]([O-])C(NC(=O)c2ccc(O)c(CC=C(C)C)c2)=C3O)OC1(C)C
4uua	mol2	ok	O=C(c1ccccc1)NCC(=O)N[C@H](C(=O)N[C@H](C(=O)N[C@H](C(=O)N[C@H](C(=O)N[C@H](C(=O)NCC(=O)N[C@H](C(=O)[O-])C(C)C)Cc1ccc(O)cc1)CCC(=O)[O-])CCCCNC(=O)C[C@H](Nc(o)OCc1ccccc1)C(=O)[O-])CC(C)C)C(C)C	CC(C)C[C@H](NC(=O)[C@@H](NC(=O)CNC(=O)c1ccccc1)C(C)C)C(=O)N[C@@H](CCCCNC(=O)C[C@H](N[C]([O-])OCc1ccccc1)C(=O)[O-])C(=O)N[C@@H](CCC(=O)[O-])C(=O)N[C@@H](Cc1ccc(O)cc1)C(=O)NCC(=O)N[C@H](C(=O)[O-])C(C)C
4uyn	mol2	ok	S(C1=Nc2ccccc2N1)C1=CC=C(O1)[C@H]1C2=CNC(=C2NC2=CCCC(=C12)O)c(o)OCC	CCO[C]([O-])c1[nH]cc2c1NC1=CCCC(O)=C1[C@H]2c1ccc(Sc2nc3ccccc3[nH]2)o1
4uzd	mol2	ok	oc(OCC)C1=C2NC3=CCCC(=C3[C@@H](c3cccc(OC4=Nc5ccccc5N4)c3)C2=CN1)O	CCO[C]([O-])c1[nH]cc2c1NC1=CCCC(O)=C1[C@H]2c1cccc(Oc2nc3ccccc3[nH]2)c1
4wn5	mol2	ok	oc(OC[C@@H](O)CO)CCCCCCCCC/C=C\CCCCCC	CCCCCC/C=C\CCCCCCCCC[C]([O-])OC[C@@H](O)CO
4x6o	mol2	ok	C(c1c(ccc(Cl)c1)N1C=NN=N1)CC(=O)N[C@@H](Cc1ccccc1)C1=NC(=C(Cl)N1)c1ccc(cc1)Nc(o)OC	CO[C]([O-])Nc1ccc(-c2nc([C@H](Cc3ccccc3)NC(=O)CCc3cc(Cl)ccc3-n3cnnn3)[nH]c2Cl)cc1
4x8v	mol2	ok	S(=O)(=O)(c1ccc(Nc(o)OC)cc1[C@@H]1N(CCC1)C(=O)[C@H](Nc1ccc2CCNC(=O)c2c1)c1ccc(OC)c(OC)c1)C(C)C	CO[C]([O-])Nc1ccc(S(=O)(=O)C(C)C)c([C@H]2CCCN2C(=O)[C@H](Nc2ccc3c(c2)C(=O)NCC3)c2ccc(OC)c(OC)c2)c1
4x9w	mol2	ok	N1[C@H](C(=O)N[C@H](C(=O)N[C@H](C(=O)N[C@@H]([C@@H](C)Op([o])([o])o)C(=O)N)CO)CC2=C[N](=CN2CCCCCCCCc2ccccc2)CCCCCCCCCCC1=O)CC(C)C	CC(C)C[C@@H]1NC(=O)CCCCCCCCCC[n+]2cc(n(CCCCCCCCc3ccccc3)c2)C[C@@H](C(=O)N[C@@H](CO)C(=O)N[C@H](C(N)=O)[C@@H](C)OP(=O)([O-])[O-])NC1=O
4xbd	mol2	ok	oc(OC)N[C@@H](CC1CCCCC1)C(=O)N[C@@H](C[C@@H]1CCNC1=O)CO	CO[C]([O-])N[C@@H](CC1CCCCC1)C(=O)N[C@H](CO)C[C@@H]1CCNC1=O
4xg3	mol2	ok	s([o])([o])(Oc1c(C)cc(Nc2ncc(F)c(n2)N2C=C(C)C(=C2)C[N@H+]2CC[C@@H](O)C2)cc1C)C	Cc1cn(-c2nc(Nc3cc(C)c(O[S@+](C)(=O)[O-])c(C)c3)ncc2F)cc1C[N@H+]1CC[C@@H](O)C1
4xpj	mol2	ok	p([o])(o)(OC[C@H](O)COc(o)CCCCCCCCCCCC)O[C@H]1[C@H](O)[C@@H](O)[C@H](O)[C@@H](O)[C@H]1O	CCCCCCCCCCCC[C]([O-])OC[C@@H](O)CO[P@@](=O)([O-])O[C@@H]1[C@H](O)[C@H](O)[C@@H](O)[C@H](O)[C@H]1O
4xtz	mol2	ok	[C@H]12NC(=O)N[C@H]1CS[C@H]2CCCCC(=O)Ns([o])([o])OC[C@H]1O[C@H]([C@H]([C@@H]1O)F)N1C=Nc2c1ncnc2N	Nc1ncnc2c1ncn2[C@@H]1O[C@H](CO[S@+](=O)([O-])NC(=O)CCCC[C@@H]2SC[C@@H]3NC(=O)N[C@@H]32)[C@@H](O)[C@@H]1F
4xu0	mol2	ok	c1nc2c(c(n1)N)N=CN2[C@@H]1O[C@H](COs(NC(=O)CCCC[C@H]2[C@H]3NC(=O)N[C@H]3CS2)([o])[o])[C@@H](O)[C@]1(O)C	C[C@@]1(O)[C@H](O)[C@@H](CO[S@+](=O)([O-])NC(=O)CCCC[C@@H]2SC[C@@H]3NC(=O)N[C@@H]32)O[C@H]1n1cnc2c(N)ncnc21
4xu1	mol2	ok	c12c(c(ncn1)N)N=CN2[C@@H]1O[C@H](COs(NC(=O)CCCC[C@H]2[C@H]3NC(=O)N[C@H]3CS2)([o])[o])C[NH2+]C1	Nc1ncnc2c1ncn2[C@H]1C[NH2+]C[C@@H](CO[S@+](=O)([O-])NC(=O)CCCC[C@@H]2SC[C@@H]3NC(=O)N[C@@H]32)O1
4y16	mol2	ok	oc(OC[C@H]1O[C@H](OC[C@H](NC(=O)CCCCCCCCCCCCCCCCCCCCCCCCC)[C@H](O)[C@H](O)CCCCCCCCCCCCCC)[C@H](O)[C@@H](O)[C@H]1O)Nc1cccc2ccccc12	CCCCCCCCCCCCCCCCCCCCCCCCCC(=O)N[C@@H](CO[C@H]1O[C@H](CO[C]([O-])Nc2cccc3ccccc23)[C@H](O)[C@H](O)[C@H]1O)[C@H](O)[C@H](O)CCCCCCCCCCCCCC
4y2u	mol2	ok	oc(OC(C)(C)C)N[C@H]1CNc2ccccc2C1	CC(C)(C)O[C]([O-])N[C@H]1CNc2ccccc2C1
4y38	mol2	ok	oc(OC)[C@@H]([NH3+])Cc1ccccc1	CO[C]([O-])[C@@H]([NH3+])Cc1ccccc1
4y5d	mol2	ok	oc(OC)c1cccc(c1)C1=CC2=C(O1)C=CNC2=O	CO[C]([O-])c1cccc(-c2cc3c(=O)[nH]ccc3o2)c1
4y6p	mol2	ok	p([o])([o])(o)C[C@H](CCCCc1ccccc1)CC(=O)N(O)C	CN(O)C(=O)C[C@@H](CCCCc1ccccc1)CP(=O)([O-])[O-]
4y8x	mol2	ok	ClC1=C(N=C(N1)[C@@H](NC(=O)/C=C/c1cc(Cl)ccc1N1N=NN=C1)Cc1ccccc1)c1ccc(Nc(o)OC)cc1	CO[C]([O-])Nc1ccc(-c2nc([C@H](Cc3ccccc3)NC(=O)/C=C/c3cc(Cl)ccc3-n3cnnn3)[nH]c2Cl)cc1
4y8y	mol2	ok	ClC1=C(N=C(N1)[C@@H](NC(=O)/C=C/c1cc(Cl)ccc1N1N=NN=C1)CC(=O)N1CCOCC1)c1ccc(Nc(o)OC)cc1	CO[C]([O-])Nc1ccc(-c2nc([C@H](CC(=O)N3CCOCC3)NC(=O)/C=C/c3cc(Cl)ccc3-n3cnnn3)[nH]c2Cl)cc1
4y94	mol2	ok	p([o])([o])(o)O[C@@H]1[C@H](Op([o])([o])o)[C@H](Op([o])([o])o)[C@@H](Op([o])([o])o)[C@H](Op([o])([o])o)[C@H]1Op([o])([o])o	O=P([O-])([O-])O[C@H]1[C@H](OP(=O)([O-])[O-])[C@@H](OP(=O)([O-])[O-])[C@H](OP(=O)([O-])[O-])[C@@H](OP(=O)([O-])[O-])[C@H]1OP(=O)([O-])[O-]
4ycm	mol2	ok	oc1O[C@@H](/C=C(/C)\C/C=C/C)C/C=C/C=C/C[C@H](C)/C=C(\C)/[C@@H](OC)C/C=C/[C@@H](O[C@@H]2O[C@H](CO)[C@@H](O)[C@H](OC)[C@H]2O)C1	C/C=C/C/C(C)=C\[C@H]1C/C=C/C=C/C[C@H](C)/C=C(\C)[C@@H](OC)C/C=C/[C@@H](O[C@@H]2O[C@H](CO)[C@@H](O)[C@H](OC)[C@H]2O)C[C]([O-])O1
4ycn	mol2	ok	oc1O[C@@H](/C=C(/C)\C/C=C/C)C/C=C/C=C/C[C@H](C)/C=C(\C)/[C@@H](OC)C/C=C/[C@@H](O)C1	C/C=C/C/C(C)=C\[C@H]1C/C=C/C=C/C[C@H](C)/C=C(\C)[C@@H](OC)C/C=C/[C@@H](O)C[C]([O-])O1
4ycu	mol2	ok	oc1-c2c(O)cc(O)cc2C[C@@H](O1)C[C@@H]1O[C@@H](C)CCC1	C[C@H]1CCC[C@H](C[C@H]2Cc3cc(O)cc(O)c3[C]([O-])O2)O1
4ycv	mol2	ok	oc1-c2c(O)cc(O)cc2C[C@@H](O1)C[C@@H]1O[C@@H](C)CCC1	C[C@H]1CCC[C@H](C[C@H]2Cc3cc(O)cc(O)c3[C]([O-])O2)O1
4ycw	mol2	ok	oc1-c2c(O)cc(O)cc2C[C@@H](O1)C[C@@H]1O[C@@H](C)CCC1	C[C@H]1CCC[C@H](C[C@H]2Cc3cc(O)cc(O)c3[C]([O-])O2)O1
4ydn	mol2	ok	Oc1c(cc(cc1Cl)C1=NN=C(O1)c1ccc(cc1)Os([o])([o])F)Cl	O=[S@+]([O-])(F)Oc1ccc(-c2nnc(-c3cc(Cl)c(O)c(Cl)c3)o2)cc1
4ye3	mol2	ok	S(=O)(=O)(N(C[C@@H](O)[C@@H](Nc(o)O[C@H]1CO[C@H]2OC[C@H](OC)[C@@H]12)Cc1ccccc1)CC(C)C)c1ccc(OC)cc1	COc1ccc(S(=O)(=O)N(CC(C)C)C[C@@H](O)[C@H](Cc2ccccc2)N[C]([O-])O[C@H]2CO[C@H]3OC[C@H](OC)[C@H]32)cc1
4yhq	mol2	ok	S(=O)(=O)(N(C[C@@H](O)[C@@H](Nc(o)O[C@H]1CO[C@H]2OCC(F)(F)[C@@H]12)Cc1ccccc1)CC(C)C)c1ccc(N)cc1	CC(C)CN(C[C@@H](O)[C@H](Cc1ccccc1)N[C]([O-])O[C@H]1CO[C@H]2OCC(F)(F)[C@H]21)S(=O)(=O)c1ccc(N)cc1
4yux	mol2	ok	S1C[C]([NH3])Nc2ccccc12	[NH3+][C]1CSc2ccccc2N1
4yv1	mol2	ok	oc(Oc1cccc2cccnc12)N1CCCCC1	[O-][C](Oc1cccc2cccnc12)N1CCCCC1
4z2g	mol2	ok	N(CCCC[nH][c]([nH2])[nH]C(=O)NC)c(o)O[C@@H]1[C@@H](C)c(o)O[C@H](CC)[C@](O)(C)[C@H]2[C@@H](C)[C@@H](OC(O2)(C)C)[C@H](C)C[C@]([C@@H]([C@H]1C)OCC#C)(O)C	C#CCO[C@@H]1[C@@H](C)[C@H](O[C]([O-])NCCCCNC(=[NH2+])NC(=O)NC)[C@@H](C)[C]([O-])O[C@H](CC)[C@@](C)(O)[C@@H]2OC(C)(C)O[C@H]([C@@H]2C)[C@H](C)C[C@@]1(C)O
4z2h	mol2	ok	CNC(=O)[nH][c]([nH2])[nH]CCNc(o)O[C@H]1[C@H](C)[C@H]([C@@](C[C@H]([C@H]2[C@@H]([C@H]([C@@]([C@H](Oc([C@@H]1C)o)CC)(O)C)OC(C)(C)O2)C)C)(O)C)OCC#C	C#CCO[C@@H]1[C@@H](C)[C@H](O[C]([O-])NCCNC(=[NH2+])NC(=O)NC)[C@@H](C)[C]([O-])O[C@H](CC)[C@@](C)(O)[C@@H]2OC(C)(C)O[C@H]([C@@H]2C)[C@H](C)C[C@@]1(C)O
4z2i	mol2	ok	CNC(=O)[nH][c]([nH2])[nH]CCCNc(o)O[C@H]1[C@H](C)[C@H]([C@@](C[C@H]([C@H]2[C@@H]([C@H]([C@@]([C@H](Oc([C@@H]1C)o)CC)(O)C)OC(C)(C)O2)C)C)(O)C)OCC#C	C#CCO[C@@H]1[C@@H](C)[C@H](O[C]([O-])NCCCNC(=[NH2+])NC(=O)NC)[C@@H](C)[C]([O-])O[C@H](CC)[C@@](C)(O)[C@@H]2OC(C)(C)O[C@H]([C@@H]2C)[C@H](C)C[C@@]1(C)O
4z2j	mol2	ok	c1([C@@H]([C@H]([C@@H]([C@H]([C@@](C[C@H]([C@H]2[C@@H]([C@H]([C@@]([C@H](O1)CC)(O)C)OC(C)(C)O2)C)C)(O)C)OCC#C)C)Oc(o)NCCCCC[nH][c]([nH]C(=O)NC)[nH2])C)o	C#CCO[C@@H]1[C@@H](C)[C@H](O[C]([O-])NCCCCCNC(=[NH2+])NC(=O)NC)[C@@H](C)[C]([O-])O[C@H](CC)[C@@](C)(O)[C@@H]2OC(C)(C)O[C@H]([C@@H]2C)[C@H](C)C[C@@]1(C)O
4z2k	mol2	ok	CNC(=O)[nH][c]([nH2])[nH]CCCCCCCNc(o)O[C@H]1[C@H](C)[C@H]([C@@](C[C@H]([C@H]2[C@@H]([C@H]([C@@]([C@H](Oc([C@@H]1C)o)CC)(O)C)OC(C)(C)O2)C)C)(O)C)OCC#C	C#CCO[C@@H]1[C@@H](C)[C@H](O[C]([O-])NCCCCCCCNC(=[NH2+])NC(=O)NC)[C@@H](C)[C]([O-])O[C@H](CC)[C@@](C)(O)[C@@H]2OC(C)(C)O[C@H]([C@@H]2C)[C@H](C)C[C@@]1(C)O
4z2l	mol2	ok	N(c(o)O[C@@H]1[C@H](c(o)O[C@H](CC)[C@](O)(C)[C@H](O)[C@H]([C@@H](O)[C@H](C)C[C@]([C@@H]([C@H]1C)OCC#C)(O)C)C)C)CCC[nH][c]([nH2])[nH]C(=O)NC	C#CCO[C@@H]1[C@@H](C)[C@H](O[C]([O-])NCCCNC(=[NH2+])NC(=O)NC)[C@@H](C)[C]([O-])O[C@H](CC)[C@@](C)(O)[C@H](O)[C@@H](C)[C@@H](O)[C@H](C)C[C@@]1(C)O
4z6i	mol2	ok	oc(OC(C)(C)C)N[C@H]1CCC(=O)N(c2ccc3c(N(C)C(=O)C=C3C)c2)[C@@H]1c1ccccc1	Cc1cc(=O)n(C)c2cc(N3C(=O)CC[C@H](N[C]([O-])OC(C)(C)C)[C@H]3c3ccccc3)ccc12
4z8d	mol2	ok	Clc1ccccc1COc(o)NC[C@H]1CC[C@H](CC1)C(=O)[O-]	O=C([O-])[C@H]1CC[C@@H](CN[C]([O-])OCc2ccccc2Cl)CC1
4zed	mol2	ok	p([o])(o)(O[C@H]1[C@H](O)OC[C@H](O)[C@@H]1O)O[C@@H]1[C@H](O[C@](O[C@H]2O[C@H](CO)[C@H](O)[C@@H](O)[C@H]2O)(CO)[C@H]1Oc(o)c1ccccc1)CO	O=[P@@]([O-])(O[C@@H]1[C@@H](O)[C@@H](O)CO[C@H]1O)O[C@@H]1[C@@H](CO)O[C@@](CO)(O[C@H]2O[C@H](CO)[C@H](O)[C@@H](O)[C@H]2O)[C@H]1O[C]([O-])c1ccccc1
4zgk	mol2	ok	Clc1ccc(cc1)CC1=C(C2=CNc3cc(Cl)ccc23)[C@](O)(Oc1o)Cc1ccc(Cl)cc1	[O-][C]1O[C@](O)(Cc2ccc(Cl)cc2)C(c2c[nH]c3cc(Cl)ccc23)=C1Cc1ccc(Cl)cc1
4zl4	mol2	ok	oc(OCc1ccccc1)N[C@@H](CCO[nH][c]([nH2])[nH2])C(=O)N[C@H](C(=O)N[C@@H](CC(C)C)[C@@H](O)CC(=O)NCCc1ccccc1)C(C)C	CC(C)C[C@H](NC(=O)[C@@H](NC(=O)[C@H](CCONC(N)=[NH2+])N[C]([O-])OCc1ccccc1)C(C)C)[C@@H](O)CC(=O)NCCc1ccccc1
4zls	mol2	ok	S(=O)(=O)(N(C[C@@H](O)[C@@H](Nc(o)OC(C)(C)C)Cc1cccc(c1)c1cc(OC)cc(OC)c1)CC(C)C)c1ccc(OC)cc1	COc1ccc(S(=O)(=O)N(CC(C)C)C[C@@H](O)[C@H](Cc2cccc(-c3cc(OC)cc(OC)c3)c2)N[C]([O-])OC(C)(C)C)cc1
4zro	mol2	mismatch_inchikey	oc(OC(C)(C)C)N[C@H](C(=O)N[C@H](C(=O)N[C@H](C(=O)N[C@H](/C=C\c(o)OCC)C[C@@H]1CCNC1=O)CC(C)C)C(C)C)CO	
4zsj	mol2	ok	Clc1ccc([nH]c2n[c]([nH2])[nH]-n2C(=O)NC(C)C)cc1C	Cc1cc(/[NH+]=c2\[n-]c(=[NH2+])[nH]n2C(=O)NC(C)C)ccc1Cl
4zw3	mol2	ok	Brc1ccc(cc1)[C@H](Nc(o)OC(C)(C)C)C(=O)NO	CC(C)(C)O[C]([O-])N[C@H](C(=O)NO)c1ccc(Br)cc1
4zw5	mol2	ok	ONC(=O)[C@@H](Nc(o)OC(C)(C)C)c1ccc(cc1)c1ccccc1	CC(C)(C)O[C]([O-])N[C@H](C(=O)NO)c1ccc(-c2ccccc2)cc1
4zw6	mol2	ok	ONC(=O)[C@@H](Nc(o)OC(C)(C)C)c1ccc(cc1)C1=CN(N=C1)C	Cn1cc(-c2ccc([C@H](N[C]([O-])OC(C)(C)C)C(=O)NO)cc2)cn1
4zw7	mol2	ok	Fc1cc(cc(F)c1F)c1ccc(cc1)[C@H](Nc(o)OC(C)(C)C)C(=O)NO	CC(C)(C)O[C]([O-])N[C@H](C(=O)NO)c1ccc(-c2cc(F)c(F)c(F)c2)cc1
4zw8	mol2	ok	ONC(=O)[C@@H](Nc(o)OC(C)(C)C)c1ccc(cc1)c1cccc(c1)[c]([nH2])[nH]O	CC(C)(C)O[C]([O-])N[C@H](C(=O)NO)c1ccc(-c2cccc(C(=[NH2+])NO)c2)cc1
4zwx	mol2	ok	s([o])([o])(OCCCCCNS(=O)(=O)[C@@H]1O[C@H](COc(o)C)[C@@H](Oc(o)C)[C@@H](Oc(o)C)[C@H]1Oc(o)C)N	C[C]([O-])OC[C@H]1O[C@@H](S(=O)(=O)NCCCCCO[S@@+](N)(=O)[O-])[C@H](O[C](C)[O-])[C@H](O[C](C)[O-])[C@@H]1O[C](C)[O-]
4zwy	mol2	ok	s([o])([o])(OCCCCCNS(=O)(=O)[C@@H]1O[C@@H](COc(o)C)[C@@H](O)[C@@H](O)[C@H]1Oc(o)C)N	C[C]([O-])OC[C@@H]1O[C@@H](S(=O)(=O)NCCCCCO[S@@+](N)(=O)[O-])[C@H](O[C](C)[O-])[C@H](O)[C@@H]1O
4zwz	mol2	ok	s([o])([o])(O[C@H]1CN(S(=O)(=O)[C@@H]2O[C@@H](CO)[C@@H](O)[C@@H](O)[C@H]2O)[C@@H](C1)c(o)OC)N	CO[C]([O-])[C@@H]1C[C@@H](O[S@@+](N)(=O)[O-])CN1S(=O)(=O)[C@@H]1O[C@@H](CO)[C@@H](O)[C@@H](O)[C@H]1O
4zx0	mol2	ok	s([o])([o])(O[C@H]1CN(S(=O)(=O)[C@@H]2O/C(=C\Oc(o)C)/[C@@H](O)[C@@H](O)[C@H]2O)[C@@H](C1)c(o)OC)N	CO[C]([O-])[C@@H]1C[C@@H](O[S@+](N)(=O)[O-])CN1S(=O)(=O)[C@@H]1O/C(=C\O[C](C)[O-])[C@@H](O)[C@@H](O)[C@H]1O
4zx1	mol2	ok	s([o])([o])(O[C@H]1CCN(S(=O)(=O)[C@H]2O[C@H](CO)[C@H](O)[C@@H](O)[C@H]2Oc(o)C)CC1)N	C[C]([O-])O[C@@H]1[C@H](O)[C@@H](O)[C@@H](CO)O[C@@H]1S(=O)(=O)N1CCC(O[S@+](N)(=O)[O-])CC1
4zx8	mol2	ok	Brc1ccc(cc1)[C@@H](Nc(o)OC(C)(C)C)C(=O)NO	CC(C)(C)O[C]([O-])N[C@@H](C(=O)NO)c1ccc(Br)cc1
5a69	mol2	ok	OC[C@H]1O[C@@H]([NH2+]Oc(o)Nc2ccccc2)[C@H](NC(=O)C)[C@@H](O)C1=O	CC(=O)N[C@H]1[C@H]([NH2+]O[C]([O-])Nc2ccccc2)O[C@H](CO)C(=O)[C@@H]1O
5a6b	mol2	ok	OC[C@H]1O/C(=N\Oc(o)Nc2ccccc2)/[C@H](NC(=O)C)[C@@H](O)[C@@H]1O	CC(=O)N[C@H]1/C(=N/O[C]([O-])Nc2ccccc2)O[C@H](CO)[C@@H](O)[C@@H]1O
5a8x	mol2	ok	FC(F)(F)c1cccc(n2[c]3[nH]C=Cn3[C@H](c3ccc(C#N)cc3)C(=C2C)c(o)OCC)c1	CCO[C]([O-])C1=C(C)N(c2cccc(C(F)(F)F)c2)c2[nH+]ccn2[C@@H]1c1ccc(C#N)cc1
5a8y	mol2	ok	c1cc(C#N)ccc1[C@@H]1C(=C(C)N(C2=[NH]C(=NN12)Nc(o)OC)c1cc(ccc1)C(F)(F)F)C#N	CO[C]([O-])Nc1nn2c([nH+]1)N(c1cccc(C(F)(F)F)c1)C(C)=C(C#N)[C@H]2c1ccc(C#N)cc1
5agu	mol2	ok	O=C(C)N(C)[C@H](C(=O)N1C[C@H](C)C[C@H]1C(=O)N(C)[C@@H]1C(=O)N[C@H](C(=O)N2C[C@H](C)C[C@H]2C(=O)N[C@H](C(=O)N(C)[C@H](C(=O)N2CCC[C@H]2C(=O)N(C)[C@@H](C(=O)NCc(O[C@@H]1C)o)CC(C)C)C(C)C)CC(C)C)CC(C)C)C(C)C	CC(=O)N(C)[C@H](C(=O)N1C[C@H](C)C[C@H]1C(=O)N(C)[C@@H]1C(=O)N[C@@H](CC(C)C)C(=O)N2C[C@H](C)C[C@H]2C(=O)N[C@@H](CC(C)C)C(=O)N(C)[C@@H](C(C)C)C(=O)N2CCC[C@H]2C(=O)N(C)[C@H](CC(C)C)C(=O)NC[C]([O-])O[C@@H]1C)C(C)C
5agv	mol2	ok	O=C(C)N(C)[C@H](C(=O)N1C[C@H](C)C[C@H]1C(=O)N(C)[C@@H]1C(=O)N[C@H](C(=O)N2C[C@H](C)C[C@H]2C(=O)N[C@H](C(=O)N(C)[C@H](C(=O)N2C[C@@H](C[C@H]2C(=O)N(C)[C@@H](C(=O)NCc(O[C@@H]1C)o)CC(C)C)C1CCCCC1)C(C)C)CC(C)C)CC(C)C)C(C)C	CC(=O)N(C)[C@H](C(=O)N1C[C@H](C)C[C@H]1C(=O)N(C)[C@@H]1C(=O)N[C@@H](CC(C)C)C(=O)N2C[C@H](C)C[C@H]2C(=O)N[C@@H](CC(C)C)C(=O)N(C)[C@@H](C(C)C)C(=O)N2C[C@H](C3CCCCC3)C[C@H]2C(=O)N(C)[C@H](CC(C)C)C(=O)NC[C]([O-])O[C@@H]1C)C(C)C
5ah2	mol2	ok	O=C(C)N(C)[C@H](C(=O)N1C[C@H](C)C[C@H]1C(=O)N(C)[C@@H]1C(=O)N[C@H](C(=O)N2C[C@H](C)C[C@H]2C(=O)N[C@H](C(=O)N(C)[C@H](C(=O)N2CCC[C@H]2C(=O)N(C)[C@@H](C(=O)NCc(O[C@@H]1C)o)CC(C)C)C(C)C)CC(C)C)CC(C)C)C(C)C	CC(=O)N(C)[C@H](C(=O)N1C[C@H](C)C[C@H]1C(=O)N(C)[C@@H]1C(=O)N[C@@H](CC(C)C)C(=O)N2C[C@H](C)C[C@H]2C(=O)N[C@@H](CC(C)C)C(=O)N(C)[C@@H](C(C)C)C(=O)N2CCC[C@H]2C(=O)N(C)[C@H](CC(C)C)C(=O)NC[C]([O-])O[C@@H]1C)C(C)C
5ak2	mol2	ok	Fc1ccc(c(C)c1)C1=C(Cc2ccc(/C=C/C(=O)[O-])cc2)c2ccc(O)cc2Oc1o	Cc1cc(F)ccc1C1=C(Cc2ccc(/C=C/C(=O)[O-])cc2)c2ccc(O)cc2O[C]1[O-]
5ap2	mol2	ok	oc(OC(C)C)N1C(=Cc2c1c[c]([nH]c2)Nc1ccc(cc1)C1=C[NH]=C(C)N1C)C1=CN(N=C1)C	Cc1[nH+]cc(-c2ccc(Nc3cc4c(c[nH+]3)cc(-c3cnn(C)c3)n4[C]([O-])OC(C)C)cc2)n1C
5ap5	mol2	ok	oc(OC(C)(C)C)N1C(=Cc2c1c[c]([nH]c2)Nc1ccc(cc1Cl)C(=O)N(C)C)C1=CN(N=C1)C	CN(C)C(=O)c1ccc(Nc2cc3c(c[nH+]2)cc(-c2cnn(C)c2)n3[C]([O-])OC(C)(C)C)c(Cl)c1
5ap6	mol2	ok	oc(OC(C)C)N1C(=Cc2c1c[c]([nH]c2)Nc1ccc(cc1)C1=C[NH]=C(C)N1C)C1=CN(N=C1)C	Cc1[nH+]cc(-c2ccc(Nc3cc4c(c[nH+]3)cc(-c3cnn(C)c3)n4[C]([O-])OC(C)C)cc2)n1C
5avi	mol2	ok	FC(F)(F)c1ccc(COc2ccc(N(C)C(=O)C)cc2)c(c1)c(o)OC(C)(C)C	CC(=O)N(C)c1ccc(OCc2ccc(C(F)(F)F)cc2[C]([O-])OC(C)(C)C)cc1
5axp	mol2	ok	Fc1cc(N2CCOc2o)ccc1N1N=C(C(=O)C(=C1)OC)C1=CC=NN1c1ccccc1	COc1cn(-c2ccc(N3CCO[C]3[O-])cc2F)nc(-c2ccnn2-c2ccccc2)c1=O
5b25	mol2	ok	Fc1nc(ccc1)c1ccc(CN2N=C3n4[c]([nH][C@@H]5CCC[C@H]45)n(C)C(=O)C3=C2Nc2ccccc2)cc1	CN1C(=O)c2c(nn(Cc3ccc(-c4cccc(F)n4)cc3)c2Nc2ccccc2)N2C1=[NH+][C@@H]1CCC[C@@H]12
5b5g	mol2	ok	oc(OC)c1cncc(c1)C1=CC2=C(O1)C=CNC2=O	CO[C]([O-])c1cncc(-c2cc3c(=O)[nH]ccc3o2)c1
5b6g	mol2	ok	oc(OCc1ccccc1)N[C@@H](C)C(=O)NCC(=O)N[C@H](C(=O)N[C@@H](C)C(=O)N[C@H](C(=O)N[C@H](C(=O)N[C@H](C(=O)N)CCC(=O)[O-])Cc1ccc(O)cc1)CC1CCCC1)CCC(=O)[O-]	C[C@H](N[C]([O-])OCc1ccccc1)C(=O)NCC(=O)N[C@@H](CCC(=O)[O-])C(=O)N[C@@H](C)C(=O)N[C@@H](CC1CCCC1)C(=O)N[C@@H](Cc1ccc(O)cc1)C(=O)N[C@@H](CCC(=O)[O-])C(N)=O
5bot	mol2	ok	oc(OCC)C1=Cc2cc(ccc2N1)C(=O)N	CCO[C]([O-])c1cc2cc(C(N)=O)ccc2[nH]1
5boy	mol2	ok	oc(OCC)C1=Cc2cc(ccc2N1)C1=CN=CN1C	CCO[C]([O-])c1cc2cc(-c3cncn3C)ccc2[nH]1
5bpa	mol2	ok	[O-]C(=O)c1ccc(CNC(=O)C2=NN(C)C(=C2)c2ccc3NC(=Cc3c2)c(o)OCC)cc1	CCO[C]([O-])c1cc2cc(-c3cc(C(=O)NCc4ccc(C(=O)[O-])cc4)nn3C)ccc2[nH]1
5bry	mol2	ok	S(=O)(=O)(N(C[C@@H](O)[C@@H](Nc(o)O[C@H]1CO[C@H]2OC[C@H]([NH2+]C)[C@@H]12)Cc1ccccc1)CC(C)C)c1ccc(OC)cc1	C[NH2+][C@H]1CO[C@@H]2OC[C@H](O[C]([O-])N[C@@H](Cc3ccccc3)[C@H](O)CN(CC(C)C)S(=O)(=O)c3ccc(OC)cc3)[C@@H]21
5bs4	mol2	ok	S(=O)(=O)(N(C[C@@H](O)[C@@H](Nc(o)O[C@H]1CO[C@H]2OC[C@H]([NH2+]C)[C@@H]12)Cc1ccccc1)CC(C)C)c1ccc(N)cc1	C[NH2+][C@H]1CO[C@@H]2OC[C@H](O[C]([O-])N[C@@H](Cc3ccccc3)[C@H](O)CN(CC(C)C)S(=O)(=O)c3ccc(N)cc3)[C@@H]21
5btr	mol2	ok	O=C(C)N[C@H](C(=O)N[C@H](C(=O)N[C@H](C(=O)N[C@@H](CCCCNC(=O)C)C(=O)Nc1ccc2c(Oc(o)C=C2C)c1)CCCC[NH3+])CC1=C[NH]=CN1)CCC[nH][c]([nH2])[nH2]	CC(=O)NCCCC[C@H](NC(=O)[C@H](CCCC[NH3+])NC(=O)[C@H](Cc1c[nH+]c[nH]1)NC(=O)[C@H](CCCNC(N)=[NH2+])NC(C)=O)C(=O)Nc1ccc2c(c1)O[C]([O-])C=C2C
5bv3	mol2	ok	p([o])([o])(o)op([o])(o)OC[C@H]1O[C@@H](N2CN(C)C3=C2N=C(N)NC3=O)[C@H](O)[C@@H]1O	CN1CN([C@@H]2O[C@H](CO[P@@+](=O)([O-]):[O-]P(=O)([O-])[O-])[C@@H](O)[C@H]2O)c2nc(N)[nH]c(=O)c21
5c1x	mol2	ok	O=C1NCC[C@H]1C[C@@H](CO)NC(=O)[C@H](Cc1ccccc1)Nc(o)OCc1ccccc1	O=C1NCC[C@H]1C[C@@H](CO)NC(=O)[C@H](Cc1ccccc1)N[C]([O-])OCc1ccccc1
5c1y	mol2	ok	O=C([C@H](Cc1ccccc1)Nc(OC(C)C)o)N[C@H](CO)C[C@@H]1CC[NH2+][C@@H]1O	CC(C)O[C]([O-])N[C@@H](Cc1ccccc1)C(=O)N[C@H](CO)C[C@@H]1CC[NH2+][C@@H]1O
5c20	mol2	ok	O=C([C@H](Cc1ccccc1)Nc(OCC(C)C)o)N[C@H](CO)C[C@@H]1CCNC1=O	CC(C)CO[C]([O-])N[C@@H](Cc1ccccc1)C(=O)N[C@H](CO)C[C@@H]1CCNC1=O
5c2o	mol2	ok	p([o])([o])(o)op([o])(o)op([o])(o)OC[C@H]1O[C@@H](N2C=C(C)C(=O)NC2=O)C[C@@H]1O	Cc1cn([C@H]2C[C@H](O)[C@@H](CO[P@+](=O)([O-]):[O-][P@+](=O)([O-]):[O-]P(=O)([O-])[O-])O2)c(=O)[nH]c1=O
5c5h	mol2	ok	c12c(c(ncn1)N)N=CN2[C@@H]1O[C@H](COs(NC(=O)CCC(=O)c2c(C(=O)[O-])cccc2)([o])[o])[C@@H](O)[C@H]1O	Nc1ncnc2c1ncn2[C@@H]1O[C@H](CO[S@+](=O)([O-])NC(=O)CCC(=O)c2ccccc2C(=O)[O-])[C@@H](O)[C@H]1O
5c7n	mol2	ok	S(=O)(=O)(Nc1cc(ccc1C)C1=NN2C(=NN=C2C(=C1)Nc(o)OCC)C)C	CCO[C]([O-])Nc1cc(-c2ccc(C)c(NS(C)(=O)=O)c2)nn2c(C)nnc12
5c91	mol2	mismatch_inchikey	oc(OC)/C=C/CNC(=O)C1=C(N(C)c2ccc(OC)cc12)C	
5cls	mol2	ok	oc(O[C@@H]1CC[C@@]2(OC2)C2=C1N=NN2Cc1ccc(OC)cc1)NC(C)C	COc1ccc(Cn2nnc3c2[C@]2(CC[C@H]3O[C]([O-])NC(C)C)CO2)cc1
5cs3	mol2	ok	s([o])([o])([o])CCC[N@@+]1CC[N@H+](CCO)CC1	O=S(=O)([O-])CCC[N+]1CC[NH+](CCO)CC1
5cs5	mol2	ok	s([o])([o])([o])CC[N@@+]1CC[N@H+](CCs([o])([o])[o])CC1	O=S(=O)([O-])CC[N+]1CC[NH+](CCS(=O)(=O)[O-])CC1
5ctc	mol2	ok	oc(OC(C)(C)C)N1CC2(C1)CCN(CC2)C(=O)c1cc(C)c2NN=Cc2c1	Cc1cc(C(=O)N2CCC3(CC2)CN([C]([O-])OC(C)(C)C)C3)cc2cn[nH]c12
5cte	mol2	ok	oc(OCC(C)(C)C)N1CC[C@@]2(CCN(CC2)C(=O)c2cc(C)c3NN=Cc3c2)[C@@H]1C	Cc1cc(C(=O)N2CCC3(CC2)CCN([C]([O-])OCC(C)(C)C)[C@H]3C)cc2cn[nH]c12
5cy3	mol2	ok	S1N=C2C=C(C=C(O[C@H](C)C3=CNc(o)O3)C2=C1)C1=CN(N=C1)C	C[C@@H](Oc1cc(-c2cnn(C)c2)cc2nscc12)C1=CN[C]([O-])O1
5d1r	mol2	ok	oc(OC(C)C)CCCCCCCCCCC	CCCCCCCCCCC[C]([O-])OC(C)C
5d6f	mol2	ok	oc(O[C@H]1CC[C@@]2(OC2)C2=C1N=NN2Cc1ccc(OC)cc1)NC(C)C	COc1ccc(Cn2nnc3c2[C@]2(CC[C@@H]3O[C]([O-])NC(C)C)CO2)cc1
5d75	mol2	ok	oc1O[C@H](/C(=C/[C@@H]2CC[C@@H](O)[C@H](OC)C2)/C)[C@H](C)[C@@H](O)CC(=O)[C@H](CC=C)/C=C(\C)/C[C@H](C)C[C@H](OC)[C@H]2O[C@@](O)(C(=O)C(=O)N3CCCC[C@@H]13)[C@H](C)C[C@@H]2OC	C=CC[C@@H]1/C=C(\C)C[C@H](C)C[C@H](OC)[C@H]2O[C@@](O)(C(=O)C(=O)N3CCCC[C@H]3[C]([O-])O[C@H](/C(C)=C/[C@@H]3CC[C@@H](O)[C@H](OC)C3)[C@H](C)[C@@H](O)CC1=O)[C@H](C)C[C@@H]2OC
5dg6	mol2	ok	oc(OC(C)(C)C)N[C@@H]1C(=O)N[C@H](C(=O)N[C@@H](CCC(=O)NCCCCCC2=NN=C(CC1)O2)CO)CC1CCCCC1	CC(C)(C)O[C]([O-])N[C@H]1CCc2nnc(o2)CCCCCNC(=O)CC[C@@H](CO)NC(=O)[C@H](CC2CCCCC2)NC1=O
5dgj	mol2	ok	oc(OC(C)(C)C)N[C@H](C(=O)N[C@H](C(=O)N[C@@H](CCC(=O)NC)CO)CC1CCCCC1)CC	CC[C@H](N[C]([O-])OC(C)(C)C)C(=O)N[C@@H](CC1CCCCC1)C(=O)N[C@H](CO)CCC(=O)NC
5dgu	mol2	ok	S(=O)(=O)(N(C[C@@H](O)[C@@H](Nc(o)O[C@H]1CCO[C@H]2OC[C@H](OC)[C@@H]12)Cc1ccccc1)CC(C)C)c1ccc(OC)cc1	COc1ccc(S(=O)(=O)N(CC(C)C)C[C@@H](O)[C@H](Cc2ccccc2)N[C]([O-])O[C@H]2CCO[C@H]3OC[C@H](OC)[C@H]32)cc1
5dgw	mol2	ok	S(=O)(=O)(N(C[C@@H](O)[C@@H](Nc(o)O[C@H]1CCO[C@H]2OC[C@H]([NH2+]CC)[C@@H]12)Cc1ccccc1)CC(C)C)c1ccc(OC)cc1	CC[NH2+][C@H]1CO[C@@H]2OCC[C@H](O[C]([O-])N[C@@H](Cc3ccccc3)[C@H](O)CN(CC(C)C)S(=O)(=O)c3ccc(OC)cc3)[C@@H]21
5dj5	mol2	ok	c12ccccc1[C@@H]1[C@H](C2)/C(=C\O[C@H]2C=C(c(o)O2)C)/c(o)O1	CC1=C[C@H](O/C=C2/[C]([O-])O[C@@H]3c4ccccc4C[C@H]23)O[C]1[O-]
5dnu	mol2	ok	oc1OC2=COC=CC2=C1C	CC1=C2C=COC=C2O[C]1[O-]
5dp4	mol2	mismatch_inchikey	oc(OCC)/C=C\[C@@H](NC(=O)[C@@H](C)Cc1ccccc1)C[C@@H]1CCNC1=O	
5dp5	mol2	mismatch_inchikey	Fc1ccc(cc1)C[C@H](CC(=O)[C@@H]([NH3+])C(C)C)C(=O)N[C@H](/C=C\c(o)OCC)C[C@@H]1CCNC1=O	
5dp6	mol2	ok	oc(OCC)/C=C\[C@@H](NC(=O)[C@@H](NC(=O)CCC1CC1)Cc1ccccc1)C[C@@H]1CCNC1=O	CCO[C]([O-])/C=C\[C@H](C[C@@H]1CCNC1=O)NC(=O)[C@H](Cc1ccccc1)NC(=O)CCC1CC1
5dp7	mol2	ok	oc(OCC)/C=C\[C@@H](NC(=O)[C@@H](NC(=O)CC(C)C)Cc1ccccc1)C[C@@H]1CCNC1=O	CCO[C]([O-])/C=C\[C@H](C[C@@H]1CCNC1=O)NC(=O)[C@H](Cc1ccccc1)NC(=O)CC(C)C
5dp8	mol2	mismatch_inchikey	oc(OCC)/C=C\[C@@H](NC(=O)[C@@H](NC(=O)C(=O)NCCC1CC1)Cc1ccccc1)C[C@@H]1CCNC1=O	
5dp9	mol2	mismatch_inchikey	oc(OCC)/C=C\[C@@H](NC(=O)[C@@H](NC(=O)C(=O)NCC1CCC1)Cc1ccccc1)C[C@@H]1CCNC1=O	
5dpa	mol2	mismatch_inchikey	oc(OCC)/C=C\[C@@H](NC(=O)[C@@H](NC(=O)C)Cc1ccccc1)C[C@@H]1CCNC1=O	
5dxh	mol2	ok	Clc1ccccc1N1C=NN=C1C1=CC2=C(S1)c1ccc(Nc(o)OC)cc1OCC2	CO[C]([O-])Nc1ccc2c(c1)OCCc1cc(-c3nncn3-c3ccccc3Cl)sc1-2
5e0j	mol2	ok	c(o)(OCc1ccccc1)N[C@H]1CC2=CN(CCCCCCNC(=O)CC[C@H](NC(=O)[C@@H](NC1=O)CC1CCCCC1)CO)N=N2	O=C1CC[C@@H](CO)NC(=O)[C@H](CC2CCCCC2)NC(=O)[C@@H](N[C]([O-])OCc2ccccc2)Cc2cn(nn2)CCCCCCN1
5e8f	mol2	ok	O=C([C@@H]([NH3+])CCCC[NH3+])N[C@H](C(=O)N[C@H](C(=O)N[C@H](C(=O)N[C@@H](CSC/C=C(/C)\CC/C=C(\C)/CC/C=C(\C)/CCC=C(C)C)c(o)OC)[C@H](O)C)CCCC[NH3+])CO	CO[C]([O-])[C@H](CSC/C=C(/C)CC/C=C(\C)CC/C=C(\C)CCC=C(C)C)NC(=O)[C@@H](NC(=O)[C@H](CCCC[NH3+])NC(=O)[C@H](CO)NC(=O)[C@@H]([NH3+])CCCC[NH3+])[C@@H](C)O
5ea3	mol2	ok	Oc1cc[c]([nH]c1Cn1-c2cccc(C)c2-[nH][c]1[nH][C@@H]1CC[N@@+](CC[NH3+])CC1)C	Cc1ccc(O)c(Cn2/c(=[NH+]/C3CC[N+](CC[NH3+])CC3)[nH]c3c(C)cccc32)[nH+]1
5eg4	mol2	ok	S(=O)(=O)(NC1CCCCC1)N[C@@H]1Cc2ccc(NC(=O)CC[N@@+]3CC[N@@H+](CC3)CCC(=O)Nc3ccc(cc3)C[C@H](NC1=O)C(=O)NCc1ccc(cc1)[c]([nH2])[nH2])cc2	NC(=[NH2+])c1ccc(CNC(=O)[C@@H]2Cc3ccc(cc3)NC(=O)CC[NH+]3CC[N+](CCC(=O)Nc4ccc(cc4)C[C@@H](NS(=O)(=O)NC4CCCCC4)C(=O)N2)CC3)cc1
5ehg	mol2	ok	Clc1ccc(NC(=O)Nc2cccc(s([o])([o])Oc3ccc(cc3)C(=O)[O-])c2)c(N)c1	Nc1cc(Cl)ccc1NC(=O)Nc1cccc([S@+](=O)([O-])Oc2ccc(C(=O)[O-])cc2)c1
5ek9	mol2	ok	oc(OC(C)C)N[C@@H]1C[C@@H](N(C(=O)C)c2ccc(cc12)C1=CC=CO1)C	CC(=O)N1c2ccc(-c3ccco3)cc2[C@H](N[C]([O-])OC(C)C)C[C@@H]1C
5el2	mol2	ok	OCC[C@H]1N(CCCC1)c(o)O[C@H](C)CC	CC[C@@H](C)O[C]([O-])N1CCCC[C@H]1CCO
5epk	mol2	ok	O=C(c1ccc(cc1)C(C)(C)C)N[C@H](C(=O)N[C@@H](C)C(=O)N[C@H](C(=O)N[C@H](C(=O)N[C@@H](CO)c(o)OC)CCCC[NH+](CC)CC)CC(C)C)Cc1ccccc1	CC[NH+](CC)CCCC[C@H](NC(=O)[C@H](CC(C)C)NC(=O)[C@H](C)NC(=O)[C@H](Cc1ccccc1)NC(=O)c1ccc(C(C)(C)C)cc1)C(=O)N[C@@H](CO)[C]([O-])OC
5epl	mol2	ok	O=C(c1ccc(cc1)C(C)(C)C)N[C@H](C(=O)N[C@@H](C)C(=O)N[C@H](C(=O)N[C@H](C(=O)N[C@@H](CO)c(o)OC)CCCC[NH+](CC)CC)CC(C)C)Cc1ccccc1	CC[NH+](CC)CCCC[C@H](NC(=O)[C@H](CC(C)C)NC(=O)[C@H](C)NC(=O)[C@H](Cc1ccccc1)NC(=O)c1ccc(C(C)(C)C)cc1)C(=O)N[C@@H](CO)[C]([O-])OC
5epn	mol2	ok	C1[C@H](Oc2c(CC)nc3c(n2)cc(OC)cc3)C[C@@H]2N1C(=O)[C@H](CCCCCCC[C@H]1C[C@]1(NC2=O)C(=O)NS(=O)(=O)C1CC1)Nc(o)OC(C)(C)C	CCc1nc2ccc(OC)cc2nc1O[C@@H]1C[C@H]2C(=O)N[C@]3(C(=O)NS(=O)(=O)C4CC4)C[C@@H]3CCCCCCC[C@H](N[C]([O-])OC(C)(C)C)C(=O)N2C1
5epy	mol2	ok	C1[C@H](Oc2c(CC)nc3c(n2)cc(OC)cc3)C[C@@H]2N1C(=O)[C@H](CCCCC/C=C/[C@H]1C[C@]1(NC2=O)C(=O)NS(=O)(=O)C1CC1)Nc(o)OC(C)(C)C	CCc1nc2ccc(OC)cc2nc1O[C@@H]1C[C@H]2C(=O)N[C@]3(C(=O)NS(=O)(=O)C4CC4)C[C@@H]3/C=C/CCCCC[C@H](N[C]([O-])OC(C)(C)C)C(=O)N2C1
5eq0	mol2	ok	O=C(c1ccc(cc1)C(C)(C)C)N[C@H](C(=O)N[C@@H](C)C(=O)N[C@H](C(=O)N[C@H](C(=O)N[C@@H](CO)c(o)OC)CCCC[NH+](CC)CC)CC(C)C)Cc1ccccc1	CC[NH+](CC)CCCC[C@H](NC(=O)[C@H](CC(C)C)NC(=O)[C@H](C)NC(=O)[C@H](Cc1ccccc1)NC(=O)c1ccc(C(C)(C)C)cc1)C(=O)N[C@@H](CO)[C]([O-])OC
5eqq	mol2	ok	C(=O)(N1C[C@@H](C[C@H]1C(=O)N[C@]1([C@H](CC)C1)C(=O)NS(=O)(=O)C1CC1)Oc1c(CC)nc2ccc(cc2n1)OC)[C@@H](Nc(o)OC(C)(C)C)C(C)(C)C	CCc1nc2ccc(OC)cc2nc1O[C@@H]1C[C@@H](C(=O)N[C@]2(C(=O)NS(=O)(=O)C3CC3)C[C@H]2CC)N(C(=O)[C@@H](N[C]([O-])OC(C)(C)C)C(C)(C)C)C1
5er1	mol2	ok	oc(OC)[C@@H](NC(=O)[C@@H](NC(=O)[C@@H]([NH2+]C[C@H](O)[C@@H]([NH3+])CC(C)C)C(C)C)[C@@H](C)CC)Cc1ccccc1	CC[C@H](C)[C@H](NC(=O)[C@@H]([NH2+]C[C@H](O)[C@@H]([NH3+])CC(C)C)C(C)C)C(=O)N[C@@H](Cc1ccccc1)[C]([O-])OC
5er2	mol2	ok	oc(OC(C)(C)C)N[C@@H](Cc1ccccc1)C(=O)NCC(=O)N[C@@H](CC1CCCCC1)[C@@H](O)CN(CC(C)C)C(=O)N[C@@H](CCCC[NH3+])C(=O)N[C@@H](Cc1ccccc1)C(=O)[O-]	CC(C)CN(C[C@H](O)[C@H](CC1CCCCC1)NC(=O)CNC(=O)[C@H](Cc1ccccc1)N[C]([O-])OC(C)(C)C)C(=O)N[C@@H](CCCC[NH3+])C(=O)N[C@@H](Cc1ccccc1)C(=O)[O-]
5est	mol2	ok	oc(OCc1ccccc1)N[C@@H](C)C(=O)N[C@@H]([C@@H](C)CC)B(O)O	CC[C@H](C)[C@H](NC(=O)[C@H](C)N[C]([O-])OCc1ccccc1)B(O)O
5etk	mol2	ok	c1ccc(c(c1)CSC1=NC2=C(C(=O)[nH][c]([nH]2)[nH2])N1)F	[NH2+]=c1[nH]c(=O)c2[nH]c(SCc3ccccc3F)nc2[nH]1
5etx	mol2	ok	C(=O)(N1C[C@@H](C[C@H]1C(=O)N[C@]1([C@H](CC)C1)C(=O)NS(=O)(=O)C1CC1)Oc1c(CC)nc2ccc(cc2n1)OC)[C@@H](Nc(o)OC(C)(C)C)C(C)(C)C	CCc1nc2ccc(OC)cc2nc1O[C@@H]1C[C@@H](C(=O)N[C@]2(C(=O)NS(=O)(=O)C3CC3)C[C@H]2CC)N(C(=O)[C@@H](N[C]([O-])OC(C)(C)C)C(C)(C)C)C1
5exm	mol2	ok	oc(OC)Nc1ccc(cc1)c1ccnc(c1)[C@@H](NC(=O)[C@H]1CC[C@H](C[NH3+])CC1)Cc1ccccc1	CO[C]([O-])Nc1ccc(-c2ccnc([C@H](Cc3ccccc3)NC(=O)[C@H]3CC[C@H](C[NH3+])CC3)c2)cc1
5exn	mol2	ok	Clc1ccc(N2N=NN=C2)c(/C=C/C(=O)N[C@@H](Cc2ccccc2)c2nccc(c2)c2ccc(Nc(o)OC)cc2)c1	CO[C]([O-])Nc1ccc(-c2ccnc([C@H](Cc3ccccc3)NC(=O)/C=C/c3cc(Cl)ccc3-n3cnnn3)c2)cc1
5f2u	mol2	ok	O=C([C@@H]([NH3+])CO)N[C@H](C(=O)N[C@H](C(=O)N[C@H](C(=O)N[C@@H](CSCCC(=C)CC/C=C(\C)/CCCC(=C)C)c(o)OC)[C@@H](C)CC)[C@H](O)C)CO	C=C(C)CCC/C(C)=C/CCC(=C)CCSC[C@H](NC(=O)[C@@H](NC(=O)[C@@H](NC(=O)[C@H](CO)NC(=O)[C@@H]([NH3+])CO)[C@@H](C)O)[C@@H](C)CC)[C]([O-])OC
5f4n	mol2	ok	oc(OC)C1=CN/C(=N/c2ncc(nc2)C#N)/C=C1NC[C@@H]1OCC[NH2+]C1	CO[C]([O-])c1c[nH]/c(=N/c2cnc(C#N)cn2)cc1NC[C@H]1C[NH2+]CCO1
5f6u	mol2	ok	oc(OCC)CCc1ccc(c(O)c1)c1ccccc1O	CCO[C]([O-])CCc1ccc(-c2ccccc2O)c(O)c1
5fbe	mol2	ok	FC(F)(F)Oc1cccc(NC(=O)[C@H]2N(CCC2)C(=O)NCc2ccccc2c(o)OC)c1	CO[C]([O-])c1ccccc1CNC(=O)N1CCC[C@H]1C(=O)Nc1cccc(OC(F)(F)F)c1
5fiv	mol2	ok	OC[C@@H](NC(=O)[C@@H](NC(=O)[C@@H](Nc(o)OCc1ccccc1)C)C(C)C)Cc1ccccc1	CC(C)[C@H](NC(=O)[C@H](C)N[C]([O-])OCc1ccccc1)C(=O)N[C@H](CO)Cc1ccccc1
5g1p	mol2	ok	p([o])([o])(o)Oc(o)N	N[C]([O-])OP(=O)([O-])[O-]
5g1z	mol2	ok	S(CCC#N)c1c(cnc2ccc(OC)cc12)c(o)OCC	CCO[C]([O-])c1cnc2ccc(OC)cc2c1SCCC#N
5g22	mol2	ok	S(CCC#N)c1c(cnc2ccc(OCc3cnc(N4CC[NH2+]CC4)cc3)cc12)c(o)OCC	CCO[C]([O-])c1cnc2ccc(OCc3ccc(N4CC[NH2+]CC4)nc3)cc2c1SCCC#N
5g2n	mol2	ok	O=C(N[c]1nc2c(OC)c(OCCC[N+]3CCOCC3)ccc2c2NCCn12)c1cnc(N)nc1	COc1c(OCCC[N+]2CCOCC2)ccc2c3[n+](c(NC(=O)c4cnc(N)nc4)nc12)CCN3
5gmu	mol2	ok	oc(O[C@@H]1C[C@](O)(C[C@@H](O)[C@@H]1O)C(=O)[O-])CCc1ccc(O)c(O)c1	O=C([O-])[C@@]1(O)C[C@@H](O)[C@H](O)[C@H](O[C]([O-])CCc2ccc(O)c(O)c2)C1
5gn5	mol2	ok	oc1Oc2c(O)c(O)ccc2C(=C1)C[NH+]1CCN(CC1)c1ccc(OC)cc1	COc1ccc(N2CC[NH+](CC3=C[C]([O-])Oc4c3ccc(O)c4O)CC2)cc1
5gn6	mol2	ok	oc1Oc2c(O)c(O)ccc2C(=C1)CCCC	CCCCC1=C[C]([O-])Oc2c1ccc(O)c2O
5gn7	mol2	ok	oc1Oc2c(O)c(O)ccc2C(=C1)C[NH+]1CCN(CC1)c1ccc(OC)cc1	COc1ccc(N2CC[NH+](CC3=C[C]([O-])Oc4c3ccc(O)c4O)CC2)cc1
5gn9	mol2	ok	oc1Oc2c(O)c(O)ccc2C(=C1)CCCC	CCCCC1=C[C]([O-])Oc2c1ccc(O)c2O
5gwy	mol2	ok	O=C(C1=NOC(=C1)C)N[C@@H](C)C(=O)N[C@H](C(=O)N[C@H](C(=O)N[C@H](/C=C\c(o)OCc1ccccc1)C[C@@H]1CCNC1=O)CC(C)C)C(C)C	Cc1cc(C(=O)N[C@@H](C)C(=O)N[C@H](C(=O)N[C@@H](CC(C)C)C(=O)N[C@H](/C=C\[C]([O-])OCc2ccccc2)C[C@@H]2CCNC2=O)C(C)C)no1
5gwz	mol2	ok	O=C(C1=NOC(=C1)C)N[C@@H](C)C(=O)N[C@H](C(=O)N[C@H](C(=O)N[C@H](/C=C/c(o)OCc1ccccc1)C[C@@H]1CCNC1=O)CC(C)C)C(C)C	Cc1cc(C(=O)N[C@@H](C)C(=O)N[C@H](C(=O)N[C@@H](CC(C)C)C(=O)N[C@H](/C=C/[C]([O-])OCc2ccccc2)C[C@@H]2CCNC2=O)C(C)C)no1
5h09	mol2	ok	oc(OCC)[C@@H]([NH2+][C@H]1CC[C@H](N2C=C(c3ccc(Oc4ccccc4)cc3)c3c(N)ncnc23)CC1)CC(C)C	CCO[C]([O-])[C@H](CC(C)C)[NH2+][C@H]1CC[C@H](n2cc(-c3ccc(Oc4ccccc4)cc3)c3c(N)ncnc32)CC1
5h1t	mol2	ok	oc(OC)N1CCCc2cc(N)ccc12	CO[C]([O-])N1CCCc2cc(N)ccc21
5h85	mol2	ok	oc(OC)c1cccc(c1)C(=O)Nc1ncnc2NC=Nc12	CO[C]([O-])c1cccc(C(=O)Nc2ncnc3[nH]cnc23)c1
5hbe	mol2	ok	c1(o)NCC2(CCN(c3c(Cl)c[nH][cH]c3c3cc4CS(=O)(=O)N(c4cc3)C)CC2)O1	CN1c2ccc(-c3c[nH+]cc(Cl)c3N3CCC4(CC3)CN[C]([O-])O4)cc2CS1(=O)=O
5hgq	mol2	ok	oc1-c2c(O)cc(O)cc2C[C@@H](O1)C[C@@H]1O[C@@H](C)CCC1	C[C@H]1CCC[C@H](C[C@H]2Cc3cc(O)cc(O)c3[C]([O-])O2)O1
5hj9	mol2	ok	[O-]C(=O)[C@@]([NH3+])(CCCC[B](O)(O)O)CC[N+]1CCCCC1	[NH3+][C@](CCCC[B-](O)(O)O)(CC[N+]1CCCCC1)C(=O)[O-]
5hja	mol2	ok	O[B](O)(O)CCCC[C@@]([NH3+])([C@H]1CC[N@+](Cc2ccc(Cl)c(Cl)c2)CC1)C(=O)[O-]	[NH3+][C@@](CCCC[B-](O)(O)O)(C(=O)[O-])C1CC[N+](Cc2ccc(Cl)c(Cl)c2)CC1
5hlp	mol2	ok	C1(=NNC2=C1[C@H](c1ccccc1OC)C1=C(N2)CC(C)(CC1=[OH])C)C	[H]/[O+]=C1\CC(C)(C)CC2=C1[C@@H](c1ccccc1OC)c1c(C)n[nH]c1N2
5hm3	mol2	ok	C(CC(=O)Ns([o])([o])OC[C@H]1O[C@H]([C@H](O)[C@@H]1O)N1c2ncnc(N)c2N=C1)CCCCCCCCOc1ccccc1	Nc1ncnc2c1ncn2[C@@H]1O[C@H](CO[S@+](=O)([O-])NC(=O)CCCCCCCCCCOc2ccccc2)[C@@H](O)[C@H]1O
5hrv	mol2	ok	oc1-c2ccccc2C2=C(NN=C2O1)CC	CCc1[nH]nc2c1-c1ccccc1[C]([O-])O2
5hrw	mol2	ok	oc1-c2ccccc2C2=C(NN=C2O1)CCC	CCCc1[nH]nc2c1-c1ccccc1[C]([O-])O2
5hrx	mol2	ok	oc1-c2ccccc2C2=C(NN=C2O1)CCCC	CCCCc1[nH]nc2c1-c1ccccc1[C]([O-])O2
5hv1	mol2	ok	oc(O[C@H]1[C@H](C)[C@H](O)[C@H](C)[C@@H](O)[C@@H](C)/C=C/C=C(/C)\C(=O)Nc2c(O)c3c(O)c(C)c4O[C@@](O/C=C/[C@H](OC)[C@H]1C)(C)C(=O)c4c3c(O)c2/C=N/N1CC[N@H+](C)CC1)C	CO[C@H]1/C=C/O[C@@]2(C)Oc3c(C)c(O)c4c(O)c(c(/C=N/N5CC[NH+](C)CC5)c(O)c4c3C2=O)NC(=O)/C(C)=C\C=C\[C@H](C)[C@H](O)[C@@H](C)[C@@H](O)[C@@H](C)[C@H](O[C](C)[O-])[C@@H]1C
5hvt	mol2	ok	oc1Oc2cc(O)ccc2CN1c1ccc(OC)cc1	COc1ccc(N2Cc3ccc(O)cc3O[C]2[O-])cc1
5i0l	mol2	ok	S=C(NCCN(S(=O)(=O)c1ccc(cc1)c1ccccc1)[C@@H](C(=O)[O-])C(C)C)N[C@@H]1O[C@H](COc(o)C)[C@@H](Oc(o)C)[C@H](Oc(o)C)[C@H]1NC(=O)C	C[C]([O-])OC[C@H]1O[C@@H](NC(=S)NCCN([C@@H](C(=O)[O-])C(C)C)S(=O)(=O)c2ccc(-c3ccccc3)cc2)[C@H](NC(C)=O)[C@@H](O[C](C)[O-])[C@@H]1O[C](C)[O-]
5i12	mol2	ok	S=C(NCCN(S(=O)(=O)c1ccc(cc1)c1ccccc1)[C@@H](C(=O)[O-])C(C)C)N[C@@H]1O[C@H](COc(o)C)[C@@H](Oc(o)C)[C@H](Oc(o)C)[C@H]1NC(=O)C	C[C]([O-])OC[C@H]1O[C@@H](NC(=S)NCCN([C@@H](C(=O)[O-])C(C)C)S(=O)(=O)c2ccc(-c3ccccc3)cc2)[C@H](NC(C)=O)[C@@H](O[C](C)[O-])[C@@H]1O[C](C)[O-]
5i2e	mol2	ok	s(NC(=O)CCC1=CNc2c1cccc2)(OC[C@H]1O[C@@H](N2C3=C(C4=NC=CN4C=N3)N=C2)[C@H](O)[C@@H]1O)([o])[o]	O=C(CCc1c[nH]c2ccccc12)N[S@+](=O)([O-])OC[C@H]1O[C@@H](n2cnc3c2ncn2ccnc32)[C@H](O)[C@@H]1O
5i2z	mol2	ok	S(=O)(=O)(N(CC1=CN(N=N1)[C@@H]1O[C@H](COc(o)C)[C@@H](Oc(o)C)[C@H](Oc(o)C)[C@H]1NC(=O)C)[C@@H](C(=O)[O-])C(C)C)c1ccc(cc1)c1ccccc1	C[C]([O-])OC[C@H]1O[C@@H](n2cc(CN([C@@H](C(=O)[O-])C(C)C)S(=O)(=O)c3ccc(-c4ccccc4)cc3)nn2)[C@H](NC(C)=O)[C@@H](O[C](C)[O-])[C@@H]1O[C](C)[O-]
5i43	mol2	ok	S(=O)(=O)(N(CC1=CN(N=N1)CCCO[C@@H]1O[C@H](COc(o)C)[C@@H](Oc(o)C)[C@H](Oc(o)C)[C@H]1NC(=O)C)[C@@H](C(=O)[O-])C(C)C)c1ccc(cc1)c1ccccc1	C[C]([O-])OC[C@H]1O[C@@H](OCCCn2cc(CN([C@@H](C(=O)[O-])C(C)C)S(=O)(=O)c3ccc(-c4ccccc4)cc3)nn2)[C@H](NC(C)=O)[C@@H](O[C](C)[O-])[C@@H]1O[C](C)[O-]
5igk	mol2	ok	c1(cc(c(cc1)C)NS(=O)(=O)C)C1=NN2C(=NN=C2C)C(=C1)Nc(OCC)o	CCO[C]([O-])Nc1cc(-c2ccc(C)c(NS(C)(=O)=O)c2)nn2c(C)nnc12
5igl	mol2	ok	S(=O)(=O)(Nc1cc(ccc1C)C1=NN2C(=NN=C2C(=C1)Nc(o)OCC)C)C	CCO[C]([O-])Nc1cc(-c2ccc(C)c(NS(C)(=O)=O)c2)nn2c(C)nnc12
5igm	mol2	ok	S(=O)(=O)(Nc1cc(ccc1C)C1=NN2C(=NN=C2C(=C1)Nc(o)OCC)C)C	CCO[C]([O-])Nc1cc(-c2ccc(C)c(NS(C)(=O)=O)c2)nn2c(C)nnc12
5ii1	mol2	ok	oc1-c2ccccc2C2=C(NN=C2O1)C	Cc1[nH]nc2c1-c1ccccc1[C]([O-])O2
5in9	mol2	ok	COc(o)c1c(O)cc(O)c(Cl)c1CCC1=[NH]C=CN1CC1=CC=C(O1)Cl	CO[C]([O-])c1c(O)cc(O)c(Cl)c1CCc1[nH+]ccn1Cc1ccc(Cl)o1
5irr	mol2	ok	p(Op([o])(o)Op([o])(o)OC[C@H]1O[C@H]([C@@H]([C@@H]1O)O)N1C=NC2=C1[nH][c]([nH]C2=O)[nH2])(S)([o])o	[NH2+]=c1[nH]c(=O)c2ncn([C@@H]3O[C@H](CO[P@@](=O)([O-])O[P@](=O)([O-])O[P@](=O)([O-])S)[C@@H](O)[C@H]3O)c2[nH]1
5iu8	mol2	ok	O1C=CC=C1C1=Nn2[c]([nH2])[nH][c]([nH]CC[N@@+]3CC[N@@H+](C)CC3)[nH][c]2[nH]1	C[NH+]1CC[N+](CC/[NH+]=c2\[nH]c(=[NH2+])n3nc(-c4ccco4)[nH+]c3[nH]2)CC1
5ivs	mol2	ok	oc(OC)N[C@H](C(=O)Nc1ccccc1CC[C@H]1OC[C@H]([NH2+]C1)COc(o)NCc1ccccc1)C(c1ccccc1)c1ccccc1	CO[C]([O-])N[C@H](C(=O)Nc1ccccc1CC[C@@H]1C[NH2+][C@H](CO[C]([O-])NCc2ccccc2)CO1)C(c1ccccc1)c1ccccc1
5ivt	mol2	ok	Clc1ccc(cc1)[C@H]([C@H]([NH3+])C(=O)Nc1cncc(F)c1CC[C@H]1OC[C@H]([NH2+]C1)COc(o)NCC(F)(F)F)c1cc(F)cc(F)c1	[NH3+][C@H](C(=O)Nc1cncc(F)c1CC[C@@H]1C[NH2+][C@H](CO[C]([O-])NCC(F)(F)F)CO1)[C@@H](c1ccc(Cl)cc1)c1cc(F)cc(F)c1
5iyy	mol2	ok	oc(OCc1ccccc1)N[C@@H](CCC[nH][c]([nH2])[nH2])C(=O)[O-]	NC(=[NH2+])NCCC[C@H](N[C]([O-])OCc1ccccc1)C(=O)[O-]
5iz6	mol2	ok	oc(OCc1ccccc1)N[C@@H](C)C(=O)NCC(=O)N[C@H](C(=O)N[C@@H](C)C(=O)N[C@H](C(=O)N[C@H](C(=O)N[C@H](C(=O)N)CCC(=O)[O-])Cc1ccc(O)cc1)CC(C)C)CCC(=O)[O-]	CC(C)C[C@H](NC(=O)[C@H](C)NC(=O)[C@H](CCC(=O)[O-])NC(=O)CNC(=O)[C@H](C)N[C]([O-])OCc1ccccc1)C(=O)N[C@@H](Cc1ccc(O)cc1)C(=O)N[C@@H](CCC(=O)[O-])C(N)=O
5j1x	mol2	ok	oc(OC(C)(C)C)N[C@@H](CCC[nH][c]([nH2])[nH2])C(=O)[O-]	CC(C)(C)O[C]([O-])N[C@@H](CCCNC(N)=[NH2+])C(=O)[O-]
5j7f	mol2	ok	Clc1ccc(CN2C=NC(=C2C2=C(Nc3cc(Cl)ccc23)c(o)OCCCCCCNC(=O)CCC(=O)[O-])c2ccc(F)cc2)cc1	O=C([O-])CCC(=O)NCCCCCCO[C]([O-])c1[nH]c2cc(Cl)ccc2c1-c1c(-c2ccc(F)cc2)ncn1Cc1ccc(Cl)cc1
5j7g	mol2	ok	Clc1ccc(CN2C=NC(=C2C2=C(Nc3cc(Cl)ccc23)c(o)OCCCCCCNC(=O)CCC(=O)[O-])c2ccc(F)cc2)cc1	O=C([O-])CCC(=O)NCCCCCCO[C]([O-])c1[nH]c2cc(Cl)ccc2c1-c1c(-c2ccc(F)cc2)ncn1Cc1ccc(Cl)cc1
5jcb	mol2	ok	S(C1=NNC=N1)[C@@H]1[C@@H]2COc(o)[C@@H]2[C@H](c2cc(OC)c(OC)c(OC)c2)c2cc3OCOc3cc12	COc1cc([C@@H]2c3cc4c(cc3[C@H](Sc3nc[nH]n3)[C@@H]3CO[C]([O-])[C@H]23)OCO4)cc(OC)c1OC
5jf8	mol2	ok	ON(C=O)C[C@@H](Nc(o)OC(C)(C)C)C	C[C@@H](CN(O)C=O)N[C]([O-])OC(C)(C)C
5jfp	mol2	ok	S(=O)(=O)(N(C[C@@H](O)[C@@H](Nc(o)O[C@H]1CO[C@H]2OCC[C@@H]12)C[C@@]12C[C@H]3C[C@H](C[C@H](C3)C2)C1)CC(C)C)c1ccc(OC)cc1	COc1ccc(S(=O)(=O)N(CC(C)C)C[C@@H](O)[C@H](C[C@]23C[C@H]4C[C@H](C[C@H](C4)C2)C3)N[C]([O-])O[C@H]2CO[C@H]3OCC[C@H]32)cc1
5jfu	mol2	ok	S(=O)(=O)(N(C[C@@H](O)[C@@H](Nc(o)O[C@H]1CO[C@H]2OCC[C@@H]12)C[C@@]12C[C@H]3C[C@H](C[C@H](C3)C2)C1)Cc1ccccc1)c1ccc(OC)cc1	COc1ccc(S(=O)(=O)N(Cc2ccccc2)C[C@@H](O)[C@H](C[C@]23C[C@H]4C[C@H](C[C@H](C4)C2)C3)N[C]([O-])O[C@H]2CO[C@H]3OCC[C@H]32)cc1
5jg1	mol2	ok	S(=O)(=O)(N(C[C@@H](O)[C@@H](Nc(o)O[C@H]1CO[C@H]2OCCC[C@@H]12)C[C@@]12C[C@H]3C[C@H](C[C@H](C3)C2)C1)CC(C)C)c1ccc(OC)cc1	COc1ccc(S(=O)(=O)N(CC(C)C)C[C@@H](O)[C@H](C[C@]23C[C@H]4C[C@H](C[C@H](C4)C2)C3)N[C]([O-])O[C@H]2CO[C@H]3OCCC[C@H]32)cc1
5jh6	mol2	ok	Clc1cnc(nc1Nc1ccccc1Oc(o)C=C)Nc1ccc(N2CC[NH+](C)CC2)cc1	C=C[C]([O-])Oc1ccccc1Nc1nc(Nc2ccc(N3CC[NH+](C)CC3)cc2)ncc1Cl
5jna	mol2	ok	s([o])([o])(OC[C@]12OC[C@H]3OC(O[C@H]3[C@@H]2OC(O1)(C)C)(C)C)N	CC1(C)O[C@@H]2[C@@H](CO[C@@]3(CO[S@+](N)(=O)[O-])OC(C)(C)O[C@@H]23)O1
5js3	mol2	ok	p([o])(o)(N[C@@H](CC(C)C)C(=O)NC[C@@H](C)C(C)(C)C)CNc(o)OCc1ccccc1	CC(C)C[C@H](N[P@](=O)([O-])CN[C]([O-])OCc1ccccc1)C(=O)NC[C@@H](C)C(C)(C)C
5jss	mol2	ok	p([o])(o)(N[C@@H](CC(C)C)C(=O)NC[C@H](C)C(C)(C)C)CNc(o)OCc1ccccc1	CC(C)C[C@H](N[P@](=O)([O-])CN[C]([O-])OCc1ccccc1)C(=O)NC[C@H](C)C(C)(C)C
5jt9	mol2	ok	p([o])(o)(N[C@@H](CC(C)C)C(=O)N)CNc(o)OCc1ccccc1	CC(C)C[C@H](N[P@](=O)([O-])CN[C]([O-])OCc1ccccc1)C(N)=O
5jv0	mol2	ok	S1c2ncnc(N[C@H](p([o])([o])o)Cc3cccc(F)c3)c2C=C1c1ccc(C)cc1	Cc1ccc(-c2cc3c(N[C@@H](Cc4cccc(F)c4)P(=O)([O-])[O-])ncnc3s2)cc1
5jvi	mol2	ok	p([o])(o)(N[C@@H](CC(C)C)C(=O)NC[C@H](C)CC)CNc(o)OCc1ccccc1	CC[C@@H](C)CNC(=O)[C@H](CC(C)C)N[P@](=O)([O-])CN[C]([O-])OCc1ccccc1
5jxn	mol2	ok	p([o])(o)(N[C@@H](CC(C)C)C(=O)NC[C@H](C)CC)CNc(o)OCc1ccccc1	CC[C@@H](C)CNC(=O)[C@H](CC(C)C)N[P@@](=O)([O-])CN[C]([O-])OCc1ccccc1
5jyy	mol2	ok	OC[C@@H](O)[C@@H](Oc(o)NCCOC)[C@@H]1OC(=C[C@H]([nH][c]([nH2])[nH2])[C@H]1NC(=O)C)C(=O)[O-]	COCCN[C]([O-])O[C@@H]([C@@H]1OC(C(=O)[O-])=C[C@H](NC(N)=[NH2+])[C@H]1NC(C)=O)[C@H](O)CO
5k1v	mol2	ok	oc(OC)[C@@H](NC(=O)c1ccc(N)c(NC(=O)[C@@H]([NH3+])CCC[nH][c]([nH2])[nH2])c1)Cc1ccc(O)cc1	CO[C]([O-])[C@H](Cc1ccc(O)cc1)NC(=O)c1ccc(N)c(NC(=O)[C@@H]([NH3+])CCCNC(N)=[NH2+])c1
5k5e	mol2	ok	oc(OC[C@@H]1OCCC1)C1=C(NC2=CCCC(=C2[C@H]1c1ccc2N(CC)c3ccccc3-c2c1)O)C	CCn1c2ccccc2c2cc([C@H]3C([C]([O-])OC[C@H]4CCCO4)=C(C)NC4=CCCC(O)=C43)ccc21
5kau	mol2	ok	c12c(cc(c(c1)NCC)C)C(c1c(O2)cc(c(c1)C)NCC)c1ccccc1c(o)OCC	CCNc1cc2c(cc1C)C(c1ccccc1[C]([O-])OCC)c1cc(C)c(NCC)cc1O2
5kax	mol2	ok	c12c(cc(c(c1)NCC)C)C(c1c(O2)cc(c(c1)C)NCC)c1ccccc1c(o)OCC	CCNc1cc2c(cc1C)C(c1ccccc1[C]([O-])OCC)c1cc(C)c(NCC)cc1O2
5kit	mol2	ok	oc(OC(C)(C)C)N1CCC2(CC1)C[C@@H]2CNC(=O)N1Cc2cnccc2C1	CC(C)(C)O[C]([O-])N1CCC2(CC1)C[C@@H]2CNC(=O)N1Cc2ccncc2C1
5kj2	mol2	ok	Fc1ccc(CN(C(=O)CN2c(o)O[C@@]3(CCc4cc(NC(=O)NC)ccc34)C2=O)[C@@H](C)C(F)(F)F)cc1	CNC(=O)Nc1ccc2c(c1)CC[C@@]21O[C]([O-])N(CC(=O)N(Cc2ccc(F)cc2)[C@@H](C)C(F)(F)F)C1=O
5kls	mol2	ok	Brc1ccccc1[C@@H]1[C@@H](c(o)OC)[C@@H](NC(=C1c(o)OCC)COCC[NH+](C)C)C	CCO[C]([O-])C1=C(COCC[NH+](C)C)N[C@@H](C)[C@H]([C]([O-])OC)[C@H]1c1ccccc1Br
5kmf	mol2	ok	O=N(=O)c1cccc(c1)[C@H]1[C@H](c(o)OCCOC)C(=NC(=C1c(o)OC(C)C)C)C	COCCO[C]([O-])[C@@H]1C(C)=NC(C)=C([C]([O-])OC(C)C)[C@H]1c1cccc([N+](=O)[O-])c1
5ko1	mol2	ok	Fc1ccc(NC(=O)[C@H](Oc(o)c2nccnc2N)c2ccccc2)cc1	Nc1nccnc1[C]([O-])O[C@@H](C(=O)Nc1ccc(F)cc1)c1ccccc1
5kqy	mol2	ok	S(=O)(=O)(N(C[C@@H](O)[C@@H](Nc(o)O[C@H]1CO[C@H]2OCC[C@@H]12)Cc1ccccc1)CC(C)C)c1ccc(N)cc1	CC(C)CN(C[C@@H](O)[C@H](Cc1ccccc1)N[C]([O-])O[C@H]1CO[C@H]2OCC[C@H]21)S(=O)(=O)c1ccc(N)cc1
5kr0	mol2	ok	S(=O)(=O)(N(C[C@@H](O)[C@@H](Nc(o)O[C@@H]1COCC1)Cc1ccccc1)CC(C)C)c1ccc(N)cc1	CC(C)CN(C[C@@H](O)[C@H](Cc1ccccc1)N[C]([O-])O[C@H]1CCOC1)S(=O)(=O)c1ccc(N)cc1
5kr1	mol2	ok	S(=O)(=O)(N(C[C@@H](O)[C@@H](Nc(o)O[C@H]1CO[C@H]2OCC[C@@H]12)Cc1ccccc1)CC(C)C)c1ccc(N)cc1	CC(C)CN(C[C@@H](O)[C@H](Cc1ccccc1)N[C]([O-])O[C@H]1CO[C@H]2OCC[C@H]21)S(=O)(=O)c1ccc(N)cc1
5l0h	mol2	ok	p([o])([o])(o)O[C@@H]1[C@@H](O)[C@@H](O)[C@@H](Op([o])(o)OC[C@H](Oc(o)C)COc(o)C)[C@H](O)[C@H]1Op([o])([o])o	C[C]([O-])OC[C@H](CO[P@](=O)([O-])O[C@@H]1[C@H](O)[C@H](O)[C@@H](OP(=O)([O-])[O-])[C@H](OP(=O)([O-])[O-])[C@H]1O)O[C](C)[O-]
5l13	mol2	ok	oc1Oc2cc3OC(=C(C)c3cc2C(=C1CCC)C)C	CCCC1=C(C)c2cc3c(C)c(C)oc3cc2O[C]1[O-]
5l2m	mol2	ok	oc1Oc2cc3OC(=C(C)c3cc2C(=C1CCC(=O)N1CCCCC1)C)C	CC1=C(CCC(=O)N2CCCCC2)[C]([O-])Oc2cc3oc(C)c(C)c3cc21
5l2n	mol2	ok	s([o])([o])(Oc1ccc2c(Oc(o)C(=C2C)Cc2ccccc2)c1)C	CC1=C(Cc2ccccc2)[C]([O-])Oc2cc(O[S@@+](C)(=O)[O-])ccc21
5l2o	mol2	ok	oc1Oc2cc(N(CC)CC)ccc2C(=C1)C	CCN(CC)c1ccc2c(c1)O[C]([O-])C=C2C
5l2y	mol2	ok	Fc1cnc(N)c2ccc(N[C@H]3C(=O)N(C)Cc4cc(Nc(o)OC[C@H](C)c5ccc3cc5C)ccc4C3(CCC3)C(=O)[O-])cc12	Cc1cc2ccc1[C@@H](C)CO[C]([O-])Nc1ccc(C3(C(=O)[O-])CCC3)c(c1)CN(C)C(=O)[C@@H]2Nc1ccc2c(N)ncc(F)c2c1
5l2z	mol2	ok	Fc1cnc(N)c2ccc(N[C@H]3C(=O)N(C)Cc4cc(Nc(o)OC[C@H](C)c5ccc3cc5C)ccc4C3(CCCCC3)C(=O)[O-])cc12	Cc1cc2ccc1[C@@H](C)CO[C]([O-])Nc1ccc(C3(C(=O)[O-])CCCCC3)c(c1)CN(C)C(=O)[C@@H]2Nc1ccc2c(N)ncc(F)c2c1
5l30	mol2	ok	C1(=O)[C@@H](c2ccc([C@@H](C)COc(Nc3ccc(c(CN1C)c3)C1(C3=NN=NN3)CC1)o)c(c2)C)Nc1cc2c(cc1)c([nH][cH]c2)N	Cc1cc2ccc1[C@@H](C)CO[C]([O-])Nc1ccc(C3(c4nnn[nH]4)CC3)c(c1)CN(C)C(=O)[C@@H]2Nc1ccc2c(N)[nH+]ccc2c1
5l6h	mol2	ok	c1(C#C)cc(Nc2ncnc3c2N=CN3[C@@H]2O[C@@H]([C@H]([C@H]2O)O)COs([o])([o])N)ccc1	C#Cc1cccc(Nc2ncnc3c2ncn3[C@@H]2O[C@H](CO[S@+](N)(=O)[O-])[C@@H](O)[C@H]2O)c1
5l6i	mol2	ok	s([o])([o])(OC[C@@H]1C[C@@H](N2C=Cc3c(ncnc23)N[C@H]2CCc3ccccc23)C[C@@H]1O)N	N[S@@+](=O)([O-])OC[C@@H]1C[C@@H](n2ccc3c(N[C@H]4CCc5ccccc54)ncnc32)C[C@@H]1O
5l6j	mol2	ok	O[C@@H]1[C@H](O)[C@@H](COs([o])([o])N)C[C@H]1NC1=CC=NC2=CC(=NN12)c1cc(ccc1)SC(F)(F)F	N[S@+](=O)([O-])OC[C@H]1C[C@@H](Nc2ccnc3cc(-c4cccc(SC(F)(F)F)c4)nn23)[C@H](O)[C@@H]1O
5l7f	mol2	ok	Brc1ccc(p([o])(o)C[C@@H](CC2=CC(=NO2)c2ccc(cc2)c2cccc(Cl)c2)C(=O)N[C@@H](CCC(=O)[O-])C(=O)N[C@@H](CCC(=O)[O-])C(=O)NCCCOCCOCCOCCCNC(=O)CCCCN2c3ccc4c(s([o])([o])[o])cc(s([o])([o])[o])cc4c3C(C)(C)[C]2C/C=C\C=C\[C]2N(CC)c3ccc4c(s([o])([o])[o])cc(s([o])([o])[o])cc4c3C2(C)C)cc1	CCN1[C](/C=C/C=C\C[C]2N(CCCCC(=O)NCCCOCCOCCOCCCNC(=O)[C@H](CCC(=O)[O-])NC(=O)[C@H](CCC(=O)[O-])NC(=O)[C@H](Cc3cc(-c4ccc(-c5cccc(Cl)c5)cc4)no3)C[P@](=O)([O-])c3ccc(Br)cc3)c3ccc4c(S(=O)(=O)[O-])cc(S(=O)(=O)[O-])cc4c3C2(C)C)C(C)(C)c2c1ccc1c(S(=O)(=O)[O-])cc(S(=O)(=O)[O-])cc21
5lcj	mol2	ok	Clc1cnc(nc1Nc1ccccc1NC(=O)C=C)Nc1ccnc(C#CCCNc(o)O[C@H]2CCC=CCCC2)c1	C=CC(=O)Nc1ccccc1Nc1nc(Nc2ccnc(C#CCCN[C]([O-])O[C@H]3CC/C=C\CCC3)c2)ncc1Cl
5lif	mol2	ok	p([o])(o)(N[C@@H](CC(C)C)C(=O)N[C@@H](CC1CCCCC1)C(=O)[O-])CNc(o)OCc1ccccc1	CC(C)C[C@H](N[P@](=O)([O-])CN[C]([O-])OCc1ccccc1)C(=O)N[C@@H](CC1CCCCC1)C(=O)[O-]
5lwd	mol2	ok	p([o])(o)(N[C@@H](CC(C)C)C(=O)NCC(=O)N)CNc(o)OCc1ccccc1	CC(C)C[C@H](N[P@](=O)([O-])CN[C]([O-])OCc1ccccc1)C(=O)NCC(N)=O
5m0d	mol2	ok	Clc1cc(Cl)cc(COc(o)N2CC[NH+](CC2)CCC[C@@H](C)[C@H]2CC[C@H]3[C@@H]4[C@@H](O)C[C@@H]5C[C@H](O)CC[C@]5(C)[C@H]4CC[C@]23C)c1	C[C@H](CCC[NH+]1CCN([C]([O-])OCc2cc(Cl)cc(Cl)c2)CC1)[C@H]1CC[C@H]2[C@@H]3[C@@H](O)C[C@@H]4C[C@H](O)CC[C@]4(C)[C@H]3CC[C@]12C
5m0m	mol2	ok	Clc1cc(Cl)cc(COc(o)N2CC[C@@H](NC(=O)CC[C@@H](C)[C@H]3CC[C@H]4[C@@H]5[C@@H](O)C[C@@H]6C[C@H](O)CC[C@]6(C)[C@H]5CC[C@]34C)C2)c1	C[C@H](CCC(=O)N[C@@H]1CCN([C]([O-])OCc2cc(Cl)cc(Cl)c2)C1)[C@H]1CC[C@H]2[C@@H]3[C@@H](O)C[C@@H]4C[C@H](O)CC[C@]4(C)[C@H]3CC[C@]12C
5m0s	mol2	ok	Clc1cc(Cl)cc(COc(o)NCCNC(=O)CC[C@@H](C)[C@H]2CC[C@H]3[C@@H]4[C@@H](O)C[C@@H]5C[C@H](O)CC[C@]5(C)[C@H]4CC[C@]23C)c1	C[C@H](CCC(=O)NCCN[C]([O-])OCc1cc(Cl)cc(Cl)c1)[C@H]1CC[C@H]2[C@@H]3[C@@H](O)C[C@@H]4C[C@H](O)CC[C@]4(C)[C@H]3CC[C@]12C
5m9w	mol2	ok	p([o])(o)(NCC(=O)N[C@@H](CC(C)C)C(=O)[O-])CNc(o)OCc1ccccc1	CC(C)C[C@H](NC(=O)CN[P@@](=O)([O-])CN[C]([O-])OCc1ccccc1)C(=O)[O-]
5ma7	mol2	ok	p([o])(o)(N[C@@H](C[NH3+])C(=O)N[C@@H](CC(C)C)C(=O)[O-])CNc(o)OCc1ccccc1	CC(C)C[C@H](NC(=O)[C@H](C[NH3+])N[P@@](=O)([O-])CN[C]([O-])OCc1ccccc1)C(=O)[O-]
5mge	mol2	ok	ClC1=CC(=O)N(C)C=C1c(o)OCC	CCO[C]([O-])c1cn(C)c(=O)cc1Cl
5mgf	mol2	ok	oc(OC)C1=CC(=CN1)C(=O)CC	CCC(=O)c1c[nH]c([C]([O-])OC)c1
5mgi	mol2	ok	c1cccc(CCC(=O)[O-])c1B(O)[OH2]	O=C([O-])CCc1ccccc1B(O)[OH2+]
5mgj	mol2	ok	ClC1=CC(=O)N(C)C=C1c(o)OCC	CCO[C]([O-])c1cn(C)c(=O)cc1Cl
5mgk	mol2	ok	oc(OC)C1=CC(=CN1)C(=O)CC	CCC(=O)c1c[nH]c([C]([O-])OC)c1
5mi5	mol2	ok	OC[C@H]1O/C(=N\Oc(o)Nc2ccccc2)/[C@H](NC(=O)C)[C@@H](O)[C@@H]1O	CC(=O)N[C@H]1/C(=N/O[C]([O-])Nc2ccccc2)O[C@H](CO)[C@@H](O)[C@@H]1O
5mi7	mol2	ok	oc(O/N=C/1\O[C@H](CO)[C@@H](O)[C@H](O)[C@H]1NC(=O)C)Nc1ccccc1	CC(=O)N[C@H]1/C(=N/O[C]([O-])Nc2ccccc2)O[C@H](CO)[C@@H](O)[C@@H]1O
5mkr	mol2	ok	Clc1ccc(C[nH][c]2[nH]-c3c(N)n[cH][nH]c3-n2[C@@H]2O[C@H](CCCOc(o)C=C)[C@@H](O)[C@H]2O)cc1	C=C[C]([O-])OCCC[C@H]1O[C@@H](n2/c(=[NH+]/Cc3ccc(Cl)cc3)[nH]c3c(N)nc[nH+]c32)[C@H](O)[C@@H]1O
5mme	mol2	ok	oc(OC)c1cc(Nc2cc(ccc2OCC)C(=O)C)cc(c1)c(o)OC	CCOc1ccc(C(C)=O)cc1Nc1cc([C]([O-])OC)cc([C]([O-])OC)c1
5mnr	mol2	ok	p([o])(o)(N[C@@H](CC(C)C)C(=O)N[C@@H](CC[NH3+])C(=O)[O-])CNc(o)OCc1ccccc1	CC(C)C[C@H](N[P@@](=O)([O-])CN[C]([O-])OCc1ccccc1)C(=O)N[C@@H](CC[NH3+])C(=O)[O-]
5mpz	mol2	ok	oc1Oc2cc(ccc2N1)c(o)OC	CO[C]([O-])c1ccc2c(c1)O[C]([O-])N2
5mwy	mol2	ok	oc1O[C@@]2(CC1)CC[C@H]1[C@@H]3[C@@H](CC4=CC(=O)CC[C@]4(C)[C@@]43O[C@@H]4C[C@]21C)c(o)OC	CO[C]([O-])[C@@H]1CC2=CC(=O)CC[C@]2(C)[C@@]23O[C@@H]2C[C@@]2(C)[C@@H](CC[C@@]24CC[C]([O-])O4)[C@H]13
5myd	mol2	ok	p([o])([o])(o)op([o])(o)Np([o])(o)OC[C@H]1O[C@@H](N2C=CC(=O)NC2=O)C[C@@H]1O	O=c1ccn([C@H]2C[C@H](O)[C@@H](CO[P@@](=O)([O-])N[P@+](=O)([O-]):[O-]P(=O)([O-])[O-])O2)c(=O)[nH]1
5n2t	mol2	ok	p([o])(o)(N[C@@H](CC(C)C)C(=O)NCCC[NH3+])CNc(o)OCc1ccccc1	CC(C)C[C@H](N[P@@](=O)([O-])CN[C]([O-])OCc1ccccc1)C(=O)NCCC[NH3+]
5n2x	mol2	ok	p([o])(o)(N[C@@H](CC(C)C)C(=O)N[C@@H](CCC[NH3+])C(=O)[O-])CNc(o)OCc1ccccc1	CC(C)C[C@H](N[P@](=O)([O-])CN[C]([O-])OCc1ccccc1)C(=O)N[C@@H](CCC[NH3+])C(=O)[O-]
5n2z	mol2	ok	p([o])(o)(N[C@@H](CC(C)C)C(=O)NCCCC[NH3+])CNc(o)OCc1ccccc1	CC(C)C[C@H](N[P@@](=O)([O-])CN[C]([O-])OCc1ccccc1)C(=O)NCCCC[NH3+]
5n31	mol2	ok	p([o])(o)(N[C@@H](CC(C)C)C(=O)N[C@@H](CCCC)C(=O)[O-])CNc(o)OCc1ccccc1	CCCC[C@H](NC(=O)[C@H](CC(C)C)N[P@](=O)([O-])CN[C]([O-])OCc1ccccc1)C(=O)[O-]
5n34	mol2	ok	p([o])(o)(N[C@@H](CC(C)C)C(=O)NCC[NH3+])CNc(o)OCc1ccccc1	CC(C)C[C@H](N[P@@](=O)([O-])CN[C]([O-])OCc1ccccc1)C(=O)NCC[NH3+]
5n3v	mol2	ok	p([o])(o)(N[C@@H](CC(C)C)C(=O)NC[NH3+])CNc(o)OCc1ccccc1	CC(C)C[C@H](N[P@](=O)([O-])CN[C]([O-])OCc1ccccc1)C(=O)NC[NH3+]
5n3y	mol2	ok	p([o])(o)(N[C@@H](CC(C)C)C(=O)N[C@@H](C[NH3+])C(=O)[O-])CNc(o)OCc1ccccc1	CC(C)C[C@H](N[P@@](=O)([O-])CN[C]([O-])OCc1ccccc1)C(=O)N[C@@H](C[NH3+])C(=O)[O-]
5n69	mol2	ok	F[C@H]1[C@@H](NC(=O)N[C@@H]2CN=C(C)CC2)CCC[C@@H]1C[NH+]1CCN(CC1)c(o)OC	CO[C]([O-])N1CC[NH+](C[C@H]2CCC[C@H](NC(=O)N[C@H]3CCC(C)=NC3)[C@@H]2F)CC1
5ntk	mol2	ok	s([o])([o])([o])O[C@H]1CC[C@@]2(C)C(=CC[C@H]3[C@@H]4CC[C@H]([C@H](C)CCC(=O)NCc5ccc(OCC[N+]6CCOCC6)cc5)[C@@]4(C)CC[C@H]23)C1	C[C@H](CCC(=O)NCc1ccc(OCC[N+]2CCOCC2)cc1)[C@H]1CC[C@H]2[C@@H]3CC=C4C[C@@H](OS(=O)(=O)[O-])CC[C@]4(C)[C@H]3CC[C@]12C
5nyz	mol2	ok	p([o])([o])(o)op([o])(o)Np([o])(o)OC[C@H]1O[C@@H](N2C=CC(=O)NC2=O)C[C@@H]1O	O=c1ccn([C@H]2C[C@H](O)[C@@H](CO[P@](=O)([O-])N[P@+](=O)([O-]):[O-]P(=O)([O-])[O-])O2)c(=O)[nH]1
5nzm	mol2	ok	oc(OC[C@@]1(Oc2c(C)cc3-c4ccc(O)cc4Nc3c2CC1)C)C	C[C]([O-])OC[C@@]1(C)CCc2c(c(C)cc3c2[nH]c2cc(O)ccc23)O1
5o07	mol2	ok	s([o])([o])(OCCN1C(=[NH]C=C1N(=O)=O)C)N	Cc1[nH+]cc([N+](=O)[O-])n1CCO[S@+](N)(=O)[O-]
5o1s	mol2	mismatch_inchikey	oc(OC)/C=C\c(o)OC	
5o22	mol2	ok	[O-]C(=O)C[C@@H](OC)[C@@H](C)C(=O)[C@H](C)/C=C(\C)/[C@H]1Oc(o)[C@H](O)[C@H](O)/C=C/[C@H](C)CCC[C@@H]1C	CO[C@H](CC(=O)[O-])[C@@H](C)C(=O)[C@H](C)/C=C(\C)[C@H]1O[C]([O-])[C@H](O)[C@H](O)/C=C/[C@H](C)CCC[C@@H]1C
5oaj	mol2	ok	oc(O[C@@H]1C[C@H]2[N@H+](C)[C@H](CC2)C1)C1=CNc2ccccc12	C[N@@H+]1[C@@H]2CC[C@H]1C[C@@H](O[C]([O-])c1c[nH]c3ccccc13)C2
5ocj	mol2	ok	p([o])(o)(OC)CC[C@@H](CC)[C@@H](c(o)OC)C(=O)C	CC[C@H](CC[P@](=O)([O-])OC)[C@@H]([C]([O-])OC)C(C)=O
5od1	mol2	ok	s([o])([o])([o])CC1=Cc(o)Oc2cc(Op([o])(o)[C@@H](C)c3ccccc3)ccc12	C[C@@H](c1ccccc1)[P@@](=O)([O-])Oc1ccc2c(c1)O[C]([O-])C=C2CS(=O)(=O)[O-]
5ody	mol2	ok	S([C@@H]1O[C@H](CO)[C@H](O)[C@H](OCC2=Cc3c(F)c(F)ccc3Oc2o)[C@H]1O)[C@@H]1O[C@H](CO)[C@H](O)[C@H](N2N=NC(=C2)c2cc(F)c(F)c(F)c2)[C@H]1O	[O-][C]1Oc2ccc(F)c(F)c2C=C1CO[C@H]1[C@@H](O)[C@@H](CO)O[C@@H](S[C@@H]2O[C@H](CO)[C@H](O)[C@H](n3cc(-c4cc(F)c(F)c(F)c4)nn3)[C@H]2O)[C@@H]1O
5ohi	mol2	ok	FC(F)(F)c1cc(COc(o)N2C[C@H]3[C@H](CNC(=O)c4ccc5NN=Nc5c4)[C@H]3C2)cc(c1)C(F)(F)F	O=C(NC[C@@H]1[C@H]2CN([C]([O-])OCc3cc(C(F)(F)F)cc(C(F)(F)F)c3)C[C@@H]12)c1ccc2[nH]nnc2c1
5olb	mol2	ok	Clc1cc(Cl)cc(COc(o)N2CC[N+](CC2)CCC(=O)c2ccc3Nc(o)Oc3c2)c1	O=C(CC[N+]1CCN([C]([O-])OCc2cc(Cl)cc(Cl)c2)CC1)c1ccc2c(c1)O[C]([O-])N2
5orz	mol2	ok	S1C=CC=C1C1=CC(=C(S1)c(o)OC)N	CO[C]([O-])c1sc(-c2cccs2)cc1N
5ose	mol2	ok	C1(=NN=C(SCC)S1)Nc(o)OC	CCSc1nnc(N[C]([O-])OC)s1
5osk	mol2	ok	s([o])([o])(OC1=CC2=NC(=O)N(Cc3cc(OC)ccc3OC)C=C2C=C1OC)N	COc1ccc(OC)c(Cn2cc3cc(OC)c(O[S@+](N)(=O)[O-])cc3nc2=O)c1
5osy	mol2	ok	C12=C(C(=O)NC(=N2)N)[N](=CN1[C@@H]1O[C@H](CSp(O[p@@](Op(SC[C@H]2O[C@@H](N3C4=C(C(=O)NC(=N4)N)N=C3)[C@H](O)[C@@H]2O)([o])o)([S])o)([o])o)[C@@H](O)[C@H]1O)C	C[n+]1cn([C@@H]2O[C@H](CS[P@@](=O)([O-])O[P@](=O)([S-])O[P@@](=O)([O-])SC[C@H]3O[C@@H](n4cnc5c(=O)[nH]c(N)nc54)[C@H](O)[C@@H]3O)[C@@H](O)[C@H]2O)c2nc(N)[nH]c(=O)c21
5oua	mol2	ok	[NH3+][C@H](C(=O)N[C@H](C(=O)N[C@H](C(=O)N[C@H](C(=O)N[C@H](C(=O)N[C@H](C(=O)N[C@H](C(=O)N[C@H](C(=O)N[C@H](C(=O)NCC(=O)N[C@H](C(=O)N[C@H](C(=O)NCC(=O)N[C@H](C(=O)N[C@H](C(=O)N[C@H](C(=O)N[C@H](C(=O)N[C@H](C(=O)[O-])[C@H](CC)C)C)CC(=O)N)CCC[nH][c]([nH2])[nH2])CCC[nH][c]([nH2])[nH2])[C@H](O)C)CCC[nH][c]([nH2])[nH2])CO[C@H]1[C@@H](CCCO1)O)C)[C@H](CC)C)Cc1ccccc1)CC(=O)[O-])C)Cc1ccc(cc1)O)[C@H](O)C)[C@H](O)C	CC[C@H](C)[C@H](NC(=O)[C@H](C)NC(=O)[C@H](CC(N)=O)NC(=O)[C@H](CCCNC(N)=[NH2+])NC(=O)[C@H](CCCNC(N)=[NH2+])NC(=O)CNC(=O)[C@@H](NC(=O)[C@H](CCCNC(N)=[NH2+])NC(=O)CNC(=O)[C@H](CO[C@@H]1OCCC[C@H]1O)NC(=O)[C@H](C)NC(=O)[C@@H](NC(=O)[C@H](Cc1ccccc1)NC(=O)[C@H](CC(=O)[O-])NC(=O)[C@H](C)NC(=O)[C@H](Cc1ccc(O)cc1)NC(=O)[C@@H](NC(=O)[C@@H]([NH3+])[C@@H](C)O)[C@@H](C)O)[C@@H](C)CC)[C@@H](C)O)C(=O)[O-]
5ovx	mol2	ok	Clc1ccc(cc1Cl)[C@@H](O)c1cccc(c1)c1ccc(cc1)[C@H](p([o])([o])o)O	O=P([O-])([O-])[C@H](O)c1ccc(-c2cccc([C@H](O)c3ccc(Cl)c(Cl)c3)c2)cc1
5q0d	mol2	ok	Clc1ccc(N2N=NN=C2)c(/C=C/C(=O)N[C@H]2CCCCC(=O)Nc3cc(Nc(o)OC)ccc3C3=CNC2=[NH]3)c1	CO[C]([O-])Nc1ccc2c(c1)NC(=O)CCCC[C@H](NC(=O)/C=C/c1cc(Cl)ccc1-n1cnnn1)c1[nH]cc-2[nH+]1
5q0e	mol2	ok	Clc1ccc(N2N=NN=C2)c(/C=C/C(=O)N[C@H]2CCC[C@H](C)CC(=O)Nc3cc(Nc(o)OC)ccc3C3=CNC2=N3)c1	CO[C]([O-])Nc1ccc2c(c1)NC(=O)C[C@@H](C)CCC[C@H](NC(=O)/C=C/c1cc(Cl)ccc1-n1cnnn1)c1nc-2c[nH]1
5q0f	mol2	ok	Clc1ccc(N2N=NN=C2)c(/C=C/C(=O)N[C@H]2C/C=C/[C@H](C)CC(=O)Nc3cc(Nc(o)OC)ccc3C3=CNC2=N3)c1	CO[C]([O-])Nc1ccc2c(c1)NC(=O)C[C@@H](C)/C=C/C[C@H](NC(=O)/C=C/c1cc(Cl)ccc1-n1cnnn1)c1nc-2c[nH]1
5q0g	mol2	ok	Clc1ccc(N2N=NN=C2)c(/C=C/C(=O)N[C@H]2CCC[C@@H](CC)C(=O)Nc3cc(Nc(o)OC)ccc3C3=CNC2=[NH]3)c1	CC[C@@H]1CCC[C@H](NC(=O)/C=C/c2cc(Cl)ccc2-n2cnnn2)c2[nH]cc([nH+]2)-c2ccc(N[C]([O-])OC)cc2NC1=O
5q0h	mol2	ok	ClC1=C2N=C(N1)[C@@H](NC(=O)c1c(F)cc(C)cc1F)C/C=C/[C@H](C)CC(=O)Nc1cc(Nc(o)OC)ccc21	CO[C]([O-])Nc1ccc2c(c1)NC(=O)C[C@@H](C)/C=C/C[C@H](NC(=O)c1c(F)cc(C)cc1F)c1nc-2c(Cl)[nH]1
5q0q	mol2	ok	S1C=CC=C1S(=O)(=O)N1CCC2=NN(c3ccccc3)C(=C2C1)C(=O)Nc1ccc(cc1)c(o)OCC	CCO[C]([O-])c1ccc(NC(=O)c2c3c(nn2-c2ccccc2)CCN(S(=O)(=O)c2cccs2)C3)cc1
5q0z	mol2	ok	Fc1ccc(cc1F)C(=O)N1C=C(c(o)OCC)C2=C(c3ccccc3N2)C(C)(C)C1	CCO[C]([O-])C1=CN(C(=O)c2ccc(F)c(F)c2)CC(C)(C)c2c1[nH]c1ccccc21
5qag	mol2	ok	[O-]C(=O)c1cccc(c1)c1ccccc1c(o)OC	CO[C]([O-])c1ccccc1-c1cccc(C(=O)[O-])c1
5qah	mol2	ok	[O-]C(=O)c1cccc(c1)C1=CC=C/C(=c(\[o])/OC)/C1	CO/C([O-])=C1/C=CC=C(c2cccc(C(=O)[O-])c2)C1
5qat	mol2	ok	oc(OCc1cccc(c1)c1cccc(c1)C(=O)[O-])C	C[C]([O-])OCc1cccc(-c2cccc(C(=O)[O-])c2)c1
5qcm	mol2	ok	Clc1ccc(N2N=NN=C2)c(/C=C/C(=O)N2CCc3ccccc3[C@H]2C(=O)Nc2ccc(Nc(o)OC)cc2)c1F	CO[C]([O-])Nc1ccc(NC(=O)[C@@H]2c3ccccc3CCN2C(=O)/C=C/c2c(-n3cnnn3)ccc(Cl)c2F)cc1
5qcn	mol2	ok	Clc1ccc(N2N=NN=C2)c(/C=C/C(=O)N2CCc3c(cccc3[C@H]2C(=O)Nc2ccc(cc2)C(=O)[O-])C(=O)N2CCC[C@@H](C2)c(o)OCC)c1	CCO[C]([O-])[C@H]1CCCN(C(=O)c2cccc3c2CCN(C(=O)/C=C/c2cc(Cl)ccc2-n2cnnn2)[C@@H]3C(=O)Nc2ccc(C(=O)[O-])cc2)C1
5qqo	mol2	ok	Clc1cccc(c1)[C@@H]1Oc(o)N(CC1)[C@H]1C/C=C/CCC(=O)Nc2cc(Nc(o)OC)ccc2C2=CNC1=N2	CO[C]([O-])Nc1ccc2c(c1)NC(=O)CC/C=C/C[C@H](N1CC[C@H](c3cccc(Cl)c3)O[C]1[O-])c1nc-2c[nH]1
5qqp	mol2	ok	Clc1cccc(c1)[C@H]1CCN(C(=O)C1)[C@H]1C/C=C/CCC(=O)Nc2cc(Nc(o)OC)ccc2C2=CNC1=N2	CO[C]([O-])Nc1ccc2c(c1)NC(=O)CC/C=C/C[C@H](N1CC[C@H](c3cccc(Cl)c3)CC1=O)c1nc-2c[nH]1
5qtt	mol2	ok	Clc1cccc(N2N=CC(=C2N)C(=O)N[C@H]2CCC[C@@H](C)C(=O)Nc3cc(Nc(o)OC)ccc3-c3ccnc2c3)c1F	CO[C]([O-])Nc1ccc2c(c1)NC(=O)[C@H](C)CCC[C@H](NC(=O)c1cnn(-c3cccc(Cl)c3F)c1N)c1cc-2ccn1
5qtu	mol2	ok	Clc1cccc(N2C=NC(=C2C)C(=O)N[C@H]2CCC[C@@H](C)C(=O)Nc3cc(Nc(o)OC)ccc3-c3ccnc2c3)c1F	CO[C]([O-])Nc1ccc2c(c1)NC(=O)[C@H](C)CCC[C@H](NC(=O)c1ncn(-c3cccc(Cl)c3F)c1C)c1cc-2ccn1
5t5g	mol2	ok	O(C)c1cc2c(NCCCCC[NH+]3CCCC3)[nH][c](nc2cc1OCC[NH3+])N1CCCC1	COc1cc2c(NCCCCC[NH+]3CCCC3)[nH+]c(N3CCCC3)nc2cc1OCC[NH3+]
5t9u	mol2	ok	oc1OCC/C=C/C=C/[C@H](OC)[C@H](C)[C@@H](OC)[C@@H](C)C(=O)N[C@H](C(=O)N[C@@H](Cc2cccc(O)c2)C(=O)N2[NH2+][C@H]1CCC2)C(C)C	CO[C@@H]1[C@@H](C)[C@@H](OC)/C=C/C=C/CCO[C]([O-])[C@@H]2CCCN([NH2+]2)C(=O)[C@H](Cc2cccc(O)c2)NC(=O)[C@H](C(C)C)NC(=O)[C@@H]1C
5t9w	mol2	ok	oc1OCC/C=C/C=C/CCCCC(=O)N[C@H](C(=O)N[C@@H](Cc2cccc(O)c2)C(=O)N2[NH2+][C@H]1CCC2)C(C)C	CC(C)[C@@H]1NC(=O)CCCC/C=C/C=C/CCO[C]([O-])[C@@H]2CCCN([NH2+]2)C(=O)[C@H](Cc2cccc(O)c2)NC1=O
5t9z	mol2	ok	oc1OCc2cccc(/C=C/CC[C@@H](OC)[C@@H](C)C(=O)N[C@H](C(=O)N[C@@H](Cc3cccc(O)c3)C(=O)N3[NH2+][C@H]1CCC3)C(C)C)c2	CO[C@@H]1CC/C=C/c2cccc(c2)CO[C]([O-])[C@@H]2CCCN([NH2+]2)C(=O)[C@H](Cc2cccc(O)c2)NC(=O)[C@H](C(C)C)NC(=O)[C@@H]1C
5ta2	mol2	ok	oc1O[C@H](C)c2cccc(/C=C/CC[C@@H](OC)[C@@H](C)C(=O)N[C@H](C(=O)N[C@@H](Cc3cccc(O)c3)C(=O)N3[NH2+][C@H]1CCC3)C(C)C)c2	CO[C@@H]1CC/C=C/c2cccc(c2)[C@@H](C)O[C]([O-])[C@@H]2CCCN([NH2+]2)C(=O)[C@H](Cc2cccc(O)c2)NC(=O)[C@H](C(C)C)NC(=O)[C@@H]1C
5ta4	mol2	ok	oc1O[C@H](C)c2cccc(/C=C/CC[C@@H](OC)[C@@H](C)C(=O)N[C@H](C(=O)N[C@@H](C)C(=O)N3[NH2+][C@H]1CCC3)C(C)C)c2	CO[C@@H]1CC/C=C/c2cccc(c2)[C@@H](C)O[C]([O-])[C@@H]2CCCN([NH2+]2)C(=O)[C@H](C)NC(=O)[C@H](C(C)C)NC(=O)[C@@H]1C
5tg1	mol2	ok	oc1O[C@@H](CCCCCNC(=O)CC[C@H](NC(=O)[C@@H](N1)CC(C)C)CO)c1cccc(Cl)c1	CC(C)C[C@@H]1N[C]([O-])O[C@H](c2cccc(Cl)c2)CCCCCNC(=O)CC[C@@H](CO)NC1=O
5tg2	mol2	ok	CCCCC[C@@H]1CCCCCNC(=O)CC[C@H](NC(=O)[C@@H](Nc(O1)o)CC(C)C)CO	CCCCC[C@@H]1CCCCCNC(=O)CC[C@@H](CO)NC(=O)[C@H](CC(C)C)N[C]([O-])O1
5tg4	mol2	ok	c1ccc(cc1Nc(OC(C)(C)C)o)B(O)O	CC(C)(C)O[C]([O-])Nc1cccc(B(O)O)c1
5tg6	mol2	ok	oc(OC(C)(C)C)Nc1ccc2c(c1)B(O)OC2	CC(C)(C)O[C]([O-])Nc1ccc2c(c1)B(O)OC2
5tks	mol2	ok	ClC1=C2NC(=N1)[C@@H](NC(=O)/C=C/c1cc(Cl)ccc1N1N=NN=C1)CCCCCCCc1cc(Nc(o)OC)ccc21	CO[C]([O-])Nc1ccc2c(c1)CCCCCCC[C@H](NC(=O)/C=C/c1cc(Cl)ccc1-n1cnnn1)c1nc(Cl)c-2[nH]1
5tkt	mol2	ok	Clc1ccc(N2N=NN=C2)c(/C=C/C(=O)N[C@H]2C/C=C/CCC(=O)Nc3cc(Nc(o)OC)ccc3C3=CNC2=N3)c1	CO[C]([O-])Nc1ccc2c(c1)NC(=O)CC/C=C/C[C@H](NC(=O)/C=C/c1cc(Cl)ccc1-n1cnnn1)c1nc-2c[nH]1
5tku	mol2	ok	Clc1ccc(N2N=NN=C2)c(/C=C/C(=O)N[C@H]2CCCCCC(=O)Nc3cc(Nc(o)OC)ccc3C3=CNC2=N3)c1	CO[C]([O-])Nc1ccc2c(c1)NC(=O)CCCCC[C@H](NC(=O)/C=C/c1cc(Cl)ccc1-n1cnnn1)c1nc-2c[nH]1
5tmn	mol2	ok	p([o])(o)(N[C@@H](CC(C)C)C(=O)N[C@@H](CC(C)C)C(=O)[O-])CNc(o)OCc1ccccc1	CC(C)C[C@H](NC(=O)[C@H](CC(C)C)N[P@@](=O)([O-])CN[C]([O-])OCc1ccccc1)C(=O)[O-]
5tp0	mol2	ok	N=Nc1ccc(cc1)[c]([nH2])[nH2]	[H]/N=N\c1ccc(C(N)=[NH2+])cc1
5tqe	mol2	ok	S(=O)(=O)(c1ccc2Nc(o)OCCc3cccc(c3)[C@@H](Nc3ccc4c(N)[nH][cH]cc4c3)C(=O)N(C)Cc1c2)C1CC1	CN1Cc2cc(ccc2S(=O)(=O)C2CC2)N[C]([O-])OCCc2cccc(c2)[C@@H](Nc2ccc3c(N)[nH+]ccc3c2)C1=O
5txy	mol2	ok	c1ccc(cc1)[C@@H]1C(=O)[N]c(o)O1	O=C1[N-][C]([O-])O[C@@H]1c1ccccc1
5ty1	mol2	ok	c1cc(cc(c1[C@@H]1C(=O)[N]c(o)O1)OC)OC	COc1ccc([C@H]2O[C]([O-])[N-]C2=O)c(OC)c1
5ty8	mol2	ok	c1ccc(cc1)[C@@H]1C(=O)[N]c(o)O1	O=C1[N-][C]([O-])O[C@@H]1c1ccccc1
5ty9	mol2	ok	c1cc(cc(c1[C@@H]1C(=O)[N]c(o)O1)OC)OC	COc1ccc([C@H]2O[C]([O-])[N-]C2=O)c(OC)c1
5tyr	mol2	ok	S1C(=Nc2ccc(S(=O)(=O)N(C[C@@H](O)[C@@H](Nc(o)O[C@H]3[C@@H](C)C[C@H]4[C@@H](O)OC[C@@H]34)Cc3ccccc3)CC(C)C)cc12)NC1CC1	CC(C)CN(C[C@@H](O)[C@H](Cc1ccccc1)N[C]([O-])O[C@@H]1[C@@H]2CO[C@H](O)[C@@H]2C[C@@H]1C)S(=O)(=O)c1ccc2nc(NC3CC3)sc2c1
5tys	mol2	ok	S1C(=Nc2ccc(S(=O)(=O)N(C[C@@H](O)[C@@H](Nc(o)O[C@H]3[C@@H](C)C[C@H]4[C@@H](O)OC[C@@H]34)Cc3cc(F)cc(F)c3)CC(C)C)cc12)NC1CC1	CC(C)CN(C[C@@H](O)[C@H](Cc1cc(F)cc(F)c1)N[C]([O-])O[C@@H]1[C@@H]2CO[C@H](O)[C@@H]2C[C@@H]1C)S(=O)(=O)c1ccc2nc(NC3CC3)sc2c1
5u0z	mol2	ok	c1ccc(cc1)[C@H](C(=O)[O-])SC1=NC2=C(C(=O)[nH][c]([nH]2)[nH2])N1	[NH2+]=c1[nH]c(=O)c2[nH]c(S[C@@H](C(=O)[O-])c3ccccc3)nc2[nH]1
5u6j	mol2	ok	S(=O)(=O)(c1ccc2Nc(o)OCCc3ccc(cc3CC)[C@@H](Nc3cccc(c3)C(=O)N)C(=O)N(C)Cc1c2)C(C)C	CCc1cc2ccc1CCO[C]([O-])Nc1ccc(S(=O)(=O)C(C)C)c(c1)CN(C)C(=O)[C@@H]2Nc1cccc(C(N)=O)c1
5uac	mol2	ok	oc(O[C@H]1[C@H](C)[C@H](O)[C@H](C)[C@@H](O)[C@@H](C)/C=C/C=C(/C)\C(=O)Nc2c(O)c3c(O)c(C)c4O[C@@](OCC[C@H](OC)[C@H]1C)(C)C(=O)c4c3c(O)c2/C=N/N1CC[N@H+](C)CC1)C	CO[C@H]1CCO[C@@]2(C)Oc3c(C)c(O)c4c(O)c(c(/C=N/N5CC[NH+](C)CC5)c(O)c4c3C2=O)NC(=O)/C(C)=C\C=C\[C@H](C)[C@H](O)[C@@H](C)[C@@H](O)[C@@H](C)[C@H](O[C](C)[O-])[C@@H]1C
5uah	mol2	ok	oc(O[C@H]1[C@H](C)[C@H](O)[C@H](C)[C@@H](O)[C@@H](C)CC/C=C(/C)\C(=O)Nc2c(O)c3c(O)c(C)c4O[C@@](O/C=C/[C@H](OC)[C@H]1C)(C)C(=O)c4c3c(O)c2/C=N/N1CC[N@H+](C)CC1)C	CO[C@H]1/C=C/O[C@@]2(C)Oc3c(C)c(O)c4c(O)c(c(/C=N/N5CC[NH+](C)CC5)c(O)c4c3C2=O)NC(=O)/C(C)=C\CC[C@H](C)[C@H](O)[C@@H](C)[C@@H](O)[C@@H](C)[C@H](O[C](C)[O-])[C@@H]1C
5ual	mol2	ok	oc(O[C@H]1[C@H](C)[C@H](O)[C@H](C)[C@@H](O)[C@@H](C)CCC[C@@H](C)C(=O)Nc2c(O)c3c(O)c(C)c4O[C@@](O/C=C/[C@H](OC)[C@H]1C)(C)C(=O)c4c3c(O)c2/C=N/N1CC[N@H+](C)CC1)C	CO[C@H]1/C=C/O[C@@]2(C)Oc3c(C)c(O)c4c(O)c(c(/C=N/N5CC[NH+](C)CC5)c(O)c4c3C2=O)NC(=O)[C@H](C)CCC[C@H](C)[C@H](O)[C@@H](C)[C@@H](O)[C@@H](C)[C@H](O[C](C)[O-])[C@@H]1C
5ueu	mol2	ok	Clc1ccc(cc1)C1=N[C@@H](Cc(o)OC)C2=NN=C(N2C2=C1C(=C(S2)C)C)C	CO[C]([O-])C[C@@H]1N=C(c2ccc(Cl)cc2)c2c(sc(C)c2C)-n2c(C)nnc21
5ult	mol2	ok	S(=O)(=O)(N(C[C@@H](O)[C@@H](Nc(o)O[C@H]1[C@H]2CO[C@H]3OC[C@@H]1[C@H]3C2)Cc1ccccc1)CC(C)C)c1ccc(OC)cc1	COc1ccc(S(=O)(=O)N(CC(C)C)C[C@@H](O)[C@H](Cc2ccccc2)N[C]([O-])O[C@H]2[C@H]3CO[C@H]4OC[C@@H]2[C@H]4C3)cc1
5upj	mol2	ok	C1(=C(C2=C(Oc1o)CCCCCC2)O)[C@H](c1ccccc1)CC	CC[C@H](C1=C(O)C2=C(CCCCCC2)O[C]1[O-])c1ccccc1
5ur9	mol2	ok	[O-]C(=O)[C@H]1[C@H](c2ccccc2)[C@H](c(o)Oc2cccc3ccccc23)[C@H]1c1ccccc1	O=C([O-])[C@H]1[C@H](c2ccccc2)[C@H]([C]([O-])Oc2cccc3ccccc23)[C@H]1c1ccccc1
5ura	mol2	ok	[O-]C(=O)[C@H]1[C@H](c2ccccc2)[C@H](c(o)Oc2cccc3ccccc23)[C@H]1c1ccccc1	O=C([O-])[C@H]1[C@H](c2ccccc2)[C@H]([C]([O-])Oc2cccc3ccccc23)[C@H]1c1ccccc1
5usf	mol2	ok	c1cc(O)ccc1C[C@H]([NH3+])C(=O)Ns([o])([o])OC[C@H]1O[C@H]([C@@H]([C@@H]1O)O)N1C=Nc2c1ncnc2N	Nc1ncnc2c1ncn2[C@@H]1O[C@H](CO[S@@+](=O)([O-])NC(=O)[C@@H]([NH3+])Cc2ccc(O)cc2)[C@@H](O)[C@H]1O
5v13	mol2	ok	oc(OC)/C=C(\C)/CC/C=C(\C)/CC[C@H]1OC1(C)C	CO[C]([O-])/C=C(\C)CC/C=C(\C)CC[C@H]1OC1(C)C
5v3x	mol2	ok	oc(C1=C(c2ccccc2)Oc2ccc(O)c(C[N@H+]3CC[C@H](C)CC3)c12)OCC	CCO[C]([O-])c1c(-c2ccccc2)oc2ccc(O)c(C[N@H+]3CC[C@H](C)CC3)c12
5v40	mol2	ok	CCOc(o)C1=C(Oc2c1c(c(cc2)O)C[NH+](C)C)c1ccccc1	CCO[C]([O-])c1c(-c2ccccc2)oc2ccc(O)c(C[NH+](C)C)c12
5v41	mol2	ok	oc(OCC)C1=C(Oc2c1c(c(O)cc2)C[NH+]1CCOCC1)c1ccccc1	CCO[C]([O-])c1c(-c2ccccc2)oc2ccc(O)c(C[NH+]3CCOCC3)c12
5v42	mol2	ok	oc(OCC)C1=C(Oc2c1c(c(O)cc2)C[NH+]1CCCC1)c1ccccc1	CCO[C]([O-])c1c(-c2ccccc2)oc2ccc(O)c(C[NH+]3CCCC3)c12
5v8v	mol2	ok	Fc1cccc(c1c1cccc(CC)c1)[C@](O)(CCCNc(o)OC)[C@H]1CN(CCC1)C(=O)CCC[NH2+]C	CCc1cccc(-c2c(F)cccc2[C@](O)(CCCN[C]([O-])OC)[C@@H]2CCCN(C(=O)CCC[NH2+]C)C2)c1
5voj	mol2	ok	c1(c(C)nc2c(cc(cc2)OC)n1)O[C@@H]1C[C@H]2C(=O)N[C@@]3(C(=O)NS(=O)(=O)C4(CC4)C)[C@H](/C=C\CCCCC[C@@H](C(=O)N2C1)Nc(o)OC(C)(C)C)C3	COc1ccc2nc(C)c(O[C@@H]3C[C@H]4C(=O)N[C@]5(C(=O)NS(=O)(=O)C6(C)CC6)C[C@H]5/C=C\CCCCC[C@H](N[C]([O-])OC(C)(C)C)C(=O)N4C3)nc2c1
5vp9	mol2	ok	[C@H]1(C2=CC=CS2)[C@@H]([NH2+][C@H]2CCCC[C@H]2[NH2+]1)O[C@H]1CN2[C@@H](C1)C(=O)N[C@]1([C@H](/C=C\CCCCC[C@@H](C2=O)Nc(o)OC(C)(C)C)C1)C(=O)NS(=O)(=O)C1CC1	CC(C)(C)O[C]([O-])N[C@H]1CCCCC/C=C\[C@@H]2C[C@@]2(C(=O)NS(=O)(=O)C2CC2)NC(=O)[C@@H]2C[C@@H](O[C@@H]3[NH2+][C@H]4CCCC[C@H]4[NH2+][C@H]3c3cccs3)CN2C1=O
5vpm	mol2	ok	Fc1cccc(c1c1cccc(CC)c1)[C@](O)(CCCNc(o)OC)[C@H]1CN(CCC1)C(=O)CC1CC[NH2+]CC1	CCc1cccc(-c2c(F)cccc2[C@](O)(CCCN[C]([O-])OC)[C@@H]2CCCN(C(=O)CC3CC[NH2+]CC3)C2)c1
5vrp	mol2	ok	Fc1cccc(c1c1cccc(CC)c1)[C@](O)(CCCNc(o)OC)[C@H]1CN(CCC1)C(=O)C[C@H](O)C[NH3+]	CCc1cccc(-c2c(F)cccc2[C@](O)(CCCN[C]([O-])OC)[C@@H]2CCCN(C(=O)C[C@H](O)C[NH3+])C2)c1
5vyy	mol2	ok	COc(c1c(cc(c(c1CCC1=[NH]C=CN1Cc1ccccc1)Cl)O)O)o	CO[C]([O-])c1c(O)cc(O)c(Cl)c1CCc1[nH+]ccn1Cc1ccccc1
5wa8	mol2	ok	p([o])(o)(OC[C@H]1O[C@@H](N2C=Nc3c(N)ncnc23)[C@H](O)[C@@H]1O)N[C@@H](C)c(o)OC	CO[C]([O-])[C@H](C)N[P@@](=O)([O-])OC[C@H]1O[C@@H](n2cnc3c(N)ncnc32)[C@H](O)[C@@H]1O
5wa9	mol2	ok	p([o])(o)(OC[C@H]1O[C@@H](N2C=Nc3c(N)ncnc23)[C@H](O)[C@@H]1O)N[C@H](C)c(o)OC	CO[C]([O-])[C@@H](C)N[P@@](=O)([O-])OC[C@H]1O[C@@H](n2cnc3c(N)ncnc32)[C@H](O)[C@@H]1O
5wb6	mol2	ok	Clc1ccc(N2N=NN=C2)c(/C=C/C(=O)N[C@H]2Cc3nc(CCC(=O)Nc4cc(Nc(o)OC)ccc4C4=CNC2=N4)c(F)cc3)c1	CO[C]([O-])Nc1ccc2c(c1)NC(=O)CCc1nc(ccc1F)C[C@H](NC(=O)/C=C/c1cc(Cl)ccc1-n1cnnn1)c1nc-2c[nH]1
5wej	mol2	ok	C1=CN(c(O1)o)[C@@H](CC(C)C)C(=O)N[C@@H](C[C@@H]1CCNC1=O)CO	CC(C)C[C@@H](C(=O)N[C@H](CO)C[C@@H]1CCNC1=O)N1C=CO[C]1[O-]
5wgp	mol2	ok	CC1=CC(=O)Ns(O1)([o])[o]	CC1=CC(=O)N[S@+](=O)([O-])O1
5wi1	mol2	ok	oc1OCCC/C/1=C\Nc1ccccc1	[O-][C]1OCCC/C1=C\Nc1ccccc1
5wkl	mol2	ok	[C@H](C[C@H]1C(=O)NCC1)(CO)NC(=O)[C@H](CC(C)C)Nc(o)OCCc1ccccc1	CC(C)C[C@H](N[C]([O-])OCCc1ccccc1)C(=O)N[C@H](CO)C[C@@H]1CCNC1=O
5wkm	mol2	ok	c(N[C@@H](CC(C)C)C(=O)N[C@@H](C[C@H]1C(=O)NCC1)CO)(o)OC	CO[C]([O-])N[C@@H](CC(C)C)C(=O)N[C@H](CO)C[C@@H]1CCNC1=O
5wlo	mol2	ok	S1(=O)(=O)N(CCCC/C=C/COCc2cc(OC)ccc12)C[C@@H](O)[C@@H](Nc(o)O[C@H]1CO[C@H]2OCC[C@@H]12)Cc1ccccc1	COc1ccc2c(c1)COC/C=C/CCCCN(C[C@@H](O)[C@H](Cc1ccccc1)N[C]([O-])O[C@H]1CO[C@H]3OCC[C@H]31)S2(=O)=O
5wmt	mol2	ok	COc(c1c(cc(c(c1CCC1=[NH]C=CN1Cc1ccccc1)Cl)O)O)o	CO[C]([O-])c1c(O)cc(O)c(Cl)c1CCc1[nH+]ccn1Cc1ccccc1
5wre	mol2	ok	COc(o)C1=C(NC(=N[C@H]1c1ccc(cc1Cl)F)C1=NC=CS1)C[N@@H+]1CC(C[C@H]1C(=O)[O-])(F)F	CO[C]([O-])C1=C(C[N@@H+]2CC(F)(F)C[C@H]2C(=O)[O-])NC(c2nccs2)=N[C@H]1c1ccc(F)cc1Cl
5wuu	mol2	ok	S1CCC=C1C(=O)N(C)CCCNC1=Cc(o)Oc2ccccc12	CN(CCCNC1=C[C]([O-])Oc2ccccc21)C(=O)C1=CCCS1
5xhs	mol2	ok	oc(OCc1ccccc1)N[C@H](C(=O)Nc1ccc2c(Oc(o)C=C2C)c1)CCCCNC(=O)CCC(=O)[O-]	CC1=C[C]([O-])Oc2cc(NC(=O)[C@H](CCCCNC(=O)CCC(=O)[O-])N[C]([O-])OCc3ccccc3)ccc21
5xo7	mol2	ok	oc1-c2c(O)cc(O)cc2/C=C/CCC[C@@H](O)CCC[C@@H](O1)C	C[C@H]1CCC[C@H](O)CCC/C=C/c2cc(O)cc(O)c2[C]([O-])O1
5xyx	mol2	ok	Clc1cccc(F)c1C[nH][c]1[nH][NH]=C([nH]1)C1=CC=CO1	Fc1cccc(Cl)c1CNc1[nH]c(-c2ccco2)[nH+][nH+]1
5y6k	mol2	ok	[O-]C(=O)C[NH+](CC(=O)[O-])[C@@H](CCCCNC(=O)CC1=C(C)c2ccc(N)cc2Oc1o)C(=O)[O-]	CC1=C(CC(=O)NCCCC[C@@H](C(=O)[O-])[NH+](CC(=O)[O-])CC(=O)[O-])[C]([O-])Oc2cc(N)ccc21
5yc8	mol2	ok	OC[C@@H](c(o)O[C@@H]1C[C@H]2[N+](C)(C)[C@@H](C1)[C@@H]1O[C@H]21)c1ccccc1	C[N+]1(C)[C@@H]2C[C@@H](O[C]([O-])[C@H](CO)c3ccccc3)C[C@H]1[C@@H]1O[C@@H]12
5yjo	mol2	ok	oc(OCCC)N1CCN(C(=O)c2ccc3c(c4CC[C@@H](C[NH3+])Cc4nc3c2)Cl)[C@@H](C)C1	CCCO[C]([O-])N1CCN(C(=O)c2ccc3c(Cl)c4c(nc3c2)C[C@H](C[NH3+])CC4)[C@@H](C)C1
5yjy	mol2	ok	O=[N]1C(=CC(=O)c2ccccc12)CCCCCCC	CCCCCCCC1=CC(=O)c2ccccc2[N+]1=O
5yr4	mol2	ok	oc(O[C@@H]1CC[C@](O)(C)[C@H]([C@@H]1OC)[C@]1(O[C@@H]1CC=C(C)C)C)N	CO[C@H]1[C@H]([C@@]2(C)O[C@@H]2CC=C(C)C)[C@](C)(O)CC[C@H]1O[C](N)[O-]
5yr6	mol2	ok	oc(O[C@@H]1CC[C@@]2(OC2)[C@H]([C@@H]1OC)[C@]1(O[C@@H]1CC=C(C)C)C)N	CO[C@@H]1[C@H](O[C](N)[O-])CC[C@]2(CO2)[C@H]1[C@@]1(C)O[C@@H]1CC=C(C)C
5yyf	mol2	ok	oc(OCc1ccccc1)N[C@H](C(=O)N[C@H](C(=O)N[C@@H](C)C(=O)N[C@H](C(=O)N[C@H](C(=O)N)CCCCNC(=O)C1=CC=CO1)CCC[nH][c]([nH2])[nH2])[C@H](O)C)CCC(=O)N	C[C@H](NC(=O)[C@@H](NC(=O)[C@H](CCC(N)=O)N[C]([O-])OCc1ccccc1)[C@@H](C)O)C(=O)N[C@@H](CCCNC(N)=[NH2+])C(=O)N[C@@H](CCCCNC(=O)c1ccco1)C(N)=O
5yzd	mol2	ok	oc(OCc1ccccc1)N[C@@H](C(=O)N[C@H](C(=O)NCC(=O)[O-])Cc1ccccc1)Cc1ccccc1	O=C([O-])CNC(=O)[C@H](Cc1ccccc1)NC(=O)[C@@H](Cc1ccccc1)N[C]([O-])OCc1ccccc1
5z7j	mol2	ok	oc1-c2c(O)cc(O)cc2/C=C/CCC[C@@H](O)CCC[C@@H](O1)C	C[C@H]1CCC[C@H](O)CCC/C=C/c2cc(O)cc(O)c2[C]([O-])O1
5z9e	mol2	ok	oc(OCCCC)c1ccc(O)cc1	CCCCO[C]([O-])c1ccc(O)cc1
5zdp	mol2	ok	oc1Oc2c(cccc2)C(=C1C/C=C(\C)/CC/C=C(\C)/CCC=C(C)C)O	CC(C)=CCC/C(C)=C/CC/C(C)=C/CC1=C(O)c2ccccc2O[C]1[O-]
5zh2	mol2	ok	oc1-c2c(O)cc(O)cc2C[C@@H](O1)C[C@@H]1O[C@H](C)CCC1	C[C@@H]1CCC[C@H](C[C@H]2Cc3cc(O)cc(O)c3[C]([O-])O2)O1
5zh3	mol2	ok	oc1-c2c(O)cc(O)cc2C[C@H](O1)C[C@@H]1O[C@H](C)CCC1	C[C@@H]1CCC[C@H](C[C@@H]2Cc3cc(O)cc(O)c3[C]([O-])O2)O1
5zh4	mol2	ok	oc1-c2c(O)cc(O)cc2C[C@@H](O1)C[C@H]1O[C@H](C)CCC1	C[C@@H]1CCC[C@@H](C[C@H]2Cc3cc(O)cc(O)c3[C]([O-])O2)O1
5zh5	mol2	ok	oc1-c2c(O)cc(O)cc2C[C@H](O1)C[C@@H]1O[C@@H](C)CCC1	C[C@H]1CCC[C@H](C[C@@H]2Cc3cc(O)cc(O)c3[C]([O-])O2)O1
5zk3	mol2	ok	oc(O[C@H]1C[N@H+]2CC[C@@H]1CC2)C(O)(c1ccccc1)c1ccccc1	[O-][C](O[C@H]1C[N@H+]2CC[C@@H]1CC2)C(O)(c1ccccc1)c1ccccc1
5zk8	mol2	ok	OC[C@@H](c(o)O[C@@H]1C[C@H]2[N+](C)(C)[C@@H](C1)[C@@H]1O[C@H]21)c1ccccc1	C[N+]1(C)[C@@H]2C[C@@H](O[C]([O-])[C@H](CO)c3ccccc3)C[C@H]1[C@@H]1O[C@@H]12
5zkc	mol2	ok	OC[C@@H](c(o)O[C@@H]1C[C@H]2[N+](C)(C)[C@@H](C1)[C@@H]1O[C@H]21)c1ccccc1	C[N+]1(C)[C@@H]2C[C@@H](O[C]([O-])[C@H](CO)c3ccccc3)C[C@H]1[C@@H]1O[C@@H]12
5zqp	mol2	ok	oc1Oc2ccccc2[C@]21CCn(CC2)[c]1[nH]C(=O)C2=C([nH]1)CCCC2	O=c1[nH+]c(N2CCC3(CC2)[C]([O-])Oc2ccccc23)[nH]c2c1CCCC2
5zxk	mol2	ok	p([o])([o])(o)op([o])(o)OC/C=C(\C)/CO	C/C(=C\CO[P@+](=O)([O-]):[O-]P(=O)([O-])[O-])CO
6a9c	mol2	ok	[NH3+][C@H](C(=O)N[C@H](C(=O)N[C@H](C(=O)N1[C@H](C(=O)N2[C@H](C(=O)N[C@H](C(=O)N3[C@H](C(=O)N[C@H](C(=O)N[C@H](C(=O)[O-])CCC[nH][c]([nH2])[nH2])CC4=CN=CN4)CCC3)[C@H](CC)C)CCC2)CCC1)C)C(C)C)CCCC[NH3+]	CC[C@H](C)[C@H](NC(=O)[C@@H]1CCCN1C(=O)[C@@H]1CCCN1C(=O)[C@H](C)NC(=O)[C@@H](NC(=O)[C@@H]([NH3+])CCCC[NH3+])C(C)C)C(=O)N1CCC[C@H]1C(=O)N[C@@H](Cc1cnc[nH]1)C(=O)N[C@@H](CCCNC(N)=[NH2+])C(=O)[O-]
6aad	mol2	ok	FC(F)(F)C1([NH2+][NH2+]1)c1cccc(COc(o)NCCCC[C@H]([NH3+])C(=O)[O-])c1	[NH3+][C@@H](CCCCN[C]([O-])OCc1cccc(C2(C(F)(F)F)[NH2+][NH2+]2)c1)C(=O)[O-]
6aan	mol2	ok	c1(cccc(c1)C#C)COc(NCCCC[C@@H](C(=O)[O-])[NH3+])o	C#Cc1cccc(CO[C]([O-])NCCCC[C@H]([NH3+])C(=O)[O-])c1
6aao	mol2	ok	oc(OC1CCCCCCC1)NCCCC[C@H]([NH3+])C(=O)[O-]	[NH3+][C@@H](CCCCN[C]([O-])OC1CCCCCCC1)C(=O)[O-]
6aaq	mol2	ok	oc(OC[C@@H]1[C@@H]2CC=CC=CC[C@H]12)NCCCC[C@H]([NH3+])C(=O)[O-]	[NH3+][C@@H](CCCCN[C]([O-])OC[C@@H]1[C@@H]2C/C=C\C=C/C[C@@H]21)C(=O)[O-]
6abk	mol2	ok	C(CCC[C@@H](C(=O)[O-])[NH3+])Nc(OC[Si](C)(C)C)o	C[Si](C)(C)CO[C]([O-])NCCCC[C@H]([NH3+])C(=O)[O-]
6aff	mol2	ok	oc(OC)c1cccc2C(=O)C(=O)Nc12	CO[C]([O-])c1cccc2c1NC(=O)C2=O
6afj	mol2	ok	oc(OCCCC)CN1C(=O)C(=O)c2ccccc12	CCCCO[C]([O-])CN1C(=O)C(=O)c2ccccc21
6alz	mol2	ok	oc(O[C@H](C)[C@@H](C)[C@H](O)CC(=O)[C@@H](C)[C@@H](O)CC[C@H](C)C[C@@H](C)CC(=O)/C=C(/C=C)\CC)C[C@@H](O)/C(=C(\C)/C(=O)[O-])/C(=O)[O-]	C=C/C(=C/C(=O)C[C@H](C)C[C@@H](C)CC[C@H](O)[C@H](C)C(=O)C[C@@H](O)[C@H](C)[C@@H](C)O[C]([O-])C[C@@H](O)/C(C(=O)[O-])=C(\C)C(=O)[O-])CC
6aol	mol2	ok	Oc1cc(O)c(Cl)c(CCc2c(Cc3ccc(F)cc3)cccc2)c1c(OC)o	CO[C]([O-])c1c(O)cc(O)c(Cl)c1CCc1ccccc1Cc1ccc(F)cc1
6aom	mol2	ok	Oc1cc(O)c(Cl)c(CCc2c(Cc3ccccc3)cccc2)c1c(OC)o	CO[C]([O-])c1c(O)cc(O)c(Cl)c1CCc1ccccc1Cc1ccccc1
6aqf	mol2	ok	c1cc(O)ccc1CCN[c]1nc2n([c]([nH]1)N)N=C(N2)C1=CC=CO1	Nc1[nH+]c(NCCc2ccc(O)cc2)nc2[nH]c(-c3ccco3)n[n+]12
6aqs	mol2	ok	OC[C@H]1C[N@+](C[C@@H]1O)CC1=CNC2=C1[nH][c]([nH2])[nH]C2=O	[NH2+]=c1[nH]c(=O)c2[nH]cc(C[N+]3C[C@H](CO)[C@@H](O)C3)c2[nH]1
6arj	mol2	ok	Clc1ccc(OC[C@H](O)C[NH2+]C)cc1c1nc(N2CC3(C2)CCN(CC3)c(o)OC)c(C)c(n1)C1=C(ON=C1C)C	C[NH2+]C[C@@H](O)COc1ccc(Cl)c(-c2nc(-c3c(C)noc3C)c(C)c(N3CC4(CCN([C]([O-])OC)CC4)C3)n2)c1
6axq	mol2	ok	oc(OC)C1=CNc2ccccc12	CO[C]([O-])c1c[nH]c2ccccc12
6b41	mol2	ok	S(=O)(=O)(c1ccc(N2C[C@H](C[N@@H+]3CC[C@H](CC3)[C@@](C#N)(c3cccc(F)c3)[C@H]3CCC[C@@H]3Nc(o)OC)C2)cc1)[C@@H]1CN(C1)C(=O)/C=C\C[NH+](C)C	CO[C]([O-])N[C@H]1CCC[C@@H]1[C@](C#N)(c1cccc(F)c1)[C@H]1CC[N@H+](CC2CN(c3ccc(S(=O)(=O)C4CN(C(=O)/C=C\C[NH+](C)C)C4)cc3)C2)CC1
6b4n	mol2	ok	S(=O)(=O)(N(C[C@@H](O)[C@@H](Nc(o)O[C@H]1CO[C@H]2OCC[C@@H]12)Cc1ccccc1)CC(C)C)c1ccc(cc1)C1=NC(=CO1)c(o)OC	CO[C]([O-])c1coc(-c2ccc(S(=O)(=O)N(CC(C)C)C[C@@H](O)[C@H](Cc3ccccc3)N[C]([O-])O[C@H]3CO[C@H]4OCC[C@H]43)cc2)n1
6b7e	mol2	ok	FC(F)C1=CN=CN1[C@@H]1c2ccccc2-c(o)OC1(C)C	CC1(C)O[C]([O-])c2ccccc2[C@H]1n1cncc1C(F)F
6b7f	mol2	ok	oc1-c2ccccc2[C@@H](N2C=NC=C2C=C)C(O1)(C)C	C=Cc1cncn1[C@@H]1c2ccccc2[C]([O-])OC1(C)C
6baw	mol2	ok	COc(c1c(cc(c(c(o)OC)c1CCC1=[NH]C=CN1Cc1ccccc1)O)O)o	CO[C]([O-])c1c(O)cc(O)c([C]([O-])OC)c1CCc1[nH+]ccn1Cc1ccccc1
6bbx	mol2	ok	oc(OC)[C@H](O)[C@](O)(C)[C@]12O[C@]32[C@H](O)C#CCCC#C[C@@H]1Nc1c2C(=O)c4c(O)c(O)ccc4C(=O)c2c(O)cc31	CO[C]([O-])[C@H](O)[C@@](C)(O)[C@@]12O[C@]13c1cc(O)c4c(c1N[C@H]2C#CCCC#C[C@H]3O)C(=O)c1c(ccc(O)c1O)C4=O
6beb	mol2	ok	oc(O[C@H]1[C@H](C)[C@H](O)[C@H](C)[C@@H](O)[C@@H](C)/C=C/C=C(/C)\C(=O)Nc2cc(O)c3c(c2O)c(O)c(C)c2O[C@@](O/C=C/[C@H](OC)[C@H]1C)(C)[C@H](O)c32)C	CO[C@H]1/C=C/O[C@@]2(C)Oc3c(C)c(O)c4c(O)c(cc(O)c4c3[C@H]2O)NC(=O)/C(C)=C\C=C\[C@H](C)[C@H](O)[C@@H](C)[C@@H](O)[C@@H](C)[C@H](O[C](C)[O-])[C@@H]1C
6bec	mol2	ok	oc(O[C@H]1[C@H](C)[C@H](O)[C@H](C)[C@@H](O)[C@@H](C)/C=C/C=C(/C)\C(=O)Nc2c(O)c3c(O)c(C)c4O[C@@](OCC[C@H](OC)[C@H]1C)(C)C(=O)c4c3c1N[C@]3(Nc21)CC[N@H+](CC3)CC(C)C)C	CO[C@H]1CCO[C@@]2(C)Oc3c(C)c(O)c4c(O)c(c5c(c4c3C2=O)N[C@]2(CC[N@H+](CC(C)C)CC2)N5)NC(=O)/C(C)=C\C=C\[C@H](C)[C@H](O)[C@@H](C)[C@@H](O)[C@@H](C)[C@H](O[C](C)[O-])[C@@H]1C
6bed	mol2	ok	oc(O[C@H]1[C@H](C)[C@H](O)[C@H](C)[C@@H](O)[C@@H](C)/C=C/C=C(/C)\C(=O)Nc2c(O)c3c(O)c(C)c4O[C@@](O/C=C/[C@H](OC)[C@H]1C)(C)C(=O)c4c3c(O)c2/C=N/N1CC[N@H+](C)CC1)C	CO[C@H]1/C=C/O[C@@]2(C)Oc3c(C)c(O)c4c(O)c(c(/C=N/N5CC[NH+](C)CC5)c(O)c4c3C2=O)NC(=O)/C(C)=C\C=C\[C@H](C)[C@H](O)[C@@H](C)[C@@H](O)[C@@H](C)[C@H](O[C](C)[O-])[C@@H]1C
6bee	mol2	ok	oc(O[C@H]1[C@H](C)[C@H](O)[C@H](C)[C@@H](O)[C@@H](C)/C=C/C=C(/C)\C(=O)Nc2c(O)c3c(O)c(C)c4O[C@@](O/C=C/[C@H](OC)[C@H]1C)(C)C(=O)c4c3c1N=C3N(C=CC(=C3)C)c21)C	CO[C@H]1/C=C/O[C@@]2(C)Oc3c(C)c(O)c4c(O)c(c5c(nc6cc(C)ccn65)c4c3C2=O)NC(=O)/C(C)=C\C=C\[C@H](C)[C@H](O)[C@@H](C)[C@@H](O)[C@@H](C)[C@H](O[C](C)[O-])[C@@H]1C
6bef	mol2	ok	c1(O)c2NC(=O)/C(=C\C=C\[C@@H]([C@H](O)[C@H]([C@@H](O)[C@H]([C@H](Oc(o)C)[C@@H]([C@@H](OC)CCO[C@]3(Oc4c(c(c(c2C=O)O)c1c(O)c4C)C3=O)C)C)C)C)C)/C	CO[C@H]1CCO[C@@]2(C)Oc3c(C)c(O)c4c(O)c(c(C=O)c(O)c4c3C2=O)NC(=O)/C(C)=C\C=C\[C@H](C)[C@H](O)[C@@H](C)[C@@H](O)[C@@H](C)[C@H](O[C](C)[O-])[C@@H]1C
6beh	mol2	ok	c1(c2c(c(c3c4c(c(c(c13)O)C)O[C@](C4=O)(C)O/C=C/[C@@H]([C@H]([C@H]([C@@H]([C@@H]([C@@H]([C@H]([C@H](/C=C/C=C(\C(=O)N2)/C)C)O)C)O)C)Oc(C)o)C)OC)O)C[NH2+][N@H+]1CC[N@H+](C2CCCC2)CC1)O	CO[C@H]1/C=C/O[C@@]2(C)Oc3c(C)c(O)c4c(O)c(c(C[NH2+][N@H+]5CC[N@H+](C6CCCC6)CC5)c(O)c4c3C2=O)NC(=O)/C(C)=C\C=C\[C@H](C)[C@H](O)[C@@H](C)[C@@H](O)[C@@H](C)[C@H](O[C](C)[O-])[C@@H]1C
6bib	mol2	ok	c(o)(OCc1ccccc1)N[C@H]1CC2=CN(CCCNC(=O)CC[C@H](NC(=O)[C@@H](NC1=O)CC1CCCCC1)CO)N=N2	O=C1CC[C@@H](CO)NC(=O)[C@H](CC2CCCCC2)NC(=O)[C@@H](N[C]([O-])OCc2ccccc2)Cc2cn(nn2)CCCN1
6bic	mol2	ok	c(o)(OCc1ccccc1)N[C@H]1CC2=CN(CCCNC(=O)CC[C@H](NC(=O)[C@@H](NC1=O)CC(C)C)CO)N=N2	CC(C)C[C@@H]1NC(=O)[C@@H](N[C]([O-])OCc2ccccc2)Cc2cn(nn2)CCCNC(=O)CC[C@@H](CO)NC1=O
6bid	mol2	ok	c(o)(OCc1ccccc1)N[C@@H]1C(=O)N[C@H](C(=O)N[C@@H](CCC(=O)NCCN2C=C(C1)N=N2)CO)CC1CCCCC1	O=C1CC[C@@H](CO)NC(=O)[C@H](CC2CCCCC2)NC(=O)[C@@H](N[C]([O-])OCc2ccccc2)Cc2cn(nn2)CCN1
6bjo	mol2	ok	Brc1ccc(cc1)[C@@]1(CCN(CC1)C(=O)[C@H]1N(CCC1)c(o)OC(C)(C)C)C(=O)N[C@@H](C(=O)[O-])C1CCCC1	CC(C)(C)O[C]([O-])N1CCC[C@H]1C(=O)N1CCC(C(=O)N[C@@H](C(=O)[O-])C2CCCC2)(c2ccc(Br)cc2)CC1
6bnl	mol2	ok	oc(OC[C@H]1O[C@H](OC[C@H](NC(=O)CCCCCCCCCCCCCCCCCCCCCCCCC)[C@H](O)CCCCCCCCCCCCCCC)[C@H](O)[C@@H](O)[C@H]1O)CCc1ccccc1	CCCCCCCCCCCCCCCCCCCCCCCCCC(=O)N[C@@H](CO[C@H]1O[C@H](CO[C]([O-])CCc2ccccc2)[C@H](O)[C@H](O)[C@H]1O)[C@H](O)CCCCCCCCCCCCCCC
6bod	mol2	ok	oc(OCC)c1cc2c(Oc3ccc(cc3C2=O)C(C)C)nc1N	CCO[C]([O-])c1cc2c(=O)c3cc(C(C)C)ccc3oc2nc1N
6bqk	mol2	ok	[C@]1([C@@H](C1)C(F)F)(NC(=O)[C@H]1N(C(=O)[C@@H](Nc(OC(C)(C)C)o)C(C)(C)C)C[C@@H](C1)Oc1c2c(ccc(c2)Cl)c(cn1)OC)C(=O)NS(=O)(=O)C1CC1	COc1cnc(O[C@@H]2C[C@@H](C(=O)N[C@]3(C(=O)NS(=O)(=O)C4CC4)C[C@H]3C(F)F)N(C(=O)[C@@H](N[C]([O-])OC(C)(C)C)C(C)(C)C)C2)c2cc(Cl)ccc12
6bs4	mol2	ok	p(S)([o])(o)Op([o])(o)Op([o])(o)OC[C@H]1O[C@H]([C@@H]([C@@H]1O)O)N1C=Nc2c(N)ncnc12	Nc1ncnc2c1ncn2[C@@H]1O[C@H](CO[P@](=O)([O-])O[P@](=O)([O-])O[P@](=O)([O-])S)[C@@H](O)[C@H]1O
6buv	mol2	ok	oc(O[C@@H]1C[C@@H](C)CC[C@@H]1C(C)C)CN1C(=[N](C)c2ccccc12)COc1ccccc1	CC(C)[C@H]1CC[C@H](C)C[C@H]1O[C]([O-])Cn1c(COc2ccccc2)[n+](C)c2ccccc21
6c0s	mol2	ok	Clc1nnc(cc1c1ccc(Nc(o)OC)cc1)[C@@H](NC(=O)/C=C/c1cc(Cl)ccc1N1N=NN=C1)C[C@@H]1CN(CCC1)C(=O)C	CO[C]([O-])Nc1ccc(-c2cc([C@H](C[C@H]3CCCN(C(C)=O)C3)NC(=O)/C=C/c3cc(Cl)ccc3-n3cnnn3)nnc2Cl)cc1
6c4g	mol2	ok	oc(OCc1ccccc1)N[C@@H](CCO[nH][c]([nH2])[nH2])C(=O)N[C@H](C(=O)N[C@@H](CC(C)C)[C@@H](O)CC(=O)NCCc1ccccc1)C1CCCCC1	CC(C)C[C@H](NC(=O)[C@@H](NC(=O)[C@H](CCONC(N)=[NH2+])N[C]([O-])OCc1ccccc1)C1CCCCC1)[C@@H](O)CC(=O)NCCc1ccccc1
6c7w	mol2	ok	s([o])([o])(OC[C@H]1O[C@@H](N2C=Nc3c(N)ncnc23)[C@H](O)[C@@H]1O)N	Nc1ncnc2c1ncn2[C@@H]1O[C@H](CO[S@+](N)(=O)[O-])[C@@H](O)[C@H]1O
6c7x	mol2	ok	Clc1nc(N)c2N=CN([C@@H]3O[C@H](COs([o])([o])N)[C@@H](O)[C@H]3O)c2n1	Nc1nc(Cl)nc2c1ncn2[C@@H]1O[C@H](CO[S@+](N)(=O)[O-])[C@@H](O)[C@H]1O
6c8x	mol2	ok	B(c1ccc(cc1)S(=O)(=O)N(CC(C)C)C[C@H]([C@H](Cc1ccccc1)Nc(o)O[C@H]1CO[C@@H]2[C@H]1CCO2)O)(O)O	CC(C)CN(C[C@@H](O)[C@H](Cc1ccccc1)N[C]([O-])O[C@H]1CO[C@H]2OCC[C@H]21)S(=O)(=O)c1ccc(B(O)O)cc1
6c99	mol2	ok	C1=NN2[C@@H](C(=C(c3cccnc3)NC2=N1)c(OC)o)c1cc(cc(c1)F)F	CO[C]([O-])C1=C(c2cccnc2)Nc2ncnn2[C@@H]1c1cc(F)cc(F)c1
6cdj	mol2	ok	S1C(=Nc2ccc(S(=O)(=O)N(C[C@@H](O)[C@@H](Nc(o)O[C@@H]3C[C@@H]4CO[C@@H]5OCC[C@H]3[C@H]45)Cc3cc(F)cc(F)c3)CC(C)C)cc12)NC1CC1	CC(C)CN(C[C@@H](O)[C@H](Cc1cc(F)cc(F)c1)N[C]([O-])O[C@@H]1C[C@@H]2CO[C@@H]3OCC[C@H]1[C@H]23)S(=O)(=O)c1ccc2nc(NC3CC3)sc2c1
6cdl	mol2	ok	S1C(=Nc2ccc(S(=O)(=O)N(C[C@@H](O)[C@@H](Nc(o)O[C@H]3C[C@H]4CO[C@H]5OCC[C@@H]3[C@@H]45)Cc3cc(F)cc(F)c3)CC(C)C)cc12)NC1CC1	CC(C)CN(C[C@@H](O)[C@H](Cc1cc(F)cc(F)c1)N[C]([O-])O[C@H]1C[C@H]2CO[C@H]3OCC[C@@H]1[C@@H]23)S(=O)(=O)c1ccc2nc(NC3CC3)sc2c1
6cfd	mol2	ok	Fc1cc(F)cc(c1)C[C@H](NC(=O)/C=C/CCCC)C(=O)N[C@H]1COc(o)[C@H]2N(C[C@H](C)C2)/C(=C(\NC(=O)[C@H]2N(CCCC2)C(=O)[C@H]2N(CCC2)C1=O)/C)/O	CCCC/C=C/C(=O)N[C@@H](Cc1cc(F)cc(F)c1)C(=O)N[C@H]1CO[C]([O-])[C@@H]2C[C@@H](C)CN2/C(O)=C(/C)NC(=O)[C@@H]2CCCCN2C(=O)[C@@H]2CCCN2C1=O
6chn	mol2	ok	c(o)(N1CCC(Oc2cc([C@@H](CC#N)NC3=NN4C(=O)C=C(C)NC4=N3)ccc2)CC1)OC	CO[C]([O-])N1CCC(Oc2cccc([C@@H](CC#N)Nc3nc4[nH]c(C)cc(=O)n4n3)c2)CC1
6chp	mol2	ok	c(o)(N1CCC(CC1)Cc1cc([C@@H](CC#N)NC2=Nc3c(cc[c](C)[nH]3)N2)ccc1)OC	CO[C]([O-])N1CCC(Cc2cccc([C@@H](CC#N)Nc3nc4[nH+]c(C)ccc4[nH]3)c2)CC1
6cjp	mol2	ok	oc1-c2c(O)cc(O)cc2C/C(=N\OCc2ccc(OC)cc2)/C=C/C=C\[C@H]2O[C@@H]2C[C@H](O1)C	COc1ccc(CO/N=C2/C=C/C=C\[C@H]3O[C@@H]3C[C@@H](C)O[C]([O-])c3c(O)cc(O)cc3C2)cc1
6coj	mol2	ok	c12c(c(ncn1)N)N=CN2[C@H]1[C@@H]([C@@H]([C@@H](COp(Op(OCC([C@H](C(=O)NCCC(=O)NCCSC(=O)[C@H]2C(=O)CC[C@H]([C@@]32CCc(o)O3)C)O)(C)C)([o])o)([o])o)O1)Op([o])([o])o)O	C[C@@H]1CCC(=O)[C@H](C(=O)SCCNC(=O)CCNC(=O)[C@H](O)C(C)(C)CO[P@](=O)([O-])O[P@](=O)([O-])OC[C@H]2O[C@@H](n3cnc4c(N)ncnc43)[C@H](O)[C@@H]2OP(=O)([O-])[O-])[C@@]12CC[C]([O-])O2
6cpa	mol2	ok	p([o])(o)(O[C@@H](Cc1ccccc1)C(=O)[O-])[C@@H](NC(=O)[C@@H](Nc(o)OCc1ccccc1)C)C	C[C@H](N[C]([O-])OCc1ccccc1)C(=O)N[C@@H](C)[P@@](=O)([O-])O[C@@H](Cc1ccccc1)C(=O)[O-]
6cvd	mol2	ok	oc(OC)c1cccc2NC=Cc12	CO[C]([O-])c1cccc2[nH]ccc12
6cvf	mol2	ok	p([o])([o])(o)op([o])(o)OC[C@H]1O[C@@H](N2C=CC(=NC2=O)N)[C@H](O)[C@@H]1O	Nc1ccn([C@@H]2O[C@H](CO[P@+](=O)([O-]):[O-]P(=O)([O-])[O-])[C@@H](O)[C@H]2O)c(=O)n1
6cvw	mol2	ok	[C@H]1(C[C@H](CN1C(=O)[C@H](C(C)(C)C)Nc(o)OC1CCCC1)Oc1c(C)nc2ccc(cc2n1)OC)C(=O)N[C@]1([C@H](C=C)C1)C(=O)NS(=O)(=O)C1(CC1)C	C=C[C@@H]1C[C@]1(NC(=O)[C@@H]1C[C@@H](Oc2nc3cc(OC)ccc3nc2C)CN1C(=O)[C@@H](N[C]([O-])OC1CCCC1)C(C)(C)C)C(=O)NS(=O)(=O)C1(C)CC1
6cvx	mol2	ok	[C@H]1(C[C@H](CN1C(=O)[C@H](C(C)(C)C)Nc(o)OC1CCCC1)Oc1c(C(C)C)nc2ccc(cc2n1)OC)C(=O)N[C@]1([C@H](C=C)C1)C(=O)NS(=O)(=O)C1(CC1)C	C=C[C@@H]1C[C@]1(NC(=O)[C@@H]1C[C@@H](Oc2nc3cc(OC)ccc3nc2C(C)C)CN1C(=O)[C@@H](N[C]([O-])OC1CCCC1)C(C)(C)C)C(=O)NS(=O)(=O)C1(C)CC1
6cvy	mol2	ok	[C@H]1(C[C@H](CN1C(=O)[C@H](C(C)(C)C)Nc(o)OC1CCCC1)Oc1c(nc2ccc(cc2n1)OC)Cl)C(=O)N[C@]1([C@H](C=C)C1)C(=O)NS(=O)(=O)C1(CC1)C	C=C[C@@H]1C[C@]1(NC(=O)[C@@H]1C[C@@H](Oc2nc3cc(OC)ccc3nc2Cl)CN1C(=O)[C@@H](N[C]([O-])OC1CCCC1)C(C)(C)C)C(=O)NS(=O)(=O)C1(C)CC1
6d15	mol2	ok	p([o])([o])(o)CC1=Cc(o)Oc2cc(C)c(C)cc12	Cc1cc2c(cc1C)C(CP(=O)([O-])[O-])=C[C]([O-])O2
6d50	mol2	ok	[O-]C(=O)[C@H]1Oc(o)[C@H](O)[C@@H](O)[C@@H]1O	O=C([O-])[C@H]1O[C]([O-])[C@H](O)[C@@H](O)[C@@H]1O
6d6t	mol2	ok	Fc1ccc2N3C=NC(=C3CN(C)C(=O)c2c1)c(o)OCC	CCO[C]([O-])c1ncn2c1CN(C)C(=O)c1cc(F)ccc1-2
6d6u	mol2	ok	Fc1ccc2N3C=NC(=C3CN(C)C(=O)c2c1)c(o)OCC	CCO[C]([O-])c1ncn2c1CN(C)C(=O)c1cc(F)ccc1-2
6d8e	mol2	ok	Fc1ccc(COc(o)N(c2nc(ncc2)NC2=NN(C)C=C2)c2cccc(NC(=O)C=C)c2)cc1	C=CC(=O)Nc1cccc(N([C]([O-])OCc2ccc(F)cc2)c2ccnc(Nc3ccn(C)n3)n2)c1
6dd0	mol2	ok	p([o])([o])(o)CC1=Cc(o)Oc2cc(F)cc(F)c12	O=P([O-])([O-])CC1=C[C]([O-])Oc2cc(F)cc(F)c21
6dd1	mol2	ok	p([o])([o])(o)Cc1cccc2cccnc12	O=P([O-])([O-])Cc1cccc2cccnc12
6dgx	mol2	ok	S(=O)(=O)(N(C[C@@H](O)[C@@H](Nc(o)O[C@H]1CO[C@H]2OCC[C@@H]12)Cc1ccccc1)CC(C)C)c1ccc(N)cc1	CC(C)CN(C[C@@H](O)[C@H](Cc1ccccc1)N[C]([O-])O[C@H]1CO[C@H]2OCC[C@H]21)S(=O)(=O)c1ccc(N)cc1
6dgy	mol2	ok	S(=O)(=O)(N(C[C@@H](O)[C@@H](Nc(o)O[C@H]1CO[C@H]2OCC[C@@H]12)Cc1ccccc1)C[C@@H](C)CC)c1ccc(N)cc1	CC[C@H](C)CN(C[C@@H](O)[C@H](Cc1ccccc1)N[C]([O-])O[C@H]1CO[C@H]2OCC[C@H]21)S(=O)(=O)c1ccc(N)cc1
6dgz	mol2	ok	S(=O)(=O)(N(C[C@@H](O)[C@@H](Nc(o)O[C@H]1CO[C@H]2OCC[C@@H]12)Cc1ccccc1)CC(CC)CC)c1ccc(N)cc1	CCC(CC)CN(C[C@@H](O)[C@H](Cc1ccccc1)N[C]([O-])O[C@H]1CO[C@H]2OCC[C@H]21)S(=O)(=O)c1ccc(N)cc1
6dh0	mol2	ok	S(=O)(=O)(N(C[C@@H](O)[C@@H](Nc(o)O[C@H]1CO[C@H]2OCC[C@@H]12)Cc1ccccc1)CC(C)C)c1ccc(N)cc1	CC(C)CN(C[C@@H](O)[C@H](Cc1ccccc1)N[C]([O-])O[C@H]1CO[C@H]2OCC[C@H]21)S(=O)(=O)c1ccc(N)cc1
6dh1	mol2	ok	S(=O)(=O)(N(C[C@@H](O)[C@@H](Nc(o)O[C@H]1CO[C@H]2OCC[C@@H]12)Cc1ccccc1)C[C@@H](C)CC)c1ccc(N)cc1	CC[C@H](C)CN(C[C@@H](O)[C@H](Cc1ccccc1)N[C]([O-])O[C@H]1CO[C@H]2OCC[C@H]21)S(=O)(=O)c1ccc(N)cc1
6dh2	mol2	ok	S(=O)(=O)(N(C[C@@H](O)[C@@H](Nc(o)O[C@H]1CO[C@H]2OCC[C@@H]12)Cc1ccccc1)CC(CC)CC)c1ccc(N)cc1	CCC(CC)CN(C[C@@H](O)[C@H](Cc1ccccc1)N[C]([O-])O[C@H]1CO[C@H]2OCC[C@H]21)S(=O)(=O)c1ccc(N)cc1
6dh3	mol2	ok	S(=O)(=O)(N(C[C@@H](O)[C@@H](Nc(o)O[C@H]1CO[C@H]2OCC[C@@H]12)Cc1ccccc1)CC(C)C)c1ccc(N)cc1	CC(C)CN(C[C@@H](O)[C@H](Cc1ccccc1)N[C]([O-])O[C@H]1CO[C@H]2OCC[C@H]21)S(=O)(=O)c1ccc(N)cc1
6dh4	mol2	ok	S(=O)(=O)(N(C[C@@H](O)[C@@H](Nc(o)O[C@H]1CO[C@H]2OCC[C@@H]12)Cc1ccccc1)C[C@@H](C)CC)c1ccc(N)cc1	CC[C@H](C)CN(C[C@@H](O)[C@H](Cc1ccccc1)N[C]([O-])O[C@H]1CO[C@H]2OCC[C@H]21)S(=O)(=O)c1ccc(N)cc1
6dh5	mol2	ok	S(=O)(=O)(N(C[C@@H](O)[C@@H](Nc(o)O[C@H]1CO[C@H]2OCC[C@@H]12)Cc1ccccc1)CC(CC)CC)c1ccc(N)cc1	CCC(CC)CN(C[C@@H](O)[C@H](Cc1ccccc1)N[C]([O-])O[C@H]1CO[C@H]2OCC[C@H]21)S(=O)(=O)c1ccc(N)cc1
6dh6	mol2	ok	S(=O)(=O)(N(C[C@@H](O)[C@@H](Nc(o)O[C@H]1CO[C@H]2OCC[C@@H]12)Cc1ccccc1)CC(C)C)c1ccc(N)cc1	CC(C)CN(C[C@@H](O)[C@H](Cc1ccccc1)N[C]([O-])O[C@H]1CO[C@H]2OCC[C@H]21)S(=O)(=O)c1ccc(N)cc1
6dh7	mol2	ok	S(=O)(=O)(N(C[C@@H](O)[C@@H](Nc(o)O[C@H]1CO[C@H]2OCC[C@@H]12)Cc1ccccc1)C[C@@H](C)CC)c1ccc(N)cc1	CC[C@H](C)CN(C[C@@H](O)[C@H](Cc1ccccc1)N[C]([O-])O[C@H]1CO[C@H]2OCC[C@H]21)S(=O)(=O)c1ccc(N)cc1
6dh8	mol2	ok	S(=O)(=O)(N(C[C@@H](O)[C@@H](Nc(o)O[C@H]1CO[C@H]2OCC[C@@H]12)Cc1ccccc1)CC(CC)CC)c1ccc(N)cc1	CCC(CC)CN(C[C@@H](O)[C@H](Cc1ccccc1)N[C]([O-])O[C@H]1CO[C@H]2OCC[C@H]21)S(=O)(=O)c1ccc(N)cc1
6dif	mol2	ok	O1c(C(=C(C[C@@]1(CCC)CCc1ccccc1)O)[C@H](CC)c1cccc(NS(=O)(=O)c2ncc(cc2)C(F)(F)F)c1)o	CCC[C@@]1(CCc2ccccc2)CC(O)=C([C@H](CC)c2cccc(NS(=O)(=O)c3ccc(C(F)(F)F)cn3)c2)[C]([O-])O1
6dik	mol2	ok	[O-]C(=O)[C@H](Oc(o)/C=C/c1ccc(O)c(O)c1)[C@@H](Oc(o)/C=C/c1ccc(O)c(O)c1)C(=O)[O-]	O=C([O-])[C@H](O[C]([O-])/C=C/c1ccc(O)c(O)c1)[C@@H](O[C]([O-])/C=C/c1ccc(O)c(O)c1)C(=O)[O-]
6dil	mol2	ok	O1c(C(=C(C[C@@]1(CCC)CCc1ccccc1)O)[C@H](CC)c1cccc(NS(=O)(=O)c2ncc(cc2)C(F)(F)F)c1)o	CCC[C@@]1(CCc2ccccc2)CC(O)=C([C@H](CC)c2cccc(NS(=O)(=O)c3ccc(C(F)(F)F)cn3)c2)[C]([O-])O1
6dj5	mol2	ok	S(=O)(=O)(N(C[C@@H](O)[C@@H](Nc(o)O[C@H]1CO[C@H]2O[C@@H]3OCC[C@@H]3[C@@H]12)Cc1ccccc1)CC(C)C)c1ccc(OC)cc1	COc1ccc(S(=O)(=O)N(CC(C)C)C[C@@H](O)[C@H](Cc2ccccc2)N[C]([O-])O[C@H]2CO[C@H]3O[C@@H]4OCC[C@@H]4[C@H]32)cc1
6dj7	mol2	ok	S(=O)(=O)(N(C[C@@H](O)[C@@H](Nc(o)O[C@H]1CO[C@H]2OCC(F)(F)[C@@H]12)Cc1ccccc1)CC(C)C)c1ccc(N)cc1	CC(C)CN(C[C@@H](O)[C@H](Cc1ccccc1)N[C]([O-])O[C@H]1CO[C@H]2OCC(F)(F)[C@H]21)S(=O)(=O)c1ccc(N)cc1
6dxl	mol2	ok	O=C(N)c1ccc2-n(CCCCn3-c4ccc(cc4-[nH]c3nC(=O)C3=CC(=NN3CC)C)C(=O)N)c([nH]-c2c1)nC(=O)C1=CC(=NN1CC)C	CCn1nc(C)cc1C(=O)[N-]c1[nH+]c2cc(C(N)=O)ccc2n1CCCCn1c([N-]C(=O)c2cc(C)nn2CC)[nH+]c2cc(C(N)=O)ccc21
6e1a	mol2	ok	S(=O)(=O)(c1ccncc1)c1ccc(N2CC(C[N@@H+]3CC[C@H](CC3)[C@]3(C[N@H+](C)Cc4ccccc34)[C@H]3CCC[C@@H]3Oc(o)NC)C2)cc1	CN[C]([O-])O[C@H]1CCC[C@@H]1[C@]1([C@H]2CC[N@H+](CC3CN(c4ccc(S(=O)(=O)c5ccncc5)cc4)C3)CC2)C[N@H+](C)Cc2ccccc21
6e4a	mol2	ok	Clc1cccc(CNc2nc([nH]c3ccc([cH]c23)C2=CN(C)C(=O)C=C2)N2CC[N@H+](CC[NH+](C)C)CC2)c1	Cn1cc(-c2ccc3[nH+]c(N4CC[NH+](CC[NH+](C)C)CC4)nc(NCc4cccc(Cl)c4)c3c2)ccc1=O
6e4c	mol2	ok	oc1ON=C(N1)c1ccc(C2=CC(=O)C(=C(N2)C(=O)[O-])O)c(C)c1	Cc1cc(C2=NO[C]([O-])N2)ccc1-c1cc(=O)c(O)c(C(=O)[O-])[nH]1
6e4t	mol2	ok	Clc1cc2NC=C(c(o)O[C@@H]3O[C@H](C(=O)[O-])[C@@H](O)[C@H](O)[C@H]3O)c2cc1c1ccc(cc1)C1(O)CCC1	O=C([O-])[C@H]1O[C@@H](O[C]([O-])c2c[nH]c3cc(Cl)c(-c4ccc(C5(O)CCC5)cc4)cc23)[C@H](O)[C@@H](O)[C@@H]1O
6e4u	mol2	ok	Clc1cc2NC=C(c(o)O[C@@H]3O[C@H](C(=O)[O-])[C@@H](O)[C@H](O)[C@H]3O)c2cc1c1ccc(nc1OC)N(C)C	COc1nc(N(C)C)ccc1-c1cc2c([C]([O-])O[C@@H]3O[C@H](C(=O)[O-])[C@@H](O)[C@H](O)[C@H]3O)c[nH]c2cc1Cl
6e4v	mol2	ok	C1(=O)[C@H](CCCN(C(=O)/C=C(\C)/CCO)[O])NC(=O)[C@H](CCCN(C(=O)/C=C/CCOc([C@H](CCCN(C(=O)/C=C(/CCO)\C)[O])NC(=O)C)o)[O])N1.[Fe+3]	CC(=O)N[C@@H](CCCN([O-])C(=O)/C=C(\C)CCO)[C]([O-])OCC/C=C/C(=O)N([O-])CCC[C@@H]1NC(=O)[C@H](CCCN([O-])C(=O)/C=C(\C)CCO)NC1=O.[Fe+]
6e4w	mol2	ok	Fc1cc2NC=C(c(o)O[C@@H]3O[C@H](C(=O)[O-])[C@@H](O)[C@H](O)[C@H]3O)c2c(F)c1c1ccc(cc1)[C@H]1OCCCC1	O=C([O-])[C@H]1O[C@@H](O[C]([O-])c2c[nH]c3cc(F)c(-c4ccc([C@@H]5CCCCO5)cc4)c(F)c23)[C@H](O)[C@@H](O)[C@@H]1O
6e5b	mol2	ok	C(C(C)C)[C@H](NC(=O)C1=CN(CCNC(=O)c2ccc(c(c2OC)OC)OC)N=N1)B([OH2])O	COc1ccc(C(=O)NCCn2cc(C(=O)N[C@@H](CC(C)C)B(O)[OH2+])nn2)c(OC)c1OC
6e7j	mol2	ok	S(=O)(=O)(N(C[C@@H](O)[C@@H](Nc(o)O[C@H]1C[C@H]2Oc(o)N(c3ccccc3)[C@H]2C1)Cc1ccccc1)CC(C)C)c1ccc(OC)cc1	COc1ccc(S(=O)(=O)N(CC(C)C)C[C@@H](O)[C@H](Cc2ccccc2)N[C]([O-])O[C@H]2C[C@H]3O[C]([O-])N(c4ccccc4)[C@H]3C2)cc1
6e8x	mol2	ok	s([o])([o])(Oc1cc2ccc3c(CC[C@]4(C)[C@@H](Os([o])([o])N)CC[C@@H]34)c2cc1OC)N	COc1cc2c3c(ccc2cc1O[S@@+](N)(=O)[O-])[C@@H]1CC[C@H](O[S@@+](N)(=O)[O-])[C@@]1(C)CC3
6e91	mol2	ok	s([o])([o])(Oc1cc2c[cH]n(Cc3cc(OC)c(OC)c(OC)c3)cc2cc1OC)N	COc1cc2c[n+](Cc3cc(OC)c(OC)c(OC)c3)ccc2cc1O[S@@+](N)(=O)[O-]
6e92	mol2	ok	s([o])([o])(Oc1ccc2cn([cH]cc2c1)Cc1cc(OC)c(OC)c(OC)c1)N	COc1cc(C[n+]2ccc3cc(O[S@+](N)(=O)[O-])ccc3c2)cc(OC)c1OC
6e9a	mol2	ok	S(=O)(=O)(N(C[C@@H](O)[C@@H](Nc(o)O[C@H]1C[C@H]2Oc(o)N[C@H]2C1)Cc1ccccc1)CC(C)C)c1ccc(OC)cc1	COc1ccc(S(=O)(=O)N(CC(C)C)C[C@@H](O)[C@H](Cc2ccccc2)N[C]([O-])O[C@@H]2C[C@@H]3N[C]([O-])O[C@@H]3C2)cc1
6edr	mol2	ok	NC(=O)C1=CN(CC=C1)[C@@H]1S[C@@H]([C@H]([C@H]1O)O)COp([o])(o)Op([o])(o)OC[C@H]1O[C@H]([C@@H]([C@@H]1O)O)N1C=Nc2c1ncnc2N	NC(=O)C1=CN([C@@H]2S[C@H](CO[P@](=O)([O-])O[P@](=O)([O-])OC[C@H]3O[C@@H](n4cnc5c(N)ncnc54)[C@H](O)[C@@H]3O)[C@@H](O)[C@H]2O)CC=C1
6en4	mol2	ok	oc(O[C@H]1/C=C/[C@H](C)[C@H](Oc(o)C[C@H](O)CC[C@]1(O)C)/C(=C/C=C/[C@@H](C)C[C@H]1O[C@@H]1[C@H](C)[C@@H](O)CC)/C)C	CC[C@H](O)[C@@H](C)[C@H]1O[C@@H]1C[C@H](C)/C=C/C=C(\C)[C@H]1O[C]([O-])C[C@H](O)CC[C@@](C)(O)[C@@H](O[C](C)[O-])/C=C/[C@@H]1C
6enx	mol2	ok	S1[C@H]2O[C@H](COp([o])(o)Op([o])(o)OC[C@H]3O[C@@H](N4C=Nc5c(N)ncnc45)[C@H](O)[C@@H]3O)[C@@H](O)[C@H]2O[C@]1([NH2+]CCCC[C@H](Nc(o)OCc1ccccc1)C(=O)N[C@@H](CC1=CNc2ccccc12)C(=O)NC(C)C)CCCC(=O)[O-]	CC(C)NC(=O)[C@H](Cc1c[nH]c2ccccc12)NC(=O)[C@H](CCCC[NH2+][C@]1(CCCC(=O)[O-])O[C@@H]2[C@H](O)[C@@H](CO[P@](=O)([O-])O[P@@](=O)([O-])OC[C@H]3O[C@@H](n4cnc5c(N)ncnc54)[C@H](O)[C@@H]3O)O[C@@H]2S1)N[C]([O-])OCc1ccccc1
6eo0	mol2	ok	S1[C@H]2O[C@H](COp([o])(o)Op([o])(o)OC[C@H]3O[C@@H](N4C=Nc5c(N)ncnc45)[C@H](O)[C@@H]3O)[C@@H](O)[C@H]2O[C@@]1([NH2+]CCC(=O)[O-])[NH2+]CCCC[C@H](Nc(o)OCc1ccccc1)C(=O)N[C@@H](CC1=CNc2ccccc12)C(=O)NC(C)C	CC(C)NC(=O)[C@H](Cc1c[nH]c2ccccc12)NC(=O)[C@H](CCCC[NH2+][C@]1([NH2+]CCC(=O)[O-])O[C@@H]2[C@H](O)[C@@H](CO[P@](=O)([O-])O[P@](=O)([O-])OC[C@H]3O[C@@H](n4cnc5c(N)ncnc54)[C@H](O)[C@@H]3O)O[C@@H]2S1)N[C]([O-])OCc1ccccc1
6eo9	mol2	ok	ClC1=CC=C(S1)C1=CC(=NO1)COc1cccc(OCCCO[C@@H]2O[C@H](COc(o)C)[C@@H](Oc(o)C)[C@H](Oc(o)C)[C@H]2Oc(o)C)c1NC(=O)[C@@H]1CC[N@H+](CC1)C(C)C	C[C]([O-])OC[C@H]1O[C@@H](OCCCOc2cccc(OCc3cc(-c4ccc(Cl)s4)on3)c2NC(=O)[C@H]2CC[N@H+](C(C)C)CC2)[C@H](O[C](C)[O-])[C@@H](O[C](C)[O-])[C@@H]1O[C](C)[O-]
6eqs	mol2	ok	c(N[C@H](C(=O)N[C@@H](CC1=CNc2ccccc12)C(=O)NC(C)C)CCCC/[NH]=C(/NCCC(=O)[O-])\S[C@H]1O[C@@H]([C@H]([C@H]1O)O)COp([o])(o)Op([o])(o)OC[C@H]1O[C@H]([C@@H]([C@@H]1O)O)N1C=Nc2c1ncnc2N)(o)OCc1ccccc1	CC(C)NC(=O)[C@H](Cc1c[nH]c2ccccc12)NC(=O)[C@H](CCCC/[NH+]=C(/NCCC(=O)[O-])S[C@H]1O[C@H](CO[P@](=O)([O-])O[P@@](=O)([O-])OC[C@H]2O[C@@H](n3cnc4c(N)ncnc43)[C@H](O)[C@@H]2O)[C@@H](O)[C@H]1O)N[C]([O-])OCc1ccccc1
6ert	mol2	ok	c1cc2c(S(=O)(=O)N3CCC[N@H+](Cc4ccccc4B(O)[OH2])CC3)cccc2cn1	O=S(=O)(c1cccc2cnccc12)N1CCC[N@H+](Cc2ccccc2B(O)[OH2+])CC1
6esa	mol2	ok	[NH3+][C@H](C(=O)N[C@H](C(=O)N[C@H](C(=O)N[C@H](C(=O)N[C@H](C(=O)N[C@H](C(=O)N[C@H](C(=O)N[C@H](C(=O)N[C@H](C(=O)NCC(=O)N[C@H](C(=O)N[C@H](C(=O)NCC(=O)N[C@H](C(=O)N[C@H](C(=O)N[C@H](C(=O)N[C@H](C(=O)N[C@H](C(=O)[O-])[C@H](CC)C)C)CO[C@H]1[C@@H](C[C@@H](CO1)O)O)CCC[nH][c]([nH2])[nH2])CCC[nH][c]([nH2])[nH2])[C@H](O)C)CCC[nH][c]([nH2])[nH2])CO)C)[C@H](CC)C)Cc1ccccc1)CC(=O)[O-])C)Cc1ccc(cc1)O)[C@H](O)C)[C@H](O)C	CC[C@H](C)[C@H](NC(=O)[C@H](C)NC(=O)[C@H](CO[C@@H]1OC[C@@H](O)C[C@H]1O)NC(=O)[C@H](CCCNC(N)=[NH2+])NC(=O)[C@H](CCCNC(N)=[NH2+])NC(=O)CNC(=O)[C@@H](NC(=O)[C@H](CCCNC(N)=[NH2+])NC(=O)CNC(=O)[C@H](CO)NC(=O)[C@H](C)NC(=O)[C@@H](NC(=O)[C@H](Cc1ccccc1)NC(=O)[C@H](CC(=O)[O-])NC(=O)[C@H](C)NC(=O)[C@H](Cc1ccc(O)cc1)NC(=O)[C@@H](NC(=O)[C@@H]([NH3+])[C@@H](C)O)[C@@H](C)O)[C@@H](C)CC)[C@@H](C)O)C(=O)[O-]
6ety	mol2	ok	oc(O[C@@H](CCC(=O)[O-])C(=O)[O-])N[C@H](CC(C)C)C(=O)[O-]	CC(C)C[C@@H](N[C]([O-])O[C@@H](CCC(=O)[O-])C(=O)[O-])C(=O)[O-]
6ez9	mol2	ok	oc(O[C@@H](CC(C)C)C(=O)[O-])N[C@@H](CCC(=O)[O-])C(=O)[O-]	CC(C)C[C@H](O[C]([O-])N[C@@H](CCC(=O)[O-])C(=O)[O-])C(=O)[O-]
6f20	mol2	ok	oc(OCC)c1ccnc2NC=Cc12	CCO[C]([O-])c1ccnc2[nH]ccc12
6f5l	mol2	ok	oc(O[C@@H](CCC(=O)[O-])C(=O)[O-])N[C@@H](CC(C)C)C(=O)[O-]	CC(C)C[C@H](N[C]([O-])O[C@@H](CCC(=O)[O-])C(=O)[O-])C(=O)[O-]
6fbv	mol2	ok	C(/C/1=C\C=C\C[C@@H](/C(=C/[C@@H]([C@H](/C(=C/C(=C/C[C@@H]([C@@H](C)O)Oc1o)/C)/C)O[C@H]1[C@H]([C@H]([C@@H](C(C)(C)O1)Oc(C(C)C)o)O)O)CC)/C)O)O[C@H]1[C@H]([C@H]([C@@H]([C@@H](C)O1)Oc(c1c(c(c(c(c1CC)Cl)O)Cl)O)o)O)OC	CCc1c(Cl)c(O)c(Cl)c(O)c1[C]([O-])O[C@H]1[C@H](O)[C@H](OC)[C@H](OC/C2=C\C=C\C[C@H](O)/C(C)=C/[C@H](CC)[C@@H](O[C@@H]3OC(C)(C)[C@@H](O[C]([O-])C(C)C)[C@H](O)[C@@H]3O)/C(C)=C/C(C)=C/C[C@@H]([C@@H](C)O)O[C]2[O-])O[C@@H]1C
6fby	mol2	ok	C(=O)(C)N[C@H](C(=O)N[C@H](C(=O)N1[C@H](C(=O)N[C@@H](COp([o])([o])o)C(=O)N[C@H](C(=O)N2[C@H](C(=O)NCC(=O)N3CCC[C@@H]3[C@H](c3cc(C)ccc3)c3ccccc3)CCC2)CC(C)C)CCC1)[C@H](O)C)CCC[nH][c]([nH2])[nH2]	CC(=O)N[C@@H](CCCNC(N)=[NH2+])C(=O)N[C@H](C(=O)N1CCC[C@H]1C(=O)N[C@@H](COP(=O)([O-])[O-])C(=O)N[C@@H](CC(C)C)C(=O)N1CCC[C@H]1C(=O)NCC(=O)N1CCC[C@@H]1[C@@H](c1ccccc1)c1cccc(C)c1)[C@@H](C)O
6fgc	mol2	ok	[O-]C(=O)CCc(o)O[C@@H]1O[C@@H]2O[C@@]3(OO[C@]42[C@@H](CC3)[C@H](C)CC[C@H]4[C@H]1C)C	C[C@H]1[C@H](O[C]([O-])CCC(=O)[O-])O[C@@H]2O[C@@]3(C)CC[C@H]4[C@H](C)CC[C@@H]1[C@@]24OO3
6fgg	mol2	ok	oc1Oc2ccc(NC(=O)C3=CN(C)C(=O)C=C3)cc2N1CC[NH+](C)C	Cn1cc(C(=O)Nc2ccc3c(c2)N(CC[NH+](C)C)[C]([O-])O3)ccc1=O
6fgq	mol2	ok	S1C=C(C=C1NC(=O)Cc1ccc(S(=O)(=O)CC)cc1)c1cccnc1OCc1ccc(cc1)c(o)OC	CCS(=O)(=O)c1ccc(CC(=O)Nc2cc(-c3cccnc3OCc3ccc([C]([O-])OC)cc3)cs2)cc1
6fii	mol2	ok	ClC(=C)/C=C/[C@@H](O)CC(=C)C[C@H]1O[C@H]2[C@H](O)[C@]3(O)O[C@H](CCC/C=C\[C@@H]4O[C@@]5(O[C@H](CC(=O)[C@@H](C)[C@@H](Oc(o)C)[C@H](C)C(=C)C[C@@H]6O[C@@]7(O[C@@H](Cc(o)O[C@@H]([C@@H]1O)[C@H]2C)C[C@H](Oc(o)C)C7)C[C@](O)(C)C6)C[C@H](OC)C5)C[C@@H](O)C4)[C@H](C)[C@@H](O)C3	C=C(Cl)/C=C/[C@@H](O)CC(=C)C[C@H]1O[C@@H]2[C@H](C)[C@@H](O[C]([O-])C[C@H]3C[C@H](O[C](C)[O-])C[C@@]4(C[C@@](C)(O)C[C@H](CC(=C)[C@@H](C)[C@H](O[C](C)[O-])[C@H](C)C(=O)C[C@@H]5C[C@H](OC)C[C@@]6(C[C@@H](O)C[C@H](/C=C\CCC[C@H]7O[C@](O)(C[C@H](O)[C@H]7C)[C@H]2O)O6)O5)O4)O3)[C@@H]1O
6fiv	mol2	ok	OC[C@@H](NC(=O)[C@@H](NC(=O)[C@@H](Nc(o)OCc1ccccc1)C)C(C)C)Cc1ccccc1	CC(C)[C@H](NC(=O)[C@H](C)N[C]([O-])OCc1ccccc1)C(=O)N[C@H](CO)Cc1ccccc1
6fjf	mol2	ok	Clc1c(OC)cc2cc1N(C)C(=O)C[C@H](Oc(o)CCCCC1=CN(N=N1)CCCNC(=O)c1ccc(C(=O)[O-])c(c1)C1=C3C=CC(=O)C=C3Oc3cc(O)ccc13)[C@@]1(O[C@H]1[C@H](C)[C@H]1Oc(o)N[C@](O)(C1)[C@H](OC)/C=C/C=C(\C)/C2)C	COc1cc2cc(c1Cl)N(C)C(=O)C[C@H](O[C]([O-])CCCCc1cn(CCCNC(=O)c3ccc(C(=O)[O-])c(-c4c5ccc(=O)cc-5oc5cc(O)ccc45)c3)nn1)[C@]1(C)O[C@H]1[C@H](C)[C@@H]1C[C@@](O)(N[C]([O-])O1)[C@H](OC)/C=C/C=C(\C)C2
6fjm	mol2	ok	oc1O[C@@H](C/C=C\C=C\C=C\C2=NC(=CO2)c(o)O[C@@H](C/C=C\C=C\C=C\C2=NC1=CO2)[C@@](C)(c(o)OC)[C@@H](O)/C=C/C)[C@@](C)(c(o)OC)[C@@H](O)/C=C/C	C/C=C/[C@H](O)[C@](C)([C]([O-])OC)[C@@H]1C/C=C\C=C\C=C\c2nc(co2)[C]([O-])O[C@H]([C@@](C)([C]([O-])OC)[C@@H](O)/C=C/C)C/C=C\C=C\C=C\c2nc(co2)[C]([O-])O1
6fns	mol2	ok	[O-]C(=O)[C@@H]([N+]1CCOCC1)CC1=C[NH]=CN1	O=C([O-])[C@H](Cc1c[nH+]c[nH]1)[N+]1CCOCC1
6fnt	mol2	ok	[O-]C(=O)[C@@H]([N+]1CCCC1)CC1=C[NH]=CN1	O=C([O-])[C@H](Cc1c[nH+]c[nH]1)[N+]1CCCC1
6g4m	mol2	ok	C(CCC[c]1ccc(c(C[NH2+]O)[nH]1)O)Nc1c2[cH]cccc2[nH]c2ccccc12	O[NH2+]Cc1[nH+]c(CCCCNc2c3ccccc3[nH+]c3ccccc23)ccc1O
6g4n	mol2	ok	c1c(cc2c(c1)[nH]c1ccc[cH]c1c2NCCCC[c]1ccc(c(/C=N\O)[nH]1)O)Cl	O/N=C\c1[nH+]c(CCCCNc2c3ccccc3[nH+]c3ccc(Cl)cc23)ccc1O
6g8m	mol2	ok	[O-]C(=O)[C@H]([C@@H](O)C(=O)N[C@H](C(=O)N[C@H](c(o)OCc1ccccc1)C(C)C)C(C)C)C(C)C	CC(C)[C@H](NC(=O)[C@@H](NC(=O)[C@H](O)[C@@H](C(=O)[O-])C(C)C)C(C)C)[C]([O-])OCc1ccccc1
6g8n	mol2	ok	[O-]C(=O)[C@H]([C@@H](O)C(=O)N[C@H](C(=O)N[C@H](c(o)OCc1ccccc1)C(C)C)C(C)C)[C@@H](C)CC	CC[C@H](C)[C@H](C(=O)[O-])[C@@H](O)C(=O)N[C@H](C(=O)N[C@H]([C]([O-])OCc1ccccc1)C(C)C)C(C)C
6gf3	mol2	ok	oc(Oc1cc2c(NC3=C(C[C@]4(CC)[C@H]5O[C@H]5C[N@H+]5CC[C@]23[C@H]45)c(o)OC)cc1OC)C	CC[C@@]12CC([C]([O-])OC)=C3Nc4cc(OC)c(O[C](C)[O-])cc4[C@@]34CC[N@H+](C[C@@H]3O[C@@H]31)[C@@H]24
6gjb	mol2	ok	Clc1ccc(cc1F)[C@H](N1C=CC(=CC1=O)c1nc(ncc1)Nc1ccnc(C#CCCNc(o)O[C@H]2CCC=CCCC2)c1)CO	O=c1cc(-c2ccnc(Nc3ccnc(C#CCCN[C]([O-])O[C@H]4CC/C=C\CCC4)c3)n2)ccn1[C@H](CO)c1ccc(Cl)c(F)c1
6gjd	mol2	mismatch_inchikey	oc(O[C@H]1CCC=CCCC1)NCCCNC(=O)c1nccc(c1)C1=NNc2ccc(NC(=O)[C@H]3C[N@@H+](CC3)CC(=O)N3CCN(CC3)c3ccc(cc3)c3ncccn3)cc12	
6gji	mol2	ok	oc(OCC)CNC(=O)N(CC1=CN(N=N1)C)Cc1ccc(N)cc1	CCO[C]([O-])CNC(=O)N(Cc1ccc(N)cc1)Cc1cn(C)nn1
6gjj	mol2	ok	oc(OCC)CNC(=O)N(CC)Cc1ccc(N)cc1	CCO[C]([O-])CNC(=O)N(CC)Cc1ccc(N)cc1
6gjl	mol2	ok	N(Cc1ccc(N)cc1)(C(=O)NCc(o)OCC)CC1=NNN=N1	CCO[C]([O-])CNC(=O)N(Cc1ccc(N)cc1)Cc1nn[nH]n1
6gjm	mol2	ok	oc(OCC)CNC(=O)N(CCC)Cc1ccc(N)cc1	CCCN(Cc1ccc(N)cc1)C(=O)NC[C]([O-])OCC
6gjr	mol2	ok	oc(OCC)CNC(=O)N(CC1=NN(N=N1)C)Cc1ccc(N)cc1	CCO[C]([O-])CNC(=O)N(Cc1ccc(N)cc1)Cc1nnn(C)n1
6gwe	mol2	ok	S1C[C@H](NC(=O)[C@H](NC(=O)C[C@H]2N(CCC2)C(=O)C[N@+](Cc2ccccc2C1)Cc1ccccc1CO)CCC[nH][c]([nH2])[nH2])C(=O)N	NC(=[NH2+])NCCC[C@H]1NC(=O)C[C@@H]2CCCN2C(=O)C[N+](Cc2ccccc2CO)Cc2ccccc2CSC[C@@H](C(N)=O)NC1=O
6gz9	mol2	ok	oc(OCCOCN1C=NC2=C1[nH][c]([nH2])[nH]C2=O)[C@@H]([NH3+])C(C)C	CC(C)[C@H]([NH3+])[C]([O-])OCCOCn1cnc2c(=O)[nH]c(=[NH2+])[nH]c21
6h13	mol2	ok	O=C(Nc1nccc(C[N@+](C)CC2=CN(N=N2)CCNc2c3CCCCc3[nH]c3ccc[cH]c23)c1)Nc1cccc2C(=O)N3CCCC[C@H]3c12	C[N+](Cc1ccnc(NC(=O)Nc2cccc3c2[C@@H]2CCCCN2C3=O)c1)Cc1cn(CCNc2c3c([nH+]c4ccccc24)CCCC3)nn1
6h29	mol2	ok	oc(OCc1ccccc1)N	N[C]([O-])OCc1ccccc1
6h9x	mol2	ok	[NH3+][C@@H](CO)C(=O)Ns([o])([o])OC[C@H]1O[C@H]([C@@H]([C@@H]1O)O)N1C=Nc2c(N)ncnc12	Nc1ncnc2c1ncn2[C@@H]1O[C@H](CO[S@@+](=O)([O-])NC(=O)[C@@H]([NH3+])CO)[C@@H](O)[C@H]1O
6hb5	mol2	ok	[NH3+][C@@H](Cc1ccc(O)cc1)C(=O)Ns([o])([o])OC[C@H]1O[C@H]([C@H](O)[C@@H]1O)N1C=CC(=[NH2])NC1=O	[NH2+]=c1ccn([C@@H]2O[C@H](CO[S@+](=O)([O-])NC(=O)[C@@H]([NH3+])Cc3ccc(O)cc3)[C@@H](O)[C@H]2O)c(=O)[nH]1
6hb6	mol2	ok	[NH3+][C@@H](Cc1ccc(O)cc1)C(=O)Ns([o])([o])OC[C@H]1O[C@H]([C@H](O)[C@@H]1O)N1C=CC(=O)NC1=O	[NH3+][C@@H](Cc1ccc(O)cc1)C(=O)N[S@@+](=O)([O-])OC[C@H]1O[C@@H](n2ccc(=O)[nH]c2=O)[C@H](O)[C@@H]1O
6hb7	mol2	ok	CN1C(=O)C=CN([C@@H]2O[C@H](COs([o])([o])NC(=O)[C@@H]([NH3+])Cc3ccc(O)cc3)[C@@H](O)[C@H]2O)C1=O	Cn1c(=O)ccn([C@@H]2O[C@H](CO[S@+](=O)([O-])NC(=O)[C@@H]([NH3+])Cc3ccc(O)cc3)[C@@H](O)[C@H]2O)c1=O
6hgy	mol2	mismatch_inchikey	oc1OC[C@H](NC(=O)[C@@H](NC(=O)[C@@H](NC(=O)C/C=C\CCCCCC)Cc2ccc(O)cc2)C(C)C)/C=C/C(=O)N[C@H](C(=O)N[C@H]1Cc1ccc(O)cc1)C(C)C	
6hx8	mol2	ok	Brc1cc(cc(OC)c1OC)C[N@@H+]1CCc2cc(Os([o])([o])N)c(OC)cc2C1	COc1cc2c(cc1O[S@+](N)(=O)[O-])CC[N@@H+](Cc1cc(Br)c(OC)c(OC)c1)C2
6hzy	mol2	ok	oc(O/N=C/1\O[C@@H](C)[C@@H](O)[C@@H](O)[C@@H]1O)Nc1ccccc1	C[C@@H]1O/C(=N\O[C]([O-])Nc2ccccc2)[C@@H](O)[C@H](O)[C@@H]1O
6i5y	mol2	ok	c1cc(O)ccc1C[C@H]([NH3+])C(=O)Ns([o])([o])OC[C@H]1O[C@H]([C@@H]([C@@H]1O)O)N1C=Nc2c1ncnc2N	Nc1ncnc2c1ncn2[C@@H]1O[C@H](CO[S@+](=O)([O-])NC(=O)[C@@H]([NH3+])Cc2ccc(O)cc2)[C@@H](O)[C@H]1O
6i8y	mol2	ok	O(C)c1cc2c(N[C]([NH3])C32CCC3)cc1OCCC[NH+]1CCCC1	COc1cc2c(cc1OCCC[NH+]1CCCC1)N[C]([NH3+])C21CCC1
6i9a	mol2	ok	oc(OCc1ccccc1)N[C@@H](CCC(=O)NN(C)c1ccccc1)C(=O)N[C@@H](CCCC[NH3+])C(=O)C(=O)NCc1ccccc1	CN(NC(=O)CC[C@H](N[C]([O-])OCc1ccccc1)C(=O)N[C@@H](CCCC[NH3+])C(=O)C(=O)NCc1ccccc1)c1ccccc1
6ibk	mol2	ok	s1([o])([o])O[C@@H]2[C@H](N1)[C@H](O)[C@@H](O)[C@@H](O)[C@H]2CO	O=[S@@+]1([O-])N[C@@H]2[C@H](O)[C@@H](O)[C@@H](O)[C@@H](CO)[C@@H]2O1
6ibs	mol2	ok	c1cc(Nc(o)OC(C)(C)C)c2SC(=Cc2c1)[B](O)(O)O	CC(C)(C)O[C]([O-])Nc1cccc2cc([B-](O)(O)O)sc12
6ibv	mol2	ok	c1(cc2C=C([B](O)(O)[OH2])Sc2cc1)CBr	O[B-](O)([OH2+])c1cc2cc(CBr)ccc2s1
6ijl	mol2	ok	oc(OCCC)N1CCN(C[C@H]1C)C(=O)c1ccc2c(cc(nc2c1)c1ccc(cc1)C1([NH3+])CC1)Cl	CCCO[C]([O-])N1CCN(C(=O)c2ccc3c(Cl)cc(-c4ccc(C5([NH3+])CC5)cc4)nc3c2)C[C@H]1C
6ilq	mol2	ok	oc1ON=C(N1)c1ccccc1c1ccc(CN2C(=O)C(=C(N=C2CCCC)C(C)C)Cc(o)OCC)cc1	CCCCc1nc(C(C)C)c(C[C]([O-])OCC)c(=O)n1Cc1ccc(-c2ccccc2C2=NO[C]([O-])N2)cc1
6j7e	mol2	ok	p(S)([o])(o)Op([o])(o)Op([o])(o)OC[C@H]1O[C@H]([C@@H]([C@@H]1O)O)N1C=Nc2c(N)ncnc12	Nc1ncnc2c1ncn2[C@@H]1O[C@H](CO[P@](=O)([O-])O[P@](=O)([O-])O[P@@](=O)([O-])S)[C@@H](O)[C@H]1O
6j7l	mol2	ok	p([o])([o])(o)op([o])(o)OC[C@H]1O[C@@H](N2C=C(C)C(=O)NC2=O)C[C@@H]1O	Cc1cn([C@H]2C[C@H](O)[C@@H](CO[P@+](=O)([O-]):[O-]P(=O)([O-])[O-])O2)c(=O)[nH]c1=O
6j8q	mol2	ok	C(NC(=O)[C@@H](CS)C)B([OH2])O	C[C@H](CS)C(=O)NCB(O)[OH2+]
6jdi	mol2	ok	p(S)([o])(o)Op([o])(o)Op([o])(o)OC[C@H]1O[C@H]([C@@H]([C@@H]1O)O)N1C=Nc2c(N)ncnc12	Nc1ncnc2c1ncn2[C@@H]1O[C@H](CO[P@](=O)([O-])O[P@](=O)([O-])O[P@@](=O)([O-])S)[C@@H](O)[C@H]1O
6jdl	mol2	ok	p(S)([o])(o)Op([o])(o)Op([o])(o)OC[C@H]1O[C@H]([C@@H]([C@@H]1O)O)N1C=Nc2c(N)ncnc12	Nc1ncnc2c1ncn2[C@@H]1O[C@H](CO[P@](=O)([O-])O[P@](=O)([O-])O[P@@](=O)([O-])S)[C@@H](O)[C@H]1O
6jib	mol2	ok	[O-]C(=O)c1ccc(cc1)C(=O)N1CCC2=C(C1)c(o)Oc1ccccc21	O=C([O-])c1ccc(C(=O)N2CCC3=C(C2)[C]([O-])Oc2ccccc23)cc1
6jij	mol2	ok	O=C(C1=NOC(=C1)C)N[C@@H](C)C(=O)N[C@H](C(=O)N[C@H](C(=O)N[C@H](/C=C/c(o)OCc1ccccc1)C[C@@H]1CCNC1=O)CC(C)C)C(C)C	Cc1cc(C(=O)N[C@@H](C)C(=O)N[C@H](C(=O)N[C@@H](CC(C)C)C(=O)N[C@H](/C=C/[C]([O-])OCc2ccccc2)C[C@@H]2CCNC2=O)C(C)C)no1
6jio	mol2	ok	oc(OC(C)(C)C)N1CCc2ccc(N)cc2C1	CC(C)(C)O[C]([O-])N1CCc2ccc(N)cc2C1
6jn3	mol2	ok	c1c(cccc1)C[C@H](NC(=O)[C@@H](CS)C)B(O)[OH2]	C[C@H](CS)C(=O)N[C@@H](Cc1ccccc1)B(O)[OH2+]
6jno	mol2	ok	[O-]C(=O)C1=Cc2cc(c(O)cc2Oc1o)c1cc2c(cc1C)C(C)(C)CCC2(C)C	Cc1cc2c(cc1-c1cc3c(cc1O)O[C]([O-])C(C(=O)[O-])=C3)C(C)(C)CCC2(C)C
6keb	mol2	ok	S1c2ccccc2N(CC[NH+](C)C)C(=O)[C@@H](Oc(o)C)[C@@H]1c1ccc(OC)cc1	COc1ccc([C@@H]2Sc3ccccc3N(CC[NH+](C)C)C(=O)[C@H]2O[C](C)[O-])cc1
6kjd	mol2	ok	[O-]C(=O)C[C@H](O)C[C@H](O)CC[C@H]1[C@@H](C)C=CC2=C[C@H](C)C[C@H](Oc(o)[C@@H](C)CC)[C@H]12	CC[C@H](C)[C]([O-])O[C@H]1C[C@@H](C)C=C2C=C[C@H](C)[C@H](CC[C@@H](O)C[C@@H](O)CC(=O)[O-])[C@H]21
6kjf	mol2	ok	[O-]C(=O)C[C@H](O)C[C@H](O)CC[C@H]1[C@@H](C)C=CC2=C[C@H](C)C[C@H](Oc(o)C(C)(C)CC)[C@H]12	CCC(C)(C)[C]([O-])O[C@H]1C[C@@H](C)C=C2C=C[C@H](C)[C@H](CC[C@@H](O)C[C@@H](O)CC(=O)[O-])[C@H]21
6mbp	mol2	ok	C1CCCN1CCCOc1c(cc2-[c]([nH][C@H]3CC[N@@H+](CC3)C(C)C)[nH]CC(=Nc2c1)C1CCCCC1)OC	COc1cc2c(cc1OCCCN1CCCC1)N=C(C1CCCCC1)C[NH+]=C2N[C@H]1CC[N@H+](C(C)C)CC1
6mg5	mol2	ok	oc1Oc2cc(N(CC)CC)ccc2C(=C1)C	CCN(CC)c1ccc2c(c1)O[C]([O-])C=C2C
6mi6	mol2	ok	S(SCC1=CC([N@+](O)C1(C)C)(C)C)p([o])(o)Op([o])(o)OC[C@H]1O[C@@H](N2C=Nc3c(N)ncnc23)[C@H](O)[C@@H]1O	CC1(C)C=C(CSS[P@](=O)([O-])O[P@@](=O)([O-])OC[C@H]2O[C@@H](n3cnc4c(N)ncnc43)[C@H](O)[C@@H]2O)C(C)(C)[N+]1O
6mny	mol2	ok	c1c(ccc(C2=NN(C(=C2C(=O)N)N)[C@@H]2CCCn(c[nH])C2)c1)Oc1ccc(cc1F)F	[N-2]/[C]=[N+]1\[C][C][C][C](n2nc(-c3[c][c]c(Oc4[c][c]c(F)[c]c4F)[c][c]3)c(C([N-2])=O)c2[N-2])[C]1
6mvu	mol2	ok	O=N(=O)c1ccc(Oc(o)C)cc1	C[C]([O-])Oc1ccc([N+](=O)[O-])cc1
6n3v	mol2	ok	oc(OC[C@H]1O[C@@H](N2C=NC3=C2[nH][c]([nH2])[nH]C3=O)[C@H](O)[C@@H]1O)NCC	CCN[C]([O-])OC[C@H]1O[C@@H](n2cnc3c(=O)[nH]c(=[NH2+])[nH]c32)[C@H](O)[C@@H]1O
6n3w	mol2	ok	oc(OC[C@H]1O[C@@H](N2C=NC3=C2[nH][c]([nH2])[nH]C3=O)[C@H](O)[C@@H]1O)NCCc1ccccc1	[NH2+]=c1[nH]c(=O)c2ncn([C@@H]3O[C@H](CO[C]([O-])NCCc4ccccc4)[C@@H](O)[C@H]3O)c2[nH]1
6n3x	mol2	ok	oc(OC[C@H]1O[C@@H](N2C=NC3=C2[nH][c]([nH2])[nH]C3=O)[C@H](O)[C@@H]1O)NCc1ccccc1	[NH2+]=c1[nH]c(=O)c2ncn([C@@H]3O[C@H](CO[C]([O-])NCc4ccccc4)[C@@H](O)[C@H]3O)c2[nH]1
6n3y	mol2	ok	oc(OC[C@H]1O[C@@H](N2C=NC3=C2[nH][c]([nH2])[nH]C3=O)[C@H](O)[C@@H]1O)NCCC1=CNc2ccccc12	[NH2+]=c1[nH]c(=O)c2ncn([C@@H]3O[C@H](CO[C]([O-])NCCc4c[nH]c5ccccc45)[C@@H](O)[C@H]3O)c2[nH]1
6n4b	mol2	ok	Fc1ccc(CN2N=C(C(=O)N[C@H](c(o)OC)C(C)(C)C)c3ccccc23)cc1	CO[C]([O-])[C@@H](NC(=O)c1nn(Cc2ccc(F)cc2)c2ccccc12)C(C)(C)C
6n92	mol2	ok	n1cnc2c(c1N)N=CN2[C@H]1[C@H](O)[C@H](Op([o])([o])o)[C@H](O1)COp([o])(o)Op([o])(o)OCC(C)(C)[C@@H](O)C(=O)NCCC(=O)NCCSC(=O)[C@@H](C)N(=O)=O	C[C@H](C(=O)SCCNC(=O)CCNC(=O)[C@H](O)C(C)(C)CO[P@](=O)([O-])O[P@](=O)([O-])OC[C@H]1O[C@@H](n2cnc3c(N)ncnc32)[C@H](O)[C@@H]1OP(=O)([O-])[O-])[N+](=O)[O-]
6nfn	mol2	ok	[O-]C(=O)[C@H]1[C@@H](Oc(o)c2ccccc2)C[C@H]2[N@H+](C)[C@@H]1CC2	C[N@H+]1[C@H]2CC[C@@H]1[C@@H](C(=O)[O-])[C@@H](O[C]([O-])c1ccccc1)C2
6npf	mol2	ok	[o]p([o])(o)[C@H]1CC(=O)N(O)C1=O	O=C1C[C@H](P(=O)([O-])[O-])C(=O)N1O
6nzk	mol2	ok	oc(OC[C@@H](O)[C@@H](O)[C@@H]1O[C@](OC)(C[C@H](O)[C@H]1NC(=O)C)C(=O)[O-])C	CO[C@]1(C(=O)[O-])C[C@H](O)[C@@H](NC(C)=O)[C@H]([C@H](O)[C@H](O)CO[C](C)[O-])O1
6nzt	mol2	ok	[C@H]12CN([C@@H]([C@@H]1CC)C(=O)N[C@@]1(C(=O)NS(=O)(=O)C3(CC3)C)[C@@H](C1)C(F)F)C(=O)[C@H](C(C)(C)C)Nc(o)O[C@H]1[C@H](CCCCC(c3c(nc4c(ccc(c4)OC)n3)O2)(F)F)C1	CC[C@@H]1[C@@H]2CN(C(=O)[C@H](C(C)(C)C)N[C]([O-])O[C@@H]3C[C@H]3CCCCC(F)(F)c3nc4ccc(OC)cc4nc3O2)[C@@H]1C(=O)N[C@]1(C(=O)NS(=O)(=O)C2(C)CC2)C[C@H]1C(F)F
6nzv	mol2	ok	[C@H]12CN([C@@H]([C@@H]1CC)C(=O)N[C@@]1(C(=O)NS(=O)(=O)C3(CC3)C)[C@@H](C1)C(F)F)C(=O)[C@H](C(C)(C)C)Nc(o)O[C@H]1[C@H](CCCCCc3c(nc4c(ccc(c4)OC)n3)O2)C1	CC[C@@H]1[C@@H]2CN(C(=O)[C@H](C(C)(C)C)N[C]([O-])O[C@@H]3C[C@H]3CCCCCc3nc4ccc(OC)cc4nc3O2)[C@@H]1C(=O)N[C@]1(C(=O)NS(=O)(=O)C2(C)CC2)C[C@H]1C(F)F
6o0h	mol2	ok	c1(c(c(cc(c(o)OC)c1)S(=O)(=O)Nc1cc(c(cc1F)F)c1ccccc1)O)Cl	CO[C]([O-])c1cc(Cl)c(O)c(S(=O)(=O)Nc2cc(-c3ccccc3)c(F)cc2F)c1
6oag	mol2	ok	Clc1cc(ccc1C)C1=Cc2c(S1)ncnc2N[C@@H](p([o])([o])o)Cc1ccccc1	Cc1ccc(-c2cc3c(N[C@H](Cc4ccccc4)P(=O)([O-])[O-])ncnc3s2)cc1Cl
6oos	mol2	ok	S(=O)(=O)(N(C[C@@H](O)[C@@H](Nc(o)O[C@H]1CO[C@H]2OCC[C@@H]12)Cc1ccccc1)CC(C)C)c1ccc(N)cc1	CC(C)CN(C[C@@H](O)[C@H](Cc1ccccc1)N[C]([O-])O[C@H]1CO[C@H]2OCC[C@H]21)S(=O)(=O)c1ccc(N)cc1
6oot	mol2	ok	S(=O)(=O)(N(C[C@@H](O)[C@@H](Nc(o)O[C@H]1CO[C@H]2OCC[C@@H]12)Cc1ccccc1)CC(C)C)c1ccc(N)cc1	CC(C)CN(C[C@@H](O)[C@H](Cc1ccccc1)N[C]([O-])O[C@H]1CO[C@H]2OCC[C@H]21)S(=O)(=O)c1ccc(N)cc1
6oou	mol2	ok	S(=O)(=O)(N(C[C@@H](O)[C@@H](Nc(o)O[C@H]1CO[C@H]2OCC[C@@H]12)Cc1ccccc1)CC(C)C)c1ccc(N)cc1	CC(C)CN(C[C@@H](O)[C@H](Cc1ccccc1)N[C]([O-])O[C@H]1CO[C@H]2OCC[C@H]21)S(=O)(=O)c1ccc(N)cc1
6otg	mol2	ok	S(=O)(=O)(N(C[C@@H](O)[C@@H](Nc(o)O[C@H]1CO[C@H]2OC[C@H]([NH2+]C)[C@@H]12)Cc1ccccc1)CC(C)C)c1ccc(OC)cc1	C[NH2+][C@H]1CO[C@@H]2OC[C@H](O[C]([O-])N[C@@H](Cc3ccccc3)[C@H](O)CN(CC(C)C)S(=O)(=O)c3ccc(OC)cc3)[C@@H]21
6ovz	mol2	ok	[O-]C(=O)ONc(o)OCc1ccccc1	O=C([O-])ON[C]([O-])OCc1ccccc1
6oxp	mol2	ok	S(=O)(=O)(N(C[C@@H](O)[C@@H](Nc(o)O[C@H]1CO[C@H]2OCC[C@@H]12)Cc1ccccc1)C[C@@H](C)CC)c1ccc(cc1)CO	CC[C@H](C)CN(C[C@@H](O)[C@H](Cc1ccccc1)N[C]([O-])O[C@H]1CO[C@H]2OCC[C@H]21)S(=O)(=O)c1ccc(CO)cc1
6oxq	mol2	ok	S(=O)(=O)(N(C[C@@H](O)[C@@H](Nc(o)O[C@H]1CO[C@H]2OCC[C@@H]12)Cc1ccccc1)CC(CC)CC)c1ccc(cc1)CO	CCC(CC)CN(C[C@@H](O)[C@H](Cc1ccccc1)N[C]([O-])O[C@H]1CO[C@H]2OCC[C@H]21)S(=O)(=O)c1ccc(CO)cc1
6oxr	mol2	ok	S(=O)(=O)(N(C[C@@H](O)[C@@H](Nc(o)O[C@H]1CO[C@H]2OCC[C@@H]12)Cc1ccccc1)CC(C)C)c1ccc(cc1)[C@@H](O)C	CC(C)CN(C[C@@H](O)[C@H](Cc1ccccc1)N[C]([O-])O[C@H]1CO[C@H]2OCC[C@H]21)S(=O)(=O)c1ccc([C@H](C)O)cc1
6oxs	mol2	ok	S(=O)(=O)(N(C[C@@H](O)[C@@H](Nc(o)O[C@H]1CO[C@H]2OCC[C@@H]12)Cc1ccccc1)CC(C)C)c1ccc(cc1)[C@H](O)C	CC(C)CN(C[C@@H](O)[C@H](Cc1ccccc1)N[C]([O-])O[C@H]1CO[C@H]2OCC[C@H]21)S(=O)(=O)c1ccc([C@@H](C)O)cc1
6oxt	mol2	ok	S(=O)(=O)(N(C[C@@H](O)[C@@H](Nc(o)O[C@H]1CO[C@H]2OCC[C@@H]12)Cc1ccccc1)C[C@@H](C)CC)c1ccc(cc1)[C@@H](O)C	CC[C@H](C)CN(C[C@@H](O)[C@H](Cc1ccccc1)N[C]([O-])O[C@H]1CO[C@H]2OCC[C@H]21)S(=O)(=O)c1ccc([C@H](C)O)cc1
6oxu	mol2	ok	S(=O)(=O)(N(C[C@@H](O)[C@@H](Nc(o)O[C@H]1CO[C@H]2OCC[C@@H]12)Cc1ccccc1)C[C@@H](C)CC)c1ccc(cc1)[C@H](O)C	CC[C@H](C)CN(C[C@@H](O)[C@H](Cc1ccccc1)N[C]([O-])O[C@H]1CO[C@H]2OCC[C@H]21)S(=O)(=O)c1ccc([C@@H](C)O)cc1
6oxv	mol2	ok	S(=O)(=O)(N(C[C@@H](O)[C@@H](Nc(o)O[C@H]1CO[C@H]2OCC[C@@H]12)Cc1ccccc1)CC(CC)CC)c1ccc(cc1)[C@@H](O)C	CCC(CC)CN(C[C@@H](O)[C@H](Cc1ccccc1)N[C]([O-])O[C@H]1CO[C@H]2OCC[C@H]21)S(=O)(=O)c1ccc([C@H](C)O)cc1
6oxw	mol2	ok	S(=O)(=O)(N(C[C@@H](O)[C@@H](Nc(o)O[C@H]1CO[C@H]2OCC[C@@H]12)Cc1ccccc1)CC(CC)CC)c1ccc(cc1)[C@H](O)C	CCC(CC)CN(C[C@@H](O)[C@H](Cc1ccccc1)N[C]([O-])O[C@H]1CO[C@H]2OCC[C@H]21)S(=O)(=O)c1ccc([C@@H](C)O)cc1
6oxx	mol2	ok	S(=O)(=O)(N(C[C@@H](O)[C@@H](Nc(o)O[C@H]1CO[C@H]2OCC[C@@H]12)Cc1ccccc1)CC(C)C)c1ccc(cc1)[C@@H](O)CO	CC(C)CN(C[C@@H](O)[C@H](Cc1ccccc1)N[C]([O-])O[C@H]1CO[C@H]2OCC[C@H]21)S(=O)(=O)c1ccc([C@@H](O)CO)cc1
6oxy	mol2	ok	S(=O)(=O)(N(C[C@@H](O)[C@@H](Nc(o)O[C@H]1CO[C@H]2OCC[C@@H]12)Cc1ccccc1)CC(C)C)c1ccc(cc1)[C@H](O)CO	CC(C)CN(C[C@@H](O)[C@H](Cc1ccccc1)N[C]([O-])O[C@H]1CO[C@H]2OCC[C@H]21)S(=O)(=O)c1ccc([C@H](O)CO)cc1
6oxz	mol2	ok	S(=O)(=O)(N(C[C@@H](O)[C@@H](Nc(o)O[C@H]1CO[C@H]2OCC[C@@H]12)Cc1ccccc1)C[C@@H](C)CC)c1ccc(cc1)[C@@H](O)CO	CC[C@H](C)CN(C[C@@H](O)[C@H](Cc1ccccc1)N[C]([O-])O[C@H]1CO[C@H]2OCC[C@H]21)S(=O)(=O)c1ccc([C@@H](O)CO)cc1
6oy0	mol2	ok	S(=O)(=O)(N(C[C@@H](O)[C@@H](Nc(o)O[C@H]1CO[C@H]2OCC[C@@H]12)Cc1ccccc1)C[C@@H](C)CC)c1ccc(cc1)[C@H](O)CO	CC[C@H](C)CN(C[C@@H](O)[C@H](Cc1ccccc1)N[C]([O-])O[C@H]1CO[C@H]2OCC[C@H]21)S(=O)(=O)c1ccc([C@H](O)CO)cc1
6oy1	mol2	ok	S(=O)(=O)(N(C[C@@H](O)[C@@H](Nc(o)O[C@H]1CO[C@H]2OCC[C@@H]12)Cc1ccccc1)CC(CC)CC)c1ccc(cc1)[C@@H](O)CO	CCC(CC)CN(C[C@@H](O)[C@H](Cc1ccccc1)N[C]([O-])O[C@H]1CO[C@H]2OCC[C@H]21)S(=O)(=O)c1ccc([C@@H](O)CO)cc1
6oy2	mol2	ok	S(=O)(=O)(N(C[C@@H](O)[C@@H](Nc(o)O[C@H]1CO[C@H]2OCC[C@@H]12)Cc1ccccc1)CC(CC)CC)c1ccc(cc1)[C@H](O)CO	CCC(CC)CN(C[C@@H](O)[C@H](Cc1ccccc1)N[C]([O-])O[C@H]1CO[C@H]2OCC[C@H]21)S(=O)(=O)c1ccc([C@H](O)CO)cc1
6p3p	mol2	ok	COc([C@H](NC(=O)C1=CC(=C(S(=O)(=O)Nc2cc(ccc2Cl)C(F)(F)F)S1)C)Cc1ccccc1)o	CO[C]([O-])[C@@H](Cc1ccccc1)NC(=O)c1cc(C)c(S(=O)(=O)Nc2cc(C(F)(F)F)ccc2Cl)s1
6pg5	mol2	ok	OCC1=C[NH]=C(N1)CCCCNc(o)OCc1ccccc1	[O-][C](NCCCCc1[nH]c(CO)c[nH+]1)OCc1ccccc1
6pga	mol2	ok	OCC1=C[NH]=C(N1)CCCCNc(o)OC	CO[C]([O-])NCCCCc1[nH]c(CO)c[nH+]1
6pgc	mol2	ok	OCC1=C[NH]=C(N1)CCCCN(Cc1ccccc1)c(o)OC	CO[C]([O-])N(CCCCc1[nH]c(CO)c[nH+]1)Cc1ccccc1
6pge	mol2	ok	OCC1=C[NH]=C(N1)CCc(o)OCC	CCO[C]([O-])CCc1[nH]c(CO)c[nH+]1
6pgx	mol2	ok	c1cc(ccc1OC[C@@H](C[Te]C[C@@H](COc1ccc(cc1)s(N)([o])[o])O)O)s(N)([o])[o]	N[S@@+](=O)([O-])c1ccc(OC[C@@H](O)C[Te]C[C@@H](O)COc2ccc([S@+](N)(=O)[O-])cc2)cc1
6pka	mol2	ok	O=C(Nc1ccc(C)cc1)N[C@H](C(=O)N[C@@H]1C(=O)N2CCC[C@H]2C(=O)N2CCCC[C@H]2C(=O)N[C@@H](C)C(=O)N2C[C@H](C)C[C@H]2c(OC1)o)Cc1cc(F)cc(F)c1	Cc1ccc(NC(=O)N[C@@H](Cc2cc(F)cc(F)c2)C(=O)N[C@H]2CO[C]([O-])[C@@H]3C[C@@H](C)CN3C(=O)[C@H](C)NC(=O)[C@@H]3CCCCN3C(=O)[C@@H]3CCCN3C2=O)cc1
6pl3	mol2	ok	oc(OCC(=O)NC1=CC(=NN1c1ccccc1)C(C)(C)C)c1ccc(N2N=NN=C2)cc1	CC(C)(C)c1cc(NC(=O)CO[C]([O-])c2ccc(-n3cnnn3)cc2)n(-c2ccccc2)n1
6plf	mol2	ok	Clc1cc2C=C(Nc2cc1OC[C@H]1Oc(o)NC1)C(=O)N[C@H](CO)c1ccc(cc1)C(=O)[O-]	O=C([O-])c1ccc([C@@H](CO)NC(=O)c2cc3cc(Cl)c(OC[C@@H]4CN[C]([O-])O4)cc3[nH]2)cc1
6prf	mol2	ok	S1C(=Nc2ccc(S(=O)(=O)N(C[C@@H](O)[C@@H](Nc(o)O[C@H]3[C@H]4CO[C@H]5OC[C@@H]3[C@H]5C4)Cc3cc(F)cc(F)c3)CC(C)C)cc12)NC1CC1	CC(C)CN(C[C@@H](O)[C@H](Cc1cc(F)cc(F)c1)N[C]([O-])O[C@H]1[C@H]2CO[C@H]3OC[C@@H]1[C@H]3C2)S(=O)(=O)c1ccc2nc(NC3CC3)sc2c1
6prt	mol2	ok	oc(OC)C[C@@H]1CN(C)C(=O)C1	CO[C]([O-])C[C@H]1CC(=O)N(C)C1
6pyc	mol2	ok	oc1OC=C(C=C1)[C@H]1C[C@H]2O[C@@]32[C@@H]2CC[C@]4(O)C[C@@H](O)CC[C@]4(C)[C@H]2CC[C@]13C	C[C@]12CC[C@H](O)C[C@@]1(O)CC[C@@H]1[C@@H]2CC[C@]2(C)[C@@H](C3=CO[C]([O-])C=C3)C[C@H]3O[C@]132
6pyd	mol2	ok	oc1OC=C(C=C1)[C@H]1C[C@H]2O[C@@]32[C@@H]2CC[C@]4(O)C[C@@H](O)CC[C@]4(C)[C@H]2CC[C@]13C	C[C@]12CC[C@H](O)C[C@@]1(O)CC[C@@H]1[C@@H]2CC[C@]2(C)[C@@H](C3=CO[C]([O-])C=C3)C[C@H]3O[C@]132
6q2y	mol2	ok	C(c1ccc2c(c1)C=C([B]([OH2])(O)[OH2])S2)[NH3+]	[NH3+]Cc1ccc2sc([B-](O)([OH2+])[OH2+])cc2c1
6q30	mol2	ok	c1(C(=O)[O-])c2SC(=Cc2ccc1)[B]([OH2])(O)O	O=C([O-])c1cccc2cc([B-](O)(O)[OH2+])sc12
6q35	mol2	ok	C(c1ccc2c(c1)C=C(B([OH2])O)S2)[NH3+]	[NH3+]Cc1ccc2sc(B(O)[OH2+])cc2c1
6q37	mol2	ok	C1[C@@H]([C@](C(=O)[O-])(C[NH2+]1)[NH3+])CCC[B](O)([OH2])O	[NH3+][C@@]1(C(=O)[O-])C[NH2+]C[C@@H]1CCC[B-](O)(O)[OH2+]
6q39	mol2	ok	C1[C@@H]([C@](C(=O)[O-])(C[N@H+]1C[C@@H]1CCCC[NH2+]1)[NH3+])CCC[B]([OH2])(O)O	[NH3+][C@@]1(C(=O)[O-])C[N@@H+](C[C@@H]2CCCC[NH2+]2)C[C@@H]1CCC[B-](O)(O)[OH2+]
6q6m	mol2	ok	Clc1cccc(C)c1N(C(=O)C1=CC=CS1)[C@@H](C)c(o)OCC	CCO[C]([O-])[C@H](C)N(C(=O)c1cccs1)c1c(C)cccc1Cl
6q6o	mol2	ok	Clc1cccc(Cl)c1N(C(=O)C1=CC=CO1)[C@@H](C)c(o)OC(C)C	CC(C)O[C]([O-])[C@H](C)N(C(=O)c1ccco1)c1c(Cl)cccc1Cl
6q89	mol2	ok	C(=O)(Ns(OC[C@H]1O[C@@H](N2c3ncnc(c3N=C2)N)[C@H](O)[C@@H]1O)([o])[o])[C@@H]([NH3+])CC(C)C	CC(C)C[C@H]([NH3+])C(=O)N[S@@+](=O)([O-])OC[C@H]1O[C@@H](n2cnc3c(N)ncnc32)[C@H](O)[C@@H]1O
6q8a	mol2	ok	C1(=O)N(C=CC(=[NH2])N1)[C@H]1[C@@H]([C@@H]([C@@H](COs(NC(=O)[C@@H]([NH3+])CC(C)C)([o])[o])O1)O)O	CC(C)C[C@H]([NH3+])C(=O)N[S@+](=O)([O-])OC[C@H]1O[C@@H](n2ccc(=[NH2+])[nH]c2=O)[C@H](O)[C@@H]1O
6q8b	mol2	ok	[NH3+][C@H](C(=O)Ns([o])([o])OC[C@@H]1[C@H]([C@H]([C@H](N2C(=O)N(C)C(=O)C=C2)O1)O)O)CC(C)C	CC(C)C[C@H]([NH3+])C(=O)N[S@@+](=O)([O-])OC[C@H]1O[C@@H](n2ccc(=O)n(C)c2=O)[C@H](O)[C@@H]1O
6q8c	mol2	ok	[NH3+][C@H](C(=O)Ns([o])([o])OC[C@@H]1[C@H]([C@H]([C@H](N2C(=O)NC(=O)C=C2)O1)O)O)CC(C)C	CC(C)C[C@H]([NH3+])C(=O)N[S@+](=O)([O-])OC[C@H]1O[C@@H](n2ccc(=O)[nH]c2=O)[C@H](O)[C@@H]1O
6q92	mol2	ok	[NH3+][C@H](C(=O)[O-])CCCC[B]([OH2])(O)O	[NH3+][C@@H](CCCC[B-](O)(O)[OH2+])C(=O)[O-]
6q9s	mol2	ok	Clc1ccc(c(Cl)c1)[C@@H](N1C=NC(=C1C1=C(Nc2cc(Cl)ccc12)C(=O)Nc1cc(ccc1N1CC[C@@H](N2CCCOc2o)CC1)C(=O)[O-])c1ccccc1)C	C[C@@H](c1ccc(Cl)cc1Cl)n1cnc(-c2ccccc2)c1-c1c(C(=O)Nc2cc(C(=O)[O-])ccc2N2CCC(N3CCCO[C]3[O-])CC2)[nH]c2cc(Cl)ccc12
6qaf	mol2	ok	O=C([C@@H]([NH3+])C)N1C[C@@]([NH3+])(C(=O)[O-])[C@H](C1)CCC[B](O)(O)O	C[C@H]([NH3+])C(=O)N1C[C@H](CCC[B-](O)(O)O)[C@]([NH3+])(C(=O)[O-])C1
6qcj	mol2	ok	oc(O[C@H]1Cc2c(O)cc(O)cc2O[C@@H]1c1ccc(O)c(O)c1)c1cc(O)c(O)c(O)c1	[O-][C](O[C@H]1Cc2c(O)cc(O)cc2O[C@@H]1c1ccc(O)c(O)c1)c1cc(O)c(O)c(O)c1
6qqq	mol2	ok	oc(OCc1cc(OC)cc(c1)c1cnccc1)C1=CNN=C1	COc1cc(CO[C]([O-])c2cn[nH]c2)cc(-c2cccnc2)c1
6qre	mol2	ok	oc(OCc1cccc(OC)c1)C1=CNN=C1	COc1cccc(CO[C]([O-])c2cn[nH]c2)c1
6qrf	mol2	ok	oc(OCc1ccccc1)C1=CNN=C1	[O-][C](OCc1ccccc1)c1cn[nH]c1
6qrg	mol2	ok	oc(OC)COc1cccc(COc(o)C2=CNN=C2)c1	CO[C]([O-])COc1cccc(CO[C]([O-])c2cn[nH]c2)c1
6qri	mol2	ok	oc1O[C@H]([C@@H](C)/C=C\C=C\C=C\[C@@H](O)C[C@@H](OC)[C@@H](C)C2=NC(=CO2)/C=C\C=C\[C@H](O[C@@H]2O[C@H](C)[C@@H](O)[C@H](OC)[C@H]2OC)[C@H](C)/C=C(\C)/C=C\C=C\C=C/1)[C@@H](C)[C@@H](O)C[C@@H](O)C	CO[C@H]1[C@H](O[C@H]2/C=C/C=C\c3coc(n3)[C@H](C)[C@H](OC)C[C@H](O)/C=C/C=C/C=C\[C@H](C)[C@H]([C@@H](C)[C@@H](O)C[C@H](C)O)O[C]([O-])/C=C\C=C\C=C/C(C)=C/[C@H]2C)O[C@H](C)[C@@H](O)[C@@H]1OC
6r18	mol2	ok	oc(OCc1ccc(C[NH3+])cc1)N[C@H]1CC(=O)NC1=O	[NH3+]Cc1ccc(CO[C]([O-])N[C@H]2CC(=O)NC2=O)cc1
6r1a	mol2	ok	oc(OC[C@@H]1[NH2+]CCC1)N[C@H]1CCC(=O)NC1=O	O=C1CC[C@H](N[C]([O-])OC[C@H]2CCC[NH2+]2)C(=O)N1
6r1c	mol2	ok	[O-]C(=O)CCC(=O)NCc1ccc(COc(o)N[C@H]2CC(=O)NC2=O)cc1	O=C([O-])CCC(=O)NCc1ccc(CO[C]([O-])N[C@H]2CC(=O)NC2=O)cc1
6r1d	mol2	ok	oc(OCc1ccccc1)N[C@H]1CC(=O)NC1=O	O=C1C[C@H](N[C]([O-])OCc2ccccc2)C(=O)N1
6r1w	mol2	ok	oc(OC[C@H]1CC[C@H]([NH3+])CC1)N[C@H]1CCC(=O)NC1=O	[NH3+][C@H]1CC[C@H](CO[C]([O-])N[C@H]2CCC(=O)NC2=O)CC1
6rfi	mol2	ok	oc(OC)N1CC[NH+](CC1)[C@@H]1CC[C@@H](Nc2ncnc3ccc(C#N)cc23)CC1	CO[C]([O-])N1CC[NH+]([C@H]2CC[C@H](Nc3ncnc4ccc(C#N)cc34)CC2)CC1
6rjp	mol2	ok	N1[C@@H](CNC(=O)CCl)C(=O)N[C@H](C(=O)NC(C(=O)N[C@H](C(=O)N[C@H](C(=O)N[C@H](C(=O)N[C@H](C(=O)N[C@H](C(=O)N[C@H](C(=O)NCC(=O)N[C@H](C(=O)N[C@H](C(=O)N[C@H](C(=O)N[C@H](C(=O)N[C@H](C(=O)N[C@H](C(=O)N[C@H](C(=O)[O-])Cc2ccc(cc2)O)C)C)CC(=O)N)Cc2ccccc2)C)CC(=O)[O-])[C@H](CC)C)CCCnc([nH2])[nH2])CCC[nH][c]([nH2])[nH2])CC(C)C)C)CCC1=O)(C)C)[C@H](CC)C	CC[C@H](C)[C@H](NC(=O)[C@H](CCC[N-]C(N)=[NH2+])NC(=O)[C@H](CCCNC(N)=[NH2+])NC(=O)[C@H](CC(C)C)NC(=O)[C@H](C)NC(=O)[C@@H]1CCC(=O)N[C@@H](CNC(=O)CCl)C(=O)N[C@@H]([C@@H](C)CC)C(=O)NC(C)(C)C(=O)N1)C(=O)NCC(=O)N[C@@H](CC(=O)[O-])C(=O)N[C@@H](C)C(=O)N[C@@H](Cc1ccccc1)C(=O)N[C@@H](CC(N)=O)C(=O)N[C@@H](C)C(=O)N[C@@H](C)C(=O)N[C@@H](Cc1ccc(O)cc1)C(=O)[O-]
6rtw	mol2	ok	[O-]C(=O)CCc(o)O[C@H]1CC[C@@]2(C)C(=CC[C@H]3[C@@H]4CC[C@H]([C@H](C)CCCC(C)C)[C@@]4(C)CC[C@H]23)C1	CC(C)CCC[C@@H](C)[C@H]1CC[C@H]2[C@@H]3CC=C4C[C@@H](O[C]([O-])CCC(=O)[O-])CC[C@]4(C)[C@H]3CC[C@]12C
6rvf	mol2	ok	c1cc(cc2c1CO[B@@]2(O)[OH2])NC(=O)Nc1ccccc1	O=C(Nc1ccccc1)Nc1ccc2c(c1)[B@-](O)([OH2+])OC2
6rvk	mol2	ok	c12cc(ccc1CO[B@@]2(O)[OH2])NC(=O)NCc1ccccc1	O=C(NCc1ccccc1)Nc1ccc2c(c1)[B@-](O)([OH2+])OC2
6skb	mol2	ok	c1cc(c(cc1[C@@H]1Cc2ccccc2B(O)O1)OCc1cccnc1)[c]([nH2])[nH2]	NC(=[NH2+])c1ccc([C@@H]2Cc3ccccc3B(O)O2)cc1OCc1cccnc1
6u26	mol2	ok	S1C=CN=C1NC(=O)C[C@]1([NH2+]CCc2cc(OCCOCCNC(=O)[C@@H](Nc(o)OC(C)(C)C)CCC[nH]c(nc(o)OC(C)(C)C)[nH]c(o)OC(C)(C)C)c(Oc3ccc(c(F)c3)c3ccc(cc3)C(=O)[O-])cc12)C	CC(C)(C)O[C]([O-])[N-]/C(N[C]([O-])OC(C)(C)C)=[NH+]\CCC[C@H](N[C]([O-])OC(C)(C)C)C(=O)NCCOCCOc1cc2c(cc1Oc1ccc(-c3ccc(C(=O)[O-])cc3)c(F)c1)[C@@](C)(CC(=O)Nc1nccs1)[NH2+]CC2
6u7o	mol2	ok	c1c(ccc(c1)B([OH2])[OH2])S(=O)(=O)N(C[C@H]([C@H](Cc1ccccc1)Nc(o)O[C@H]1[C@@H]2C[C@H]3[C@@H](OC2)OC[C@@H]13)O)CC(C)C	CC(C)CN(C[C@@H](O)[C@H](Cc1ccccc1)N[C]([O-])O[C@H]1[C@H]2CO[C@H]3OC[C@@H]1[C@H]3C2)S(=O)(=O)c1ccc(B([OH2+])[OH2+])cc1
6u7p	mol2	ok	O=S(=O)(c1ccc(cc1)B([OH2])[OH2])N(CC(C)C)C[C@@H](O)[C@H](Cc1ccccc1)Nc(o)O[C@H]1CCO[C@@H]2[C@H]1CCO2	CC(C)CN(C[C@@H](O)[C@H](Cc1ccccc1)N[C]([O-])O[C@H]1CCO[C@H]2OCC[C@H]21)S(=O)(=O)c1ccc(B([OH2+])[OH2+])cc1
6uhu	mol2	ok	C([B]([OH2])(O)O)CCCC[NH2+]CCC[NH3+]	[NH3+]CCC[NH2+]CCCCC[B-](O)(O)[OH2+]
6upj	mol2	ok	C1(=C(C2=C(Oc1o)CCCCC2)O)[C@H](c1ccccc1)CC	CC[C@H](C1=C(O)C2=C(CCCCC2)O[C]1[O-])c1ccccc1
7cpa	mol2	ok	p([o])(o)(O[C@@H](Cc1ccccc1)C(=O)[O-])[C@@H](NC(=O)[C@@H](Nc(o)OCc1ccccc1)Cc1ccccc1)C(C)C	CC(C)[C@H](NC(=O)[C@H](Cc1ccccc1)N[C]([O-])OCc1ccccc1)[P@@](=O)([O-])O[C@@H](Cc1ccccc1)C(=O)[O-]
7hvp	mol2	ok	O=C(C)N[C@H](C(=O)N[C@H](C(=O)N[C@H](C(=O)N[C@@H](Cc1ccccc1)[C@@H](O)C[N@H+]1CCC[C@H]1C(=O)N[C@H](C(=O)N[C@H](c(o)OC)C(C)C)[C@@H](C)CC)CC(=O)N)CC(C)C)CO	CC[C@H](C)[C@H](NC(=O)[C@@H]1CCC[N@@H+]1C[C@H](O)[C@H](Cc1ccccc1)NC(=O)[C@H](CC(N)=O)NC(=O)[C@H](CC(C)C)NC(=O)[C@H](CO)NC(C)=O)C(=O)N[C@H]([C]([O-])OC)C(C)C
7upj	mol2	ok	C1(=C(C2=C(Oc1o)CCCCCC2)O)[C@H](c1cccc(c1)NS(=O)(=O)c1ccccc1)C1CC1	O=S(=O)(Nc1cccc([C@@H](C2=C(O)C3=C(CCCCCC3)O[C]2[O-])C2CC2)c1)c1ccccc1
8cpa	mol2	ok	p([o])(o)(O[C@@H](Cc1ccccc1)C(=O)[O-])CNC(=O)[C@@H](Nc(o)OCc1ccccc1)C	C[C@H](N[C]([O-])OCc1ccccc1)C(=O)NC[P@@](=O)([O-])O[C@@H](Cc1ccccc1)C(=O)[O-]
9hvp	mol2	ok	oc(OCc1ccccc1)N[C@H](C(=O)N[C@@H](Cc1ccccc1)[C@@H](O)[C@@H](NC(=O)[C@@H](Nc(o)OCc1ccccc1)C(C)C)Cc1ccccc1)C(C)C	CC(C)[C@H](N[C]([O-])OCc1ccccc1)C(=O)N[C@@H](Cc1ccccc1)C(O)[C@H](Cc1ccccc1)NC(=O)[C@@H](N[C]([O-])OCc1ccccc1)C(C)C
